-- phpMyAdmin SQL Dump
-- version 5.1.3
-- https://www.phpmyadmin.net/
--
-- Host: 127.0.0.1
-- Generation Time: Oct 15, 2022 at 04:51 AM
-- Server version: 10.4.24-MariaDB
-- PHP Version: 7.4.29

SET SQL_MODE = "NO_AUTO_VALUE_ON_ZERO";
START TRANSACTION;
SET time_zone = "+00:00";


/*!40101 SET @OLD_CHARACTER_SET_CLIENT=@@CHARACTER_SET_CLIENT */;
/*!40101 SET @OLD_CHARACTER_SET_RESULTS=@@CHARACTER_SET_RESULTS */;
/*!40101 SET @OLD_COLLATION_CONNECTION=@@COLLATION_CONNECTION */;
/*!40101 SET NAMES utf8mb4 */;

--
-- Database: `jrnvrjgbty`
--

-- --------------------------------------------------------

--
-- Table structure for table `booked_rooms`
--

CREATE TABLE `booked_rooms` (
  `booked_room_id` int(11) NOT NULL,
  `booking_id` int(11) NOT NULL,
  `room_id` int(11) NOT NULL,
  `discount_id` int(11) NOT NULL DEFAULT 1,
  `occupant` varchar(255) NOT NULL DEFAULT ' /  / ',
  `check_in` varchar(10) NOT NULL,
  `check_out` varchar(10) NOT NULL,
  `nights` int(11) NOT NULL,
  `extra_bed` int(11) NOT NULL,
  `extra_person` int(11) NOT NULL,
  `change_reason` varchar(300) NOT NULL,
  `process_reason` varchar(255) NOT NULL,
  `processed_by` varchar(100) NOT NULL,
  `booked_room_archived` tinyint(4) NOT NULL,
  `booked_room_added` datetime NOT NULL DEFAULT current_timestamp(),
  `booked_room_updated` datetime DEFAULT NULL ON UPDATE current_timestamp()
) ENGINE=InnoDB DEFAULT CHARSET=utf8mb4;

--
-- Dumping data for table `booked_rooms`
--

INSERT INTO `booked_rooms` (`booked_room_id`, `booking_id`, `room_id`, `discount_id`, `occupant`, `check_in`, `check_out`, `nights`, `extra_bed`, `extra_person`, `change_reason`, `process_reason`, `processed_by`, `booked_room_archived`, `booked_room_added`, `booked_room_updated`) VALUES
(1, 1, 48, 1, ' /  / ', '09/13/2022', '09/14/2022', 1, 0, 0, '', '', '', 0, '2022-09-13 11:53:42', NULL),
(2, 2, 59, 1, ' /  / ', '09/13/2022', '09/14/2022', 1, 0, 0, '', '', '', 0, '2022-09-13 16:21:42', NULL),
(3, 3, 54, 1, ' /  / ', '09/16/2022', '09/18/2022', 2, 0, 0, '', '', '', 0, '2022-09-13 16:33:11', '2022-09-13 16:34:34'),
(4, 4, 56, 1, ' /  / ', '09/16/2022', '09/18/2022', 2, 0, 0, '', '', '', 0, '2022-09-13 16:33:59', '2022-09-13 16:34:55'),
(5, 5, 48, 1, ' /  / ', '09/13/2022', '09/16/2022', 3, 0, 0, '', '', '', 0, '2022-09-13 16:37:06', NULL),
(6, 6, 35, 1, 'ferdinand p. lagoc /  / ', '09/13/2022', '09/14/2022', 1, 0, 0, '', '', '', 0, '2022-09-13 16:39:16', '2022-09-13 16:46:39'),
(7, 6, 36, 1, 'ferdinand p. lagoc /  / ', '09/13/2022', '09/14/2022', 1, 0, 0, '', '', '', 0, '2022-09-13 16:39:32', '2022-09-13 16:46:34'),
(8, 7, 57, 1, ' /  / ', '09/13/2022', '09/14/2022', 1, 0, 0, '', '', '', 0, '2022-09-13 16:42:16', NULL),
(9, 8, 57, 1, ' /  / ', '09/13/2022', '09/14/2022', 1, 0, 0, '', '', '', 0, '2022-09-13 16:43:51', NULL),
(10, 6, 60, 1, 'amarelle joseph santiago / 09153110328 / ', '09/13/2022', '09/14/2022', 1, 0, 0, '', '', '', 0, '2022-09-13 16:44:24', '2022-09-13 16:45:53'),
(11, 9, 45, 1, 'garry ong /  / ', '09/13/2022', '09/14/2022', 1, 0, 0, '', '', '', 0, '2022-09-13 16:50:25', '2022-09-13 16:51:23'),
(12, 9, 46, 1, 'garry ong /  / ', '09/13/2022', '09/14/2022', 1, 0, 0, '', '', '', 0, '2022-09-13 16:50:53', '2022-09-13 16:51:18'),
(13, 10, 41, 1, ' /  / ', '09/13/2022', '09/14/2022', 1, 0, 0, '', '', '', 0, '2022-09-13 19:50:14', NULL),
(14, 11, 58, 1, ' /  / ', '09/13/2022', '09/14/2022', 1, 0, 0, '', '', '', 0, '2022-09-13 19:54:24', NULL),
(15, 12, 61, 1, ' /  / ', '09/13/2022', '09/14/2022', 1, 0, 0, '', '', '', 0, '2022-09-13 21:38:06', NULL),
(16, 13, 38, 1, ' /  / ', '09/13/2022', '09/16/2022', 3, 0, 0, '', '', '', 0, '2022-09-13 21:39:57', '2022-09-15 20:13:27'),
(17, 14, 53, 1, ' /  / ', '09/13/2022', '09/14/2022', 1, 0, 0, '', '', '', 0, '2022-09-13 21:44:37', NULL),
(18, 15, 55, 1, ' /  / ', '09/13/2022', '09/18/2022', 5, 0, 0, '', '', '', 0, '2022-09-13 21:46:43', NULL),
(19, 16, 54, 1, ' /  / ', '09/13/2022', '09/14/2022', 1, 0, 0, '', '', '', 0, '2022-09-13 21:47:44', NULL),
(20, 17, 56, 1, ' /  / ', '09/13/2022', '09/14/2022', 1, 0, 0, '', '', '', 0, '2022-09-13 21:48:27', NULL),
(21, 18, 64, 1, ' /  / ', '09/13/2022', '09/18/2022', 5, 0, 0, '', '', '', 0, '2022-09-13 21:50:51', NULL),
(22, 19, 40, 1, ' /  / ', '09/13/2022', '09/14/2022', 1, 0, 0, '', '', '', 0, '2022-09-14 00:40:49', NULL),
(23, 19, 62, 1, ' /  / ', '09/13/2022', '09/14/2022', 1, 0, 0, '', '', '', 0, '2022-09-14 00:41:20', NULL),
(24, 19, 39, 1, ' /  / ', '09/13/2022', '09/14/2022', 1, 0, 0, '', '...', 'Fernando Egano Jr', 2, '2022-09-14 00:41:32', '2022-09-23 14:40:07'),
(25, 20, 60, 1, ' /  / ', '09/15/2022', '09/16/2022', 1, 0, 0, '', '', '', 0, '2022-09-15 13:13:33', NULL),
(26, 21, 33, 1, ' /  / ', '09/15/2022', '09/16/2022', 1, 0, 0, '', '', '', 0, '2022-09-15 14:09:52', NULL),
(27, 22, 35, 1, ' /  / ', '09/15/2022', '09/16/2022', 1, 0, 0, '', '', '', 0, '2022-09-15 14:26:57', NULL),
(28, 23, 35, 1, ' /  / ', '09/15/2022', '09/16/2022', 1, 0, 0, '', '', '', 0, '2022-09-15 15:44:38', NULL),
(29, 24, 35, 1, ' /  / ', '09/15/2022', '09/16/2022', 1, 0, 0, '', '', '', 0, '2022-09-15 16:02:47', NULL),
(30, 25, 57, 1, ' /  / ', '09/15/2022', '09/16/2022', 1, 0, 0, '', '', '', 0, '2022-09-15 16:52:11', NULL),
(31, 26, 36, 1, ' /  / ', '09/15/2022', '09/16/2022', 1, 0, 0, '', '', '', 0, '2022-09-15 16:55:33', NULL),
(32, 27, 41, 1, ' /  / ', '09/15/2022', '09/16/2022', 1, 0, 0, '', '', '', 0, '2022-09-15 17:03:36', NULL),
(33, 28, 34, 1, ' /  / ', '09/15/2022', '09/16/2022', 1, 0, 0, '', '', '', 0, '2022-09-15 17:13:43', NULL),
(34, 29, 35, 1, ' /  / ', '09/15/2022', '09/16/2022', 1, 0, 0, '', '', '', 0, '2022-09-15 17:37:23', NULL),
(35, 30, 35, 1, ' /  / ', '09/15/2022', '09/16/2022', 1, 0, 0, '', '', '', 0, '2022-09-15 17:37:48', NULL),
(36, 31, 56, 1, ' /  / ', '09/15/2022', '09/16/2022', 1, 0, 0, '', '', '', 0, '2022-09-15 18:31:38', NULL),
(37, 32, 34, 1, ' /  / ', '09/15/2022', '09/16/2022', 1, 0, 0, '', '', '', 0, '2022-09-15 19:38:46', NULL),
(38, 33, 50, 1, ' /  / ', '09/15/2022', '09/16/2022', 1, 2, 0, '', '', '', 0, '2022-09-15 19:41:33', '2022-09-15 19:41:50'),
(39, 34, 32, 1, ' /  / ', '09/15/2022', '09/16/2022', 1, 0, 0, '', '', '', 0, '2022-09-15 19:43:40', NULL),
(40, 35, 31, 1, ' /  / ', '09/15/2022', '09/16/2022', 1, 0, 0, '', '', '', 0, '2022-09-15 19:44:29', NULL),
(41, 36, 61, 1, ' /  / ', '09/15/2022', '09/16/2022', 1, 0, 0, '', '', '', 0, '2022-09-15 19:45:20', NULL),
(42, 37, 30, 1, ' /  / ', '09/15/2022', '09/16/2022', 1, 0, 0, '', '', '', 0, '2022-09-15 19:47:38', NULL),
(43, 38, 29, 1, ' /  / ', '09/15/2022', '09/16/2022', 1, 0, 0, '', '', '', 0, '2022-09-15 19:49:09', NULL),
(44, 39, 35, 1, ' /  / ', '09/15/2022', '09/16/2022', 1, 0, 0, '', '', '', 0, '2022-09-15 19:52:04', NULL),
(45, 40, 36, 1, ' /  / ', '09/15/2022', '09/16/2022', 1, 0, 0, '', '', '', 0, '2022-09-15 19:53:05', NULL),
(46, 41, 45, 1, ' /  / ', '09/15/2022', '09/16/2022', 1, 0, 0, '', '', '', 0, '2022-09-15 19:57:00', NULL),
(47, 42, 46, 1, ' /  / ', '09/15/2022', '09/16/2022', 1, 0, 0, '', '', '', 0, '2022-09-15 19:57:53', NULL),
(48, 43, 42, 1, ' /  / ', '09/15/2022', '09/16/2022', 1, 0, 0, '', '', '', 0, '2022-09-15 20:04:01', NULL),
(49, 44, 58, 1, ' /  / ', '09/15/2022', '09/16/2022', 1, 0, 0, '', '', '', 0, '2022-09-15 20:04:27', NULL),
(50, 45, 43, 1, ' /  / ', '09/15/2022', '09/16/2022', 1, 0, 0, '', '', '', 0, '2022-09-15 20:06:30', NULL),
(51, 46, 44, 1, ' /  / ', '09/15/2022', '09/16/2022', 1, 0, 0, '', '', '', 0, '2022-09-15 20:07:54', NULL),
(52, 47, 37, 1, ' /  / ', '09/15/2022', '09/16/2022', 1, 0, 0, '', '', '', 0, '2022-09-15 20:09:43', NULL),
(53, 48, 59, 1, ' /  / ', '09/15/2022', '09/16/2022', 1, 0, 0, '', '', '', 0, '2022-09-15 20:17:47', NULL),
(54, 49, 62, 1, ' /  / ', '09/15/2022', '09/16/2022', 1, 0, 0, '', '', '', 0, '2022-09-15 20:20:11', NULL),
(55, 50, 39, 1, ' /  / ', '09/15/2022', '09/16/2022', 1, 0, 0, '', '', '', 0, '2022-09-15 20:20:50', NULL),
(56, 51, 40, 1, ' /  / ', '09/15/2022', '09/16/2022', 1, 0, 0, '', '', '', 0, '2022-09-15 20:21:14', NULL),
(57, 52, 35, 1, ' /  / ', '09/17/2022', '09/18/2022', 1, 0, 0, '', '', '', 0, '2022-09-16 20:35:06', NULL),
(58, 53, 36, 1, ' /  / ', '09/17/2022', '09/18/2022', 1, 0, 0, '', '', '', 0, '2022-09-16 20:39:13', NULL),
(59, 54, 57, 1, ' /  / ', '09/17/2022', '09/18/2022', 1, 0, 0, '', '', '', 0, '2022-09-16 20:40:52', NULL),
(60, 55, 48, 1, ' /  / ', '09/20/2022', '09/21/2022', 1, 0, 0, '', '', '', 0, '2022-09-20 06:57:44', NULL),
(61, 56, 48, 1, ' /  / ', '09/20/2022', '09/21/2022', 1, 0, 0, '', '', '', 0, '2022-09-20 06:59:21', NULL),
(62, 57, 35, 1, ' /  / ', '09/22/2022', '09/23/2022', 1, 0, 0, '', '', '', 0, '2022-09-22 12:18:30', NULL),
(63, 58, 48, 1, ' /  / ', '09/23/2022', '09/25/2022', 2, 0, 0, '', '', '', 0, '2022-09-23 14:40:58', NULL),
(64, 59, 32, 1, ' /  / ', '09/24/2022', '09/25/2022', 1, 0, 0, '', '', '', 0, '2022-09-24 07:16:24', NULL),
(65, 60, 57, 1, ' /  / ', '09/24/2022', '09/25/2022', 1, 0, 0, '', '', '', 0, '2022-09-24 09:55:39', NULL),
(66, 61, 57, 1, ' /  / ', '09/24/2022', '09/25/2022', 1, 0, 0, '', '', '', 0, '2022-09-24 09:55:46', NULL),
(67, 62, 31, 1, ' /  / ', '09/24/2022', '09/25/2022', 1, 0, 0, '', '', '', 0, '2022-09-24 10:57:25', NULL),
(68, 63, 34, 1, ' /  / ', '09/24/2022', '09/25/2022', 1, 0, 0, '', '', '', 0, '2022-09-24 11:00:58', NULL),
(69, 64, 33, 2, ' /  / ', '09/25/2022', '09/26/2022', 1, 0, 0, '', '', '', 0, '2022-09-25 11:37:07', '2022-09-25 12:16:15'),
(70, 64, 60, 7, ' /  / ', '09/25/2022', '09/26/2022', 1, 0, 0, '', '', '', 0, '2022-09-25 12:16:00', '2022-09-26 14:18:10'),
(71, 65, 37, 1, ' /  / ', '09/25/2022', '09/26/2022', 1, 0, 0, '', '', '', 0, '2022-09-25 14:32:49', NULL),
(72, 66, 29, 1, ' /  / ', '09/25/2022', '09/26/2022', 1, 0, 0, '', '', '', 0, '2022-09-25 15:27:23', NULL),
(73, 67, 43, 1, ' /  / ', '09/26/2022', '09/29/2022', 3, 0, 0, '', '', '', 0, '2022-09-26 14:23:22', '2022-09-27 08:57:54'),
(74, 68, 31, 1, ' /  / ', '09/26/2022', '09/27/2022', 1, 0, 0, '', 'CHECK OUT', 'Lian Faye M. Daga', 2, '2022-09-26 14:24:57', '2022-09-29 12:52:29'),
(75, 69, 32, 1, ' /  / ', '09/26/2022', '09/27/2022', 1, 0, 0, '', 'CHECK OUT', 'Lian Faye M. Daga', 2, '2022-09-26 14:25:53', '2022-09-29 12:53:29'),
(76, 70, 62, 1, ' /  / ', '09/26/2022', '09/27/2022', 1, 0, 0, '', 'CHECK OUT', 'Lian Faye M. Daga', 2, '2022-09-26 14:26:41', '2022-09-29 12:53:48'),
(77, 71, 29, 1, ' /  / ', '09/26/2022', '09/29/2022', 3, 0, 0, '', 'CHECK OUT', 'Lian Faye M. Daga', 2, '2022-09-26 14:31:38', '2022-09-29 12:51:27'),
(78, 72, 59, 1, ' /  / ', '09/26/2022', '09/29/2022', 3, 0, 0, '', 'CHECK OUT', 'Lian Faye M. Daga', 2, '2022-09-26 14:33:06', '2022-09-29 12:50:57'),
(79, 73, 34, 1, ' /  / ', '09/26/2022', '09/29/2022', 3, 0, 0, '', 'CHECK OUT', 'Lian Faye M. Daga', 2, '2022-09-26 14:36:41', '2022-09-29 12:50:30'),
(80, 74, 33, 1, ' /  / ', '09/26/2022', '09/29/2022', 3, 0, 0, '', '', '', 0, '2022-09-26 14:37:34', '2022-09-27 08:57:08'),
(81, 75, 61, 1, ' /  / ', '09/26/2022', '09/27/2022', 1, 0, 0, '', 'CHECK OUT', 'Lian Faye M. Daga', 2, '2022-09-26 14:38:22', '2022-09-29 12:49:56'),
(82, 76, 30, 1, ' /  / ', '09/26/2022', '09/29/2022', 3, 0, 0, '', 'CHECK OUT', 'Lian Faye M. Daga', 2, '2022-09-26 14:39:01', '2022-09-29 12:48:20'),
(83, 77, 47, 1, ' /  / ', '09/26/2022', '09/27/2022', 1, 0, 0, '', '', '', 0, '2022-09-26 14:40:39', NULL),
(84, 78, 34, 1, ' /  / ', '09/27/2022', '09/29/2022', 2, 0, 0, '', '', '', 0, '2022-09-26 21:59:14', NULL),
(85, 79, 33, 1, ' /  / ', '09/27/2022', '09/28/2022', 1, 0, 0, '', '', '', 0, '2022-09-26 22:00:58', NULL),
(86, 80, 48, 1, ' /  / ', '10/01/2022', '10/02/2022', 1, 0, 0, '', '', '', 0, '2022-09-26 22:19:14', NULL),
(87, 81, 32, 1, ' /  / ', '10/01/2022', '10/02/2022', 1, 0, 0, '', '', '', 0, '2022-09-26 22:20:36', NULL),
(88, 82, 39, 1, ' /  / ', '10/01/2022', '10/02/2022', 1, 0, 0, '', '', '', 0, '2022-09-26 22:21:56', NULL),
(89, 83, 35, 1, ' /  / ', '10/01/2022', '10/02/2022', 1, 0, 0, '', '', '', 0, '2022-09-26 22:22:48', NULL),
(90, 84, 36, 1, ' /  / ', '10/01/2022', '10/02/2022', 1, 0, 0, '', '', '', 0, '2022-09-26 22:23:25', NULL),
(91, 85, 57, 1, ' /  / ', '10/01/2022', '10/02/2022', 1, 0, 0, '', '', '', 0, '2022-09-26 22:23:55', NULL),
(92, 86, 60, 1, ' /  / ', '10/01/2022', '10/02/2022', 1, 0, 0, '', '', '', 0, '2022-09-26 22:24:21', NULL),
(93, 87, 45, 1, ' /  / ', '10/01/2022', '10/02/2022', 1, 0, 0, '', '', '', 0, '2022-09-26 22:25:05', NULL),
(94, 88, 46, 1, ' /  / ', '10/01/2022', '10/02/2022', 1, 0, 0, '', '', '', 0, '2022-09-26 22:25:35', NULL),
(95, 89, 51, 1, ' /  / ', '10/01/2022', '10/02/2022', 1, 0, 0, '', '', '', 0, '2022-09-26 22:26:45', NULL),
(96, 90, 41, 1, ' /  / ', '10/01/2022', '10/02/2022', 1, 0, 0, '', '', '', 0, '2022-09-26 22:27:29', NULL),
(97, 91, 42, 1, ' /  / ', '10/01/2022', '10/02/2022', 1, 0, 0, '', '', '', 0, '2022-09-26 22:28:03', NULL),
(98, 92, 58, 1, ' /  / ', '10/01/2022', '10/02/2022', 1, 0, 0, '', '', '', 0, '2022-09-26 22:28:37', NULL),
(99, 93, 31, 1, ' /  / ', '10/01/2022', '10/02/2022', 1, 0, 0, '', '', '', 0, '2022-09-26 22:29:24', NULL),
(100, 94, 49, 1, ' /  / ', '10/01/2022', '10/02/2022', 1, 0, 0, '', '', '', 0, '2022-09-26 22:30:43', NULL),
(101, 95, 34, 1, ' /  / ', '10/06/2022', '10/07/2022', 1, 0, 0, '', '', '', 0, '2022-09-26 22:44:13', NULL),
(102, 96, 48, 1, ' /  / ', '10/07/2022', '10/08/2022', 1, 0, 0, '', '', '', 0, '2022-09-26 22:48:28', NULL),
(103, 97, 50, 1, ' /  / ', '10/07/2022', '10/08/2022', 1, 0, 0, '', '', '', 0, '2022-09-26 22:50:47', NULL),
(104, 98, 52, 1, ' /  / ', '10/07/2022', '10/08/2022', 1, 0, 0, '', '', '', 0, '2022-09-26 22:56:13', NULL),
(105, 99, 53, 1, ' /  / ', '09/26/2022', '09/29/2022', 3, 0, 0, '', 'CHECK OUT', 'Lian Faye M. Daga', 2, '2022-09-27 07:35:09', '2022-09-29 12:49:07'),
(106, 100, 46, 1, ' /  / ', '09/26/2022', '09/27/2022', 1, 0, 0, '', 'FOR COLLECTIBLES', 'Fernando Egano Jr', 2, '2022-09-27 07:38:49', '2022-09-27 14:32:49'),
(107, 101, 39, 1, ' /  / ', '09/26/2022', '09/27/2022', 1, 0, 0, '', '', '', 0, '2022-09-27 07:42:03', NULL),
(108, 102, 56, 1, ' /  / ', '09/26/2022', '09/27/2022', 1, 0, 0, '', '', '', 0, '2022-09-27 07:43:13', NULL),
(109, 103, 50, 1, ' /  / ', '09/26/2022', '09/28/2022', 2, 0, 0, '', '', '', 0, '2022-09-27 07:45:51', NULL),
(110, 104, 41, 1, ' /  / ', '09/26/2022', '09/27/2022', 1, 0, 0, '', 'FOR COLLECTIBLES', 'Fernando Egano Jr', 2, '2022-09-27 07:47:53', '2022-09-27 14:33:11'),
(111, 105, 40, 1, ' /  / ', '09/26/2022', '09/27/2022', 1, 0, 0, '', '', '', 0, '2022-09-27 07:49:13', '2022-09-27 08:11:43'),
(112, 106, 51, 1, ' /  / ', '09/26/2022', '09/28/2022', 2, 0, 0, '', '', '', 0, '2022-09-27 07:51:05', NULL),
(113, 107, 36, 1, ' /  / ', '09/26/2022', '09/27/2022', 1, 0, 0, '', 'FOR COLLECTIBLES', 'Fernando Egano Jr', 2, '2022-09-27 07:53:39', '2022-09-27 14:31:58'),
(114, 108, 42, 1, ' /  / ', '09/26/2022', '09/28/2022', 2, 0, 0, '', '', '', 0, '2022-09-27 07:55:16', NULL),
(115, 109, 35, 1, ' /  / ', '09/26/2022', '09/27/2022', 1, 0, 0, '', 'COLLECTIBLES', 'Fernando Egano Jr', 2, '2022-09-27 07:58:19', '2022-09-27 14:26:53'),
(116, 110, 44, 1, ' /  / ', '09/26/2022', '09/28/2022', 2, 0, 0, '', '', '', 0, '2022-09-27 07:59:33', NULL),
(117, 111, 60, 1, ' /  / ', '09/26/2022', '09/28/2022', 2, 0, 0, '', '', '', 0, '2022-09-27 08:01:04', NULL),
(118, 112, 58, 1, ' /  / ', '09/26/2022', '09/27/2022', 1, 0, 0, '', 'FOR COLLECTIBLES', 'Fernando Egano Jr', 2, '2022-09-27 08:02:32', '2022-09-27 14:33:40'),
(119, 113, 45, 1, ' /  / ', '09/26/2022', '09/27/2022', 1, 0, 0, '', 'FOR COLLECTIBLES', 'Fernando Egano Jr', 2, '2022-09-27 08:04:51', '2022-09-27 14:32:30'),
(120, 114, 52, 1, ' /  / ', '09/26/2022', '09/28/2022', 2, 0, 0, '', '', '', 0, '2022-09-27 08:06:05', NULL),
(121, 115, 38, 1, ' /  / ', '09/26/2022', '09/27/2022', 1, 0, 0, '', '', '', 0, '2022-09-27 08:07:53', NULL),
(122, 115, 38, 1, ' /  / ', '09/27/2022', '09/28/2022', 1, 0, 0, '', '', '', 0, '2022-09-27 08:08:44', NULL),
(123, 116, 49, 1, ' /  / ', '09/26/2022', '09/28/2022', 2, 0, 0, '', '', '', 0, '2022-09-27 08:12:42', NULL),
(124, 117, 54, 1, ' /  / ', '09/26/2022', '09/28/2022', 2, 0, 0, '', '', '', 0, '2022-09-27 08:13:54', NULL),
(125, 118, 37, 1, ' /  / ', '09/26/2022', '09/28/2022', 2, 0, 0, '', '', '', 0, '2022-09-27 08:14:57', NULL),
(126, 77, 47, 1, ' /  / ', '09/27/2022', '09/28/2022', 1, 0, 0, '', '', '', 0, '2022-09-27 08:17:21', NULL),
(127, 101, 39, 1, ' /  / ', '09/27/2022', '09/28/2022', 1, 0, 0, '', '', '', 0, '2022-09-27 08:18:16', NULL),
(128, 105, 40, 1, ' /  / ', '09/27/2022', '09/28/2022', 1, 0, 0, '', '', '', 0, '2022-09-27 08:18:57', NULL),
(129, 102, 56, 1, ' /  / ', '09/27/2022', '09/28/2022', 1, 0, 0, '', '', '', 0, '2022-09-27 08:19:41', NULL),
(130, 74, 33, 1, ' /  / ', '09/28/2022', '09/29/2022', 1, 0, 0, '', '', '', 0, '2022-09-27 08:20:58', NULL),
(131, 69, 32, 1, ' /  / ', '09/27/2022', '09/29/2022', 2, 0, 0, '', 'CHECK OUT', 'Lian Faye M. Daga', 2, '2022-09-27 08:22:15', '2022-09-29 12:53:24'),
(132, 68, 31, 1, ' /  / ', '09/27/2022', '09/29/2022', 2, 0, 0, '', 'CHECK OUT', 'Lian Faye M. Daga', 2, '2022-09-27 08:22:51', '2022-09-29 12:52:23'),
(133, 75, 61, 1, ' /  / ', '09/27/2022', '09/29/2022', 2, 0, 0, '', 'CHECK OUT', 'Lian Faye M. Daga', 2, '2022-09-27 08:24:04', '2022-09-29 12:49:50'),
(134, 119, 57, 1, ' /  / ', '09/26/2022', '09/27/2022', 1, 0, 0, '', '', '', 0, '2022-09-27 08:28:45', NULL),
(135, 120, 55, 1, ' /  / ', '09/26/2022', '09/27/2022', 1, 0, 0, '', '', '', 0, '2022-09-27 08:31:38', NULL),
(136, 121, 63, 1, ' /  / ', '09/26/2022', '09/27/2022', 1, 1, 0, '', '', '', 0, '2022-09-27 08:38:35', '2022-09-27 08:43:26'),
(137, 122, 64, 1, ' /  / ', '09/26/2022', '09/30/2022', 4, 0, 0, '', '', '', 0, '2022-09-27 08:47:38', '2022-09-27 17:45:12'),
(138, 123, 48, 1, ' /  / ', '09/27/2022', '09/28/2022', 1, 0, 0, '', '', '', 0, '2022-09-27 09:03:19', NULL),
(139, 124, 48, 1, ' /  / ', '09/27/2022', '09/28/2022', 1, 0, 0, '', '', '', 0, '2022-09-27 09:06:06', NULL),
(140, 125, 35, 1, ' /  / ', '09/27/2022', '10/01/2022', 4, 0, 0, '', '', '', 0, '2022-09-27 09:10:52', '2022-09-27 09:27:12'),
(141, 126, 36, 1, ' /  / ', '09/27/2022', '10/01/2022', 4, 0, 0, '', '', '', 0, '2022-09-27 09:11:26', '2022-09-27 09:27:25'),
(142, 127, 57, 1, ' /  / ', '09/27/2022', '09/28/2022', 1, 0, 0, '', '', '', 0, '2022-09-27 09:13:29', NULL),
(143, 128, 57, 1, ' /  / ', '09/27/2022', '09/28/2022', 1, 0, 0, '', '', '', 0, '2022-09-27 09:15:36', NULL),
(144, 129, 57, 1, ' /  / ', '09/27/2022', '10/01/2022', 4, 0, 0, '', '', '', 0, '2022-09-27 09:16:31', '2022-09-27 09:27:34'),
(145, 130, 45, 1, ' /  / ', '09/27/2022', '10/01/2022', 4, 0, 0, '', '', '', 0, '2022-09-27 09:17:32', '2022-09-27 09:29:21'),
(146, 131, 46, 1, ' /  / ', '09/27/2022', '10/01/2022', 4, 0, 0, '', '', '', 0, '2022-09-27 09:18:02', '2022-09-27 09:29:44'),
(147, 132, 41, 1, ' /  / ', '09/27/2022', '10/01/2022', 4, 0, 0, '', '', '', 0, '2022-09-27 09:18:47', '2022-09-27 09:29:55'),
(148, 133, 57, 1, ' /  / ', '09/27/2022', '09/28/2022', 1, 0, 0, '', '', '', 0, '2022-09-27 09:21:11', '2022-09-27 15:49:04'),
(149, 134, 63, 1, ' /  / ', '09/27/2022', '09/29/2022', 2, 0, 0, '', '', '', 0, '2022-09-27 09:22:30', '2022-09-27 09:22:47'),
(150, 135, 62, 1, ' /  / ', '09/27/2022', '09/29/2022', 2, 0, 0, '', '', '', 0, '2022-09-27 09:24:48', NULL),
(151, 136, 55, 1, ' /  / ', '09/27/2022', '09/28/2022', 1, 0, 0, '', '', '', 0, '2022-09-27 09:31:20', NULL),
(152, 137, 58, 1, ' /  / ', '09/27/2022', '09/28/2022', 1, 0, 0, '', '', '', 0, '2022-09-27 12:47:50', NULL),
(153, 138, 58, 1, ' /  / ', '09/27/2022', '09/28/2022', 1, 0, 0, '', '', '', 0, '2022-09-27 12:49:04', NULL),
(154, 139, 63, 1, ' /  / ', '09/27/2022', '09/28/2022', 1, 0, 0, '', '', '', 0, '2022-09-27 13:37:57', NULL),
(155, 140, 57, 1, ' /  / ', '09/28/2022', '09/29/2022', 1, 0, 0, '', '', '', 0, '2022-09-27 15:50:21', NULL),
(156, 141, 51, 1, ' /  / ', '09/28/2022', '09/29/2022', 1, 0, 0, '', '', '', 0, '2022-09-27 15:52:53', NULL),
(157, 142, 42, 1, ' /  / ', '09/28/2022', '10/01/2022', 3, 0, 0, '', '', '', 0, '2022-09-27 15:54:35', '2022-09-27 16:05:21'),
(158, 143, 58, 1, ' /  / ', '09/28/2022', '09/29/2022', 1, 0, 0, '', '', '', 0, '2022-09-27 16:04:40', NULL),
(159, 144, 37, 1, ' /  / ', '09/28/2022', '10/01/2022', 3, 0, 0, '', '', '', 0, '2022-09-27 16:06:11', NULL),
(160, 145, 38, 1, ' /  / ', '09/28/2022', '10/01/2022', 3, 0, 0, '', '', '', 0, '2022-09-27 16:06:44', NULL),
(161, 146, 39, 1, ' /  / ', '09/28/2022', '09/29/2022', 1, 0, 0, '', '', '', 0, '2022-09-27 16:08:31', NULL),
(162, 147, 40, 1, ' /  / ', '09/28/2022', '09/29/2022', 1, 0, 0, '', '', '', 0, '2022-09-27 16:12:05', NULL),
(163, 148, 63, 1, ' /  / ', '09/28/2022', '09/30/2022', 2, 0, 0, '', '', '', 0, '2022-09-27 16:13:05', NULL),
(164, 149, 55, 1, ' /  / ', '09/28/2022', '09/29/2022', 1, 0, 0, '', '', '', 0, '2022-09-27 16:14:10', NULL),
(165, 150, 54, 1, ' /  / ', '09/28/2022', '09/29/2022', 1, 0, 0, '', '', '', 0, '2022-09-27 16:15:07', NULL),
(166, 151, 48, 1, ' /  / ', '09/29/2022', '09/30/2022', 1, 0, 0, '', '', '', 0, '2022-09-27 16:17:41', NULL),
(167, 152, 57, 1, ' /  / ', '09/29/2022', '09/30/2022', 1, 0, 0, '', '', '', 0, '2022-09-27 16:18:58', NULL),
(168, 153, 34, 1, ' /  / ', '09/29/2022', '10/01/2022', 2, 0, 0, '', '', '', 0, '2022-09-27 16:56:49', NULL),
(169, 154, 33, 1, ' /  / ', '09/29/2022', '10/01/2022', 2, 0, 0, '', '', '', 0, '2022-09-27 16:58:17', NULL),
(170, 155, 60, 1, ' /  / ', '09/29/2022', '10/01/2022', 2, 0, 0, '', '', '', 0, '2022-09-27 17:00:20', NULL),
(171, 156, 58, 1, ' /  / ', '09/29/2022', '10/01/2022', 2, 0, 0, '', '', '', 0, '2022-09-27 17:01:03', NULL),
(172, 157, 32, 1, ' /  / ', '09/29/2022', '10/06/2022', 7, 0, 0, '', '', '', 0, '2022-09-27 17:02:13', NULL),
(173, 158, 31, 1, ' /  / ', '09/29/2022', '09/30/2022', 1, 0, 0, '', '', '', 0, '2022-09-27 17:03:37', NULL),
(174, 159, 59, 1, ' /  / ', '09/29/2022', '10/01/2022', 2, 0, 0, '', '', '', 0, '2022-09-27 17:18:06', NULL),
(175, 160, 30, 1, ' /  / ', '09/29/2022', '10/06/2022', 7, 0, 0, '', '', '', 0, '2022-09-27 17:36:26', '2022-09-29 10:25:59'),
(176, 161, 29, 1, ' /  / ', '09/29/2022', '10/01/2022', 2, 0, 0, '', '', '', 0, '2022-09-27 17:37:32', NULL),
(177, 162, 62, 1, ' /  / ', '09/29/2022', '10/01/2022', 2, 0, 0, '', '', '', 0, '2022-09-27 17:37:58', NULL),
(178, 163, 39, 1, ' /  / ', '09/29/2022', '10/01/2022', 2, 0, 0, '', '', '', 0, '2022-09-27 17:38:17', NULL),
(179, 164, 40, 1, ' /  / ', '09/29/2022', '10/01/2022', 2, 0, 0, '', '', '', 0, '2022-09-27 17:38:38', NULL),
(180, 165, 54, 1, ' /  / ', '09/29/2022', '10/01/2022', 2, 0, 0, '', '', '', 0, '2022-09-27 17:41:19', NULL),
(181, 166, 56, 1, ' /  / ', '09/29/2022', '10/01/2022', 2, 0, 0, '', '', '', 0, '2022-09-27 17:42:29', NULL),
(182, 167, 51, 1, ' /  / ', '09/29/2022', '09/30/2022', 1, 0, 0, '', '', '', 0, '2022-09-27 19:31:27', NULL),
(183, 168, 61, 1, ' /  / ', '09/29/2022', '10/01/2022', 2, 0, 0, '', '', '', 0, '2022-09-27 19:32:26', NULL),
(184, 169, 43, 1, ' /  / ', '09/29/2022', '10/01/2022', 2, 0, 0, '', '', '', 0, '2022-09-27 19:33:40', NULL),
(185, 170, 44, 1, ' /  / ', '09/29/2022', '10/01/2022', 2, 0, 0, '', '', '', 0, '2022-09-27 19:34:01', '2022-09-27 19:34:55'),
(186, 171, 55, 1, ' /  / ', '09/29/2022', '10/01/2022', 2, 0, 0, '', '', '', 0, '2022-09-27 19:37:21', NULL),
(187, 172, 56, 1, ' /  / ', '09/29/2022', '09/30/2022', 1, 0, 0, '', '', '', 0, '2022-09-27 19:38:00', NULL),
(188, 173, 48, 1, ' /  / ', '09/30/2022', '10/01/2022', 1, 0, 0, '', '', '', 0, '2022-09-27 19:39:45', NULL),
(189, 174, 57, 1, ' /  / ', '09/30/2022', '10/01/2022', 1, 0, 0, '', '', '', 0, '2022-09-27 19:40:50', NULL),
(190, 175, 50, 1, ' /  / ', '09/30/2022', '10/01/2022', 1, 0, 0, '', '', '', 0, '2022-09-27 19:42:59', NULL),
(191, 176, 56, 1, ' /  / ', '09/29/2022', '10/01/2022', 2, 0, 0, '', '', '', 0, '2022-09-27 20:02:17', NULL),
(192, 177, 55, 1, ' /  / ', '09/29/2022', '09/30/2022', 1, 0, 0, '', '', '', 0, '2022-09-27 20:03:56', NULL),
(193, 178, 63, 1, ' /  / ', '09/30/2022', '10/01/2022', 1, 0, 0, '', '', '', 0, '2022-09-27 20:05:00', NULL),
(194, 179, 55, 1, ' /  / ', '09/30/2022', '10/01/2022', 1, 0, 0, '', '', '', 0, '2022-09-27 20:05:58', NULL),
(195, 180, 47, 1, ' /  / ', '09/30/2022', '10/01/2022', 1, 0, 0, '', '', '', 0, '2022-09-27 20:07:00', NULL),
(196, 181, 36, 1, ' /  / ', '09/27/2022', '09/28/2022', 1, 0, 0, '', '', '', 0, '2022-09-27 20:21:46', NULL),
(197, 182, 55, 1, ' /  / ', '09/27/2022', '09/28/2022', 1, 0, 0, '', '', '', 0, '2022-09-27 20:22:53', NULL),
(198, 183, 35, 1, ' /  / ', '09/30/2022', '10/01/2022', 1, 0, 0, '', '', '', 0, '2022-09-27 20:26:19', NULL),
(199, 184, 50, 1, ' /  / ', '09/29/2022', '09/30/2022', 1, 0, 0, '', '', '', 0, '2022-09-29 10:17:54', NULL),
(200, 185, 38, 1, ' /  / ', '09/29/2022', '09/30/2022', 1, 0, 0, '', '', '', 0, '2022-09-29 10:19:47', NULL),
(201, 186, 36, 1, ' /  / ', '09/29/2022', '09/30/2022', 1, 0, 0, '', '', '', 0, '2022-09-29 10:21:38', NULL),
(202, 187, 58, 1, ' /  / ', '09/29/2022', '09/30/2022', 1, 0, 0, '', '', '', 0, '2022-09-29 10:23:02', NULL),
(203, 188, 63, 1, ' /  / ', '09/28/2022', '09/30/2022', 2, 0, 0, '', '', '', 0, '2022-09-29 10:29:39', NULL),
(204, 189, 63, 1, ' /  / ', '09/29/2022', '09/30/2022', 1, 0, 0, '', '', '', 0, '2022-09-29 10:31:34', NULL),
(205, 190, 39, 1, ' /  / ', '09/30/2022', '10/01/2022', 1, 0, 0, '', '', '', 0, '2022-09-29 10:35:47', NULL),
(206, 191, 53, 1, ' /  / ', '09/29/2022', '10/01/2022', 2, 0, 0, '', '', '', 0, '2022-09-29 10:41:26', NULL),
(207, 192, 59, 1, ' /  / ', '09/30/2022', '10/01/2022', 1, 0, 0, '', '', '', 0, '2022-09-29 10:48:27', NULL),
(208, 193, 38, 1, ' /  / ', '09/30/2022', '10/01/2022', 1, 0, 0, '', '', '', 0, '2022-09-29 10:48:55', NULL),
(209, 194, 36, 1, ' /  / ', '09/30/2022', '10/01/2022', 1, 0, 0, '', '', '', 0, '2022-09-30 08:32:58', NULL),
(210, 195, 34, 1, ' /  / ', '09/30/2022', '10/01/2022', 1, 0, 0, '', '', '', 0, '2022-09-30 08:33:59', NULL),
(211, 196, 60, 1, ' /  / ', '09/30/2022', '10/01/2022', 1, 0, 0, '', '', '', 0, '2022-09-30 08:35:26', NULL),
(212, 197, 45, 1, ' /  / ', '09/30/2022', '10/01/2022', 1, 0, 0, '', '', '', 0, '2022-09-30 08:37:30', NULL),
(213, 198, 46, 1, ' /  / ', '09/30/2022', '10/01/2022', 1, 0, 0, '', '', '', 0, '2022-09-30 08:38:55', NULL),
(214, 199, 51, 1, ' /  / ', '09/30/2022', '10/01/2022', 1, 0, 0, '', '', '', 0, '2022-09-30 08:40:53', NULL),
(215, 200, 41, 1, ' /  / ', '09/30/2022', '10/01/2022', 1, 0, 0, '', '', '', 0, '2022-09-30 08:42:12', NULL),
(216, 201, 61, 1, ' /  / ', '09/30/2022', '10/01/2022', 1, 0, 0, '', '', '', 0, '2022-09-30 08:43:12', NULL),
(217, 202, 38, 1, ' /  / ', '09/30/2022', '10/01/2022', 1, 0, 0, '', '', '', 0, '2022-09-30 08:45:09', NULL),
(218, 203, 30, 1, ' /  / ', '09/30/2022', '10/01/2022', 1, 0, 0, '', '', '', 0, '2022-09-30 08:45:55', NULL),
(219, 204, 29, 1, ' /  / ', '09/30/2022', '10/01/2022', 1, 0, 0, '', '', '', 0, '2022-09-30 08:46:46', NULL),
(220, 205, 62, 1, ' /  / ', '09/30/2022', '10/01/2022', 1, 0, 0, '', '', '', 0, '2022-09-30 08:47:37', NULL),
(221, 206, 40, 1, ' /  / ', '09/30/2022', '10/01/2022', 1, 0, 0, '', '', '', 0, '2022-09-30 09:41:03', NULL),
(222, 207, 44, 1, ' /  / ', '09/30/2022', '10/01/2022', 1, 0, 0, '', '', '', 0, '2022-09-30 09:52:04', NULL),
(223, 208, 61, 1, ' /  / ', '09/30/2022', '10/01/2022', 1, 0, 0, '', '', '', 0, '2022-09-30 10:55:33', NULL),
(225, 210, 34, 1, ' /  / ', '10/01/2022', '10/02/2022', 1, 0, 0, '', '', '', 0, '2022-10-01 04:26:27', NULL),
(226, 211, 33, 1, ' /  / ', '10/01/2022', '10/02/2022', 1, 0, 0, '', '', '', 0, '2022-10-01 04:28:00', NULL),
(227, 212, 50, 1, ' /  / ', '10/01/2022', '10/02/2022', 1, 0, 0, '', 'CHECK OUT', 'Lian Faye M. Daga', 2, '2022-10-01 04:40:15', '2022-10-02 10:22:10'),
(228, 213, 61, 1, ' /  / ', '10/01/2022', '10/02/2022', 1, 0, 0, '', 'CHECK OUT', 'Lian Faye M. Daga', 2, '2022-10-01 04:41:55', '2022-10-02 10:11:07'),
(229, 214, 43, 1, ' /  / ', '10/01/2022', '10/02/2022', 1, 0, 0, '', '', '', 0, '2022-10-01 04:42:57', NULL),
(230, 215, 44, 1, ' /  / ', '10/01/2022', '10/02/2022', 1, 0, 0, '', '', '', 0, '2022-10-01 04:43:57', NULL),
(231, 216, 52, 1, ' /  / ', '10/01/2022', '10/02/2022', 1, 0, 0, '', '', '', 0, '2022-10-01 04:46:06', NULL),
(232, 217, 47, 1, ' /  / ', '10/01/2022', '10/02/2022', 1, 0, 0, '', '', '', 0, '2022-10-01 04:46:59', NULL),
(233, 218, 37, 1, ' /  / ', '10/01/2022', '10/02/2022', 1, 0, 0, '', '', '', 0, '2022-10-01 04:48:24', NULL),
(234, 219, 38, 1, ' /  / ', '10/01/2022', '10/02/2022', 1, 0, 0, '', '', '', 0, '2022-10-01 04:50:15', NULL),
(235, 220, 59, 1, ' /  / ', '10/01/2022', '10/02/2022', 1, 0, 0, '', '', '', 0, '2022-10-01 04:52:54', NULL),
(236, 221, 48, 1, ' /  / ', '10/01/2022', '10/02/2022', 1, 0, 0, '', '', '', 0, '2022-10-01 07:22:44', NULL),
(237, 222, 35, 1, ' /  / ', '10/01/2022', '10/02/2022', 1, 0, 0, '', '', '', 0, '2022-10-01 07:23:05', NULL),
(238, 223, 35, 1, ' /  / ', '10/01/2022', '10/02/2022', 1, 0, 0, '', '', '', 0, '2022-10-01 07:23:41', NULL),
(239, 224, 48, 1, ' /  / ', '10/01/2022', '10/02/2022', 1, 0, 0, '', '', '', 0, '2022-10-01 07:24:49', NULL),
(240, 225, 35, 1, ' /  / ', '10/01/2022', '10/02/2022', 1, 0, 0, '', '', '', 0, '2022-10-01 07:25:10', NULL),
(241, 226, 35, 1, ' /  / ', '10/01/2022', '10/02/2022', 1, 0, 0, '', '', '', 0, '2022-10-01 07:25:51', NULL),
(242, 227, 35, 1, ' /  / ', '10/01/2022', '10/02/2022', 1, 0, 0, '', '', '', 0, '2022-10-01 07:28:12', NULL),
(243, 228, 36, 1, ' /  / ', '10/01/2022', '10/02/2022', 1, 0, 0, '', '', '', 0, '2022-10-01 07:29:16', NULL),
(244, 229, 48, 1, ' /  / ', '10/01/2022', '10/02/2022', 1, 0, 0, '', '', '', 0, '2022-10-01 08:20:11', NULL),
(245, 230, 57, 1, ' /  / ', '10/01/2022', '10/02/2022', 1, 0, 0, '', '', '', 0, '2022-10-01 08:22:42', NULL),
(246, 231, 45, 1, ' /  / ', '10/01/2022', '10/02/2022', 1, 0, 0, '', '', '', 0, '2022-10-01 08:25:24', NULL),
(247, 232, 41, 1, ' /  / ', '10/01/2022', '10/02/2022', 1, 0, 0, '', 'CHECK OUT', 'Fernando Egano Jr', 2, '2022-10-01 08:29:00', '2022-10-02 08:21:24'),
(248, 233, 42, 1, ' /  / ', '10/01/2022', '10/02/2022', 1, 0, 0, '', '', '', 0, '2022-10-01 08:29:59', NULL),
(249, 234, 58, 1, ' /  / ', '10/01/2022', '10/02/2022', 1, 0, 0, '', 'CHECK OUT', 'Lian Faye M. Daga', 2, '2022-10-01 08:39:13', '2022-10-02 10:07:32'),
(250, 235, 32, 1, ' /  / ', '10/01/2022', '10/02/2022', 1, 0, 0, '', '', '', 0, '2022-10-01 08:41:39', NULL),
(251, 236, 31, 1, ' /  / ', '10/01/2022', '10/02/2022', 1, 0, 0, '', '', '', 0, '2022-10-01 08:42:22', NULL),
(252, 237, 44, 1, ' /  / ', '10/01/2022', '10/02/2022', 1, 0, 0, '', 'CHECK OUT', 'Lian Faye M. Daga', 2, '2022-10-01 08:43:52', '2022-10-02 08:24:08'),
(253, 238, 30, 1, ' /  / ', '10/01/2022', '10/02/2022', 1, 0, 0, '', '', '', 0, '2022-10-01 08:46:23', NULL),
(254, 239, 29, 1, ' /  / ', '10/01/2022', '10/02/2022', 1, 0, 0, '', 'CHECK OUT', 'Lian Faye M. Daga', 2, '2022-10-01 08:47:28', '2022-10-02 10:12:12'),
(255, 240, 40, 1, ' /  / ', '10/01/2022', '10/02/2022', 1, 0, 0, '', '', '', 0, '2022-10-01 11:10:58', NULL),
(256, 241, 63, 1, ' /  / ', '10/01/2022', '10/02/2022', 1, 1, 0, '', '', '', 0, '2022-10-01 11:12:54', '2022-10-02 10:15:02'),
(257, 242, 55, 1, ' /  / ', '10/01/2022', '10/02/2022', 1, 0, 0, '', '', '', 0, '2022-10-01 11:13:50', NULL),
(258, 243, 64, 1, ' /  / ', '10/01/2022', '10/02/2022', 1, 0, 0, '', '', '', 0, '2022-10-01 11:14:20', NULL),
(259, 244, 60, 1, ' /  / ', '10/01/2022', '10/02/2022', 1, 0, 0, '', '', '', 0, '2022-10-01 16:16:39', NULL),
(260, 245, 46, 1, ' /  / ', '10/01/2022', '10/02/2022', 1, 0, 0, '', '', '', 0, '2022-10-01 16:17:43', NULL),
(261, 246, 62, 1, ' /  / ', '10/01/2022', '10/02/2022', 1, 0, 0, '', '', '', 0, '2022-10-01 16:31:18', NULL),
(262, 247, 53, 1, ' /  / ', '10/01/2022', '10/02/2022', 1, 0, 0, '', 'CHECK OUT', 'Lian Faye M. Daga', 2, '2022-10-01 16:36:50', '2022-10-02 10:12:47'),
(263, 248, 54, 1, ' /  / ', '10/01/2022', '10/02/2022', 1, 0, 0, '', '', '', 0, '2022-10-01 16:37:57', NULL),
(264, 249, 56, 1, ' /  / ', '10/01/2022', '10/02/2022', 1, 0, 0, '', '', '', 0, '2022-10-01 16:38:58', NULL),
(265, 246, 62, 1, ' /  / ', '10/02/2022', '10/03/2022', 1, 0, 0, '', '', '', 0, '2022-10-02 06:33:16', NULL),
(266, 216, 52, 1, ' /  / ', '10/02/2022', '10/03/2022', 1, 0, 0, '', '', '', 0, '2022-10-02 06:34:03', NULL),
(267, 250, 48, 1, ' /  / ', '10/02/2022', '10/03/2022', 1, 0, 0, '', '', '', 0, '2022-10-02 20:39:06', NULL),
(268, 251, 35, 1, ' /  / ', '10/02/2022', '10/03/2022', 1, 0, 0, '', '', '', 0, '2022-10-02 20:40:36', NULL),
(269, 252, 36, 1, ' /  / ', '10/02/2022', '10/03/2022', 1, 0, 0, '', '', '', 0, '2022-10-02 20:41:48', NULL),
(270, 253, 57, 1, ' /  / ', '10/02/2022', '10/03/2022', 1, 0, 0, '', '', '', 0, '2022-10-02 20:42:11', NULL),
(271, 254, 34, 1, ' /  / ', '10/02/2022', '10/03/2022', 1, 0, 0, '', '', '', 0, '2022-10-02 20:43:26', NULL),
(272, 255, 33, 1, ' /  / ', '10/02/2022', '10/04/2022', 2, 0, 0, '', '', '', 0, '2022-10-02 20:44:44', NULL),
(273, 256, 60, 1, ' /  / ', '10/02/2022', '10/03/2022', 1, 0, 0, '', '', '', 0, '2022-10-02 20:45:29', NULL),
(274, 257, 45, 1, ' /  / ', '10/02/2022', '10/04/2022', 2, 0, 0, '', '', '', 0, '2022-10-02 20:46:23', NULL),
(275, 258, 46, 1, ' /  / ', '10/02/2022', '10/04/2022', 2, 0, 0, '', '', '', 0, '2022-10-02 20:47:04', NULL),
(276, 259, 50, 1, ' /  / ', '10/02/2022', '10/03/2022', 1, 0, 0, '', '', '', 0, '2022-10-02 20:47:53', NULL),
(277, 260, 51, 1, ' /  / ', '10/02/2022', '10/03/2022', 1, 0, 0, '', '', '', 0, '2022-10-02 20:48:43', NULL),
(278, 261, 41, 1, ' /  / ', '10/02/2022', '10/03/2022', 1, 0, 0, '', '', '', 0, '2022-10-02 20:49:36', NULL),
(279, 262, 42, 1, ' /  / ', '10/02/2022', '10/03/2022', 1, 0, 0, '', '', '', 0, '2022-10-02 20:50:07', NULL),
(280, 263, 58, 1, ' /  / ', '10/02/2022', '10/04/2022', 2, 0, 0, '', '', '', 0, '2022-10-02 20:52:20', NULL),
(281, 264, 32, 1, ' /  / ', '10/02/2022', '10/04/2022', 2, 0, 0, '', '', '', 0, '2022-10-02 20:54:23', NULL),
(282, 265, 31, 1, ' /  / ', '10/02/2022', '10/03/2022', 1, 0, 0, '', '', '', 0, '2022-10-02 20:54:52', NULL),
(283, 266, 61, 1, ' /  / ', '10/02/2022', '10/03/2022', 1, 0, 0, '', '', '', 0, '2022-10-02 20:56:38', NULL),
(284, 267, 43, 1, ' /  / ', '10/02/2022', '10/03/2022', 1, 0, 0, '', '', '', 0, '2022-10-02 21:12:01', NULL),
(285, 268, 48, 1, ' /  / ', '10/04/2022', '10/05/2022', 1, 0, 0, '', '', '', 0, '2022-10-03 19:35:04', NULL),
(286, 269, 35, 1, ' /  / ', '10/04/2022', '10/05/2022', 1, 0, 0, '', '', '', 0, '2022-10-03 19:38:11', NULL),
(287, 270, 51, 1, ' /  / ', '10/03/2022', '10/04/2022', 1, 0, 0, '', '', '', 0, '2022-10-03 20:50:25', NULL),
(288, 271, 31, 1, ' /  / ', '10/03/2022', '10/04/2022', 1, 0, 0, '', '', '', 0, '2022-10-03 20:51:33', NULL),
(289, 272, 41, 1, ' /  / ', '10/03/2022', '10/04/2022', 1, 0, 0, '', '', '', 0, '2022-10-03 20:52:33', NULL),
(290, 273, 61, 1, ' /  / ', '10/03/2022', '10/04/2022', 1, 0, 0, '', '', '', 0, '2022-10-03 20:52:51', NULL),
(291, 274, 43, 1, ' /  / ', '10/03/2022', '10/04/2022', 1, 0, 0, '', '', '', 0, '2022-10-03 20:53:29', NULL),
(292, 275, 44, 1, ' /  / ', '10/03/2022', '10/04/2022', 1, 0, 0, '', '', '', 0, '2022-10-03 20:54:10', NULL),
(293, 276, 52, 1, ' /  / ', '10/03/2022', '10/04/2022', 1, 0, 0, '', '', '', 0, '2022-10-03 20:54:41', NULL),
(294, 277, 47, 1, ' /  / ', '10/03/2022', '10/04/2022', 1, 0, 0, '', '', '', 0, '2022-10-03 20:57:17', NULL),
(295, 278, 37, 1, ' /  / ', '10/03/2022', '10/04/2022', 1, 0, 0, '', '', '', 0, '2022-10-03 20:58:11', NULL),
(296, 279, 38, 1, ' /  / ', '10/03/2022', '10/04/2022', 1, 0, 0, '', '', '', 0, '2022-10-03 21:00:54', NULL),
(297, 280, 59, 1, ' /  / ', '10/03/2022', '10/04/2022', 1, 0, 0, '', '', '', 0, '2022-10-03 21:05:47', NULL),
(298, 281, 30, 1, ' /  / ', '10/03/2022', '10/04/2022', 1, 0, 0, '', '', '', 0, '2022-10-03 21:06:34', NULL),
(299, 282, 48, 1, ' /  / ', '10/03/2022', '10/04/2022', 1, 0, 0, '', '', '', 0, '2022-10-04 04:27:46', NULL),
(300, 283, 35, 1, ' /  / ', '10/03/2022', '10/04/2022', 1, 0, 0, '', '', '', 0, '2022-10-04 04:28:21', NULL),
(301, 284, 36, 1, ' /  / ', '10/03/2022', '10/04/2022', 1, 0, 0, '', '', '', 0, '2022-10-04 04:28:52', NULL),
(302, 285, 57, 1, ' /  / ', '10/03/2022', '10/04/2022', 1, 0, 0, '', '', '', 0, '2022-10-04 04:29:13', NULL),
(303, 286, 34, 1, ' /  / ', '10/03/2022', '10/04/2022', 1, 0, 0, '', '', '', 0, '2022-10-04 04:30:27', NULL),
(304, 287, 60, 1, ' /  / ', '10/03/2022', '10/04/2022', 1, 0, 0, '', '', '', 0, '2022-10-04 04:32:38', NULL),
(305, 288, 50, 1, ' /  / ', '10/03/2022', '10/04/2022', 1, 0, 0, '', '', '', 0, '2022-10-04 04:33:28', NULL),
(306, 289, 42, 1, ' /  / ', '10/03/2022', '10/04/2022', 1, 0, 0, '', '', '', 0, '2022-10-04 04:34:04', NULL),
(307, 290, 29, 1, ' /  / ', '10/03/2022', '10/04/2022', 1, 0, 0, '', '', '', 0, '2022-10-04 04:35:27', NULL),
(308, 291, 62, 1, ' /  / ', '10/03/2022', '10/04/2022', 1, 0, 0, '', '', '', 0, '2022-10-04 04:36:08', NULL),
(309, 283, 42, 1, ' /  / ', '10/04/2022', '10/05/2022', 1, 0, 0, '', 'test', 'Jessica Soho', 1, '2022-10-04 14:24:00', '2022-10-04 14:24:11'),
(310, 292, 34, 1, ' /  / ', '10/04/2022', '10/05/2022', 1, 0, 0, '', '', '', 0, '2022-10-04 14:24:58', NULL),
(311, 292, 36, 1, ' /  / ', '10/04/2022', '10/05/2022', 1, 0, 0, '', '', '', 0, '2022-10-04 14:25:13', NULL),
(312, 292, 45, 1, ' /  / ', '10/04/2022', '10/05/2022', 1, 0, 0, '', '', '', 0, '2022-10-04 14:25:21', NULL),
(313, 293, 45, 1, ' /  / ', '10/04/2022', '10/05/2022', 1, 0, 0, '', '', '', 0, '2022-10-04 14:31:10', NULL),
(314, 294, 35, 1, ' /  / ', '10/04/2022', '10/05/2022', 1, 0, 0, '', '', '', 0, '2022-10-04 15:03:48', NULL),
(315, 294, 36, 1, ' /  / ', '10/04/2022', '10/05/2022', 1, 0, 0, '', '', '', 0, '2022-10-04 15:04:08', NULL),
(316, 295, 32, 1, ' /  / ', '10/14/2022', '10/15/2022', 1, 0, 0, '', '', '', 0, '2022-10-04 16:31:12', NULL),
(317, 296, 31, 1, ' /  / ', '10/14/2022', '10/15/2022', 1, 0, 0, '', '', '', 0, '2022-10-04 16:31:43', NULL),
(318, 297, 32, 1, ' /  / ', '10/14/2022', '10/15/2022', 1, 0, 0, '', '', '', 0, '2022-10-04 16:32:08', NULL),
(319, 294, 60, 1, ' /  / ', '10/04/2022', '10/05/2022', 1, 0, 0, '', '', '', 0, '2022-10-04 19:40:36', NULL),
(320, 294, 45, 1, ' /  / ', '10/04/2022', '10/05/2022', 1, 0, 0, '', '', '', 0, '2022-10-04 19:41:01', NULL),
(321, 294, 46, 1, ' /  / ', '10/04/2022', '10/05/2022', 1, 0, 0, '', '', '', 0, '2022-10-04 19:41:19', NULL),
(322, 294, 58, 1, ' /  / ', '10/04/2022', '10/05/2022', 1, 0, 0, '', '', '', 0, '2022-10-04 19:41:37', NULL),
(323, 294, 61, 1, ' /  / ', '10/04/2022', '10/05/2022', 1, 0, 0, '', '', '', 0, '2022-10-04 19:41:52', NULL),
(324, 294, 30, 1, ' /  / ', '10/04/2022', '10/05/2022', 1, 0, 0, '', '', '', 0, '2022-10-04 19:43:13', NULL),
(325, 294, 29, 1, ' /  / ', '10/04/2022', '10/05/2022', 1, 0, 0, '', '', '', 0, '2022-10-04 19:43:25', NULL),
(326, 294, 62, 1, ' /  / ', '10/04/2022', '10/05/2022', 1, 0, 0, '', 'ha', 'Francisco Ibañez III', 2, '2022-10-04 19:43:39', '2022-10-10 11:20:32'),
(327, 298, 57, 1, ' /  / ', '10/04/2022', '10/05/2022', 1, 0, 0, '', '', '', 0, '2022-10-04 19:44:32', NULL),
(328, 299, 34, 1, ' /  / ', '10/04/2022', '10/05/2022', 1, 0, 0, '', '', '', 0, '2022-10-04 19:47:34', NULL),
(329, 299, 43, 1, ' /  / ', '10/04/2022', '10/05/2022', 1, 0, 0, '', '', '', 0, '2022-10-04 19:47:54', NULL),
(330, 299, 44, 1, ' /  / ', '10/04/2022', '10/05/2022', 1, 0, 0, '', '', '', 0, '2022-10-04 19:48:08', NULL),
(331, 299, 63, 1, ' /  / ', '10/04/2022', '10/05/2022', 1, 0, 0, '', '', '', 0, '2022-10-04 19:48:23', NULL),
(332, 300, 33, 1, ' /  / ', '10/04/2022', '10/05/2022', 1, 0, 0, '', '', '', 0, '2022-10-04 19:49:27', NULL),
(333, 301, 41, 1, ' /  / ', '10/04/2022', '10/05/2022', 1, 0, 0, '', '', '', 0, '2022-10-04 19:51:22', NULL),
(334, 301, 39, 1, ' /  / ', '10/04/2022', '10/05/2022', 1, 0, 0, '', '', '', 0, '2022-10-04 19:51:37', NULL),
(335, 302, 32, 2, ' /  / ', '10/04/2022', '10/05/2022', 1, 0, 0, '', '', '', 0, '2022-10-04 19:54:02', '2022-10-04 19:55:08'),
(336, 303, 31, 1, ' /  / ', '10/04/2022', '10/05/2022', 1, 0, 0, '', '', '', 0, '2022-10-04 19:56:51', NULL),
(337, 304, 52, 1, ' /  / ', '10/04/2022', '10/05/2022', 1, 0, 0, '', '', '', 0, '2022-10-04 19:57:53', NULL),
(338, 305, 37, 1, ' /  / ', '10/04/2022', '10/05/2022', 1, 0, 0, '', '', '', 0, '2022-10-04 20:00:38', NULL),
(339, 306, 59, 1, ' /  / ', '10/04/2022', '10/05/2022', 1, 0, 0, '', '', '', 0, '2022-10-04 20:01:25', NULL),
(340, 307, 40, 1, ' /  / ', '10/04/2022', '10/05/2022', 1, 0, 0, '', '', '', 0, '2022-10-04 20:02:09', NULL),
(341, 308, 53, 1, ' /  / ', '10/04/2022', '10/06/2022', 2, 0, 0, '', '', '', 0, '2022-10-04 20:03:05', '2022-10-04 20:04:56'),
(342, 308, 55, 1, ' /  / ', '10/04/2022', '10/06/2022', 2, 0, 0, '', '', '', 0, '2022-10-04 20:05:26', '2022-10-04 20:06:35'),
(343, 308, 56, 1, ' /  / ', '10/04/2022', '10/06/2022', 2, 0, 0, '', '', '', 0, '2022-10-04 20:05:41', '2022-10-04 20:06:29'),
(344, 309, 54, 1, ' /  / ', '10/04/2022', '10/07/2022', 3, 0, 0, '', '', '', 0, '2022-10-04 20:15:07', NULL),
(345, 305, 64, 1, ' /  / ', '10/04/2022', '10/05/2022', 1, 0, 0, '', '', '', 0, '2022-10-04 20:15:46', NULL),
(346, 310, 45, 1, ' /  / ', '10/06/2022', '10/07/2022', 1, 0, 0, '', '', '', 0, '2022-10-05 15:24:10', NULL),
(347, 311, 34, 1, ' /  / ', '10/07/2022', '10/08/2022', 1, 0, 0, '', '', '', 0, '2022-10-05 16:07:58', NULL),
(348, 312, 50, 1, ' /  / ', '10/06/2022', '10/07/2022', 1, 0, 0, '', '', '', 0, '2022-10-05 16:35:52', NULL),
(349, 313, 42, 3, ' /  / ', '10/06/2022', '10/07/2022', 1, 0, 0, '', '', '', 0, '2022-10-05 17:08:27', '2022-10-06 15:57:43'),
(350, 314, 31, 1, ' /  / ', '10/06/2022', '10/07/2022', 1, 1, 2, '', '', '', 0, '2022-10-05 17:08:43', '2022-10-06 14:30:44'),
(351, 315, 61, 1, ' /  / ', '10/06/2022', '10/07/2022', 1, 0, 0, '', '', '', 0, '2022-10-05 17:09:02', NULL),
(352, 316, 62, 1, ' /  / ', '10/07/2022', '10/08/2022', 1, 0, 0, '', '', '', 0, '2022-10-06 09:54:36', NULL),
(353, 317, 29, 1, ' /  / ', '10/07/2022', '10/08/2022', 1, 0, 0, '', '', '', 0, '2022-10-06 10:26:16', NULL),
(354, 318, 60, 1, ' /  / ', '10/06/2022', '10/07/2022', 1, 0, 0, '', '', '', 0, '2022-10-06 16:01:27', NULL),
(355, 319, 45, 1, ' /  / ', '10/06/2022', '10/08/2022', 2, 0, 0, '', '', '', 0, '2022-10-06 16:01:53', NULL),
(356, 320, 57, 1, ' /  / ', '10/11/2022', '10/12/2022', 1, 0, 0, '', '', '', 0, '2022-10-10 13:50:03', NULL),
(357, 321, 57, 1, ' /  / ', '10/11/2022', '10/12/2022', 1, 0, 0, '', '', '', 0, '2022-10-10 13:50:21', NULL),
(358, 322, 60, 1, ' /  / ', '10/10/2022', '10/11/2022', 1, 0, 0, '', 'asd', 'Francisco Ibañez III', 1, '2022-10-10 14:40:01', '2022-10-10 14:40:17'),
(359, 322, 51, 6, ' /  / ', '10/10/2022', '10/11/2022', 1, 1, 2, '', '', '', 0, '2022-10-10 14:40:09', '2022-10-10 15:54:48'),
(360, 322, 58, 7, ' /  / ', '10/10/2022', '10/11/2022', 1, 1, 2, '', '', '', 0, '2022-10-10 15:57:56', '2022-10-13 10:51:22'),
(361, 323, 62, 1, ' /  / ', '10/14/2022', '10/15/2022', 1, 0, 0, '', '', '', 0, '2022-10-14 16:31:18', NULL);

-- --------------------------------------------------------

--
-- Table structure for table `bookings`
--

CREATE TABLE `bookings` (
  `booking_id` int(11) NOT NULL,
  `guest_id` int(11) NOT NULL,
  `charged_to` int(11) NOT NULL,
  `booking_number` varchar(20) DEFAULT NULL,
  `booking_type` varchar(20) NOT NULL,
  `arrival` varchar(10) NOT NULL,
  `departure` varchar(10) NOT NULL,
  `cancel_reason` varchar(300) NOT NULL,
  `request` varchar(255) NOT NULL,
  `remarks` varchar(255) NOT NULL,
  `reservation_type` varchar(50) DEFAULT NULL,
  `reservation_status` tinyint(4) NOT NULL COMMENT '0 - checkin\r\n1 - walkin\r\n2 - online\r\n3 - verified\r\n4 - cancelled reservation\r\n5 - confirmed\r\n6 - cancelled booking',
  `booking_added` datetime NOT NULL DEFAULT current_timestamp(),
  `booking_updated` datetime DEFAULT NULL ON UPDATE current_timestamp()
) ENGINE=InnoDB DEFAULT CHARSET=utf8mb4;

--
-- Dumping data for table `bookings`
--

INSERT INTO `bookings` (`booking_id`, `guest_id`, `charged_to`, `booking_number`, `booking_type`, `arrival`, `departure`, `cancel_reason`, `request`, `remarks`, `reservation_type`, `reservation_status`, `booking_added`, `booking_updated`) VALUES
(1, 2, 0, 'HDF00001', 'Check In', '09/13/2022', '09/14/2022', 'test booking', 'hehe', 'haha', NULL, 6, '2022-09-13 11:53:42', '2022-09-13 16:22:45'),
(2, 17, 0, 'HDF00002', 'Check In', '09/13/2022', '09/14/2022', '', '', 'walk in, paid costumer', NULL, 0, '2022-09-13 16:21:42', '2022-09-13 16:21:42'),
(3, 18, 0, 'HDF00003', 'Reservation', '09/16/2022', '09/17/2022', '', '', '', 'Confirmed', 1, '2022-09-13 16:33:11', '2022-09-15 19:33:49'),
(4, 18, 0, 'HDF00004', 'Reservation', '09/16/2022', '09/17/2022', '', '', '', 'Arrival/Tentative', 1, '2022-09-13 16:33:59', '2022-09-13 16:33:59'),
(5, 19, 0, 'HDF00005', 'Check In', '09/13/2022', '09/16/2022', '', '', 'walk in, paid room rate', NULL, 0, '2022-09-13 16:37:06', '2022-09-13 16:37:06'),
(6, 20, 0, 'HDF00006', 'Check In', '09/13/2022', '09/14/2022', '', '', 'uder iglesia ni cristo event', NULL, 0, '2022-09-13 16:39:16', '2022-09-13 16:39:16'),
(7, 20, 0, 'HDF00007', 'Check In', '09/13/2022', '09/14/2022', 'sayop', '', 'w/resa payment upon check in', NULL, 6, '2022-09-13 16:42:16', '2022-09-13 16:43:09'),
(8, 21, 0, 'HDF00008', 'Check In', '09/13/2022', '09/14/2022', '', '', 'w/ resa payment upon checkin', NULL, 0, '2022-09-13 16:43:51', '2022-09-13 16:43:51'),
(9, 22, 0, 'HDF00009', 'Check In', '09/13/2022', '09/14/2022', '', '', 'w/resa paid room rate', NULL, -1, '2022-09-13 16:50:25', '2022-09-15 08:43:57'),
(10, 23, 0, 'HDF00010', 'Check In', '09/13/2022', '09/14/2022', '', '', 'WALK IN PAID ROOM RATES', NULL, 0, '2022-09-13 19:50:14', '2022-09-13 19:50:14'),
(11, 23, 0, 'HDF00011', 'Check In', '09/13/2022', '09/14/2022', '', '', 'PAID ROOM RATES', NULL, 0, '2022-09-13 19:54:24', '2022-09-13 19:54:24'),
(12, 24, 0, 'HDF00012', 'Check In', '09/13/2022', '09/14/2022', '', '', 'paid room rates', NULL, 0, '2022-09-13 21:38:06', '2022-09-13 21:38:06'),
(13, 25, 0, 'HDF00013', 'Check In', '09/13/2022', '09/15/2022', '', '', 'paid room rates 2nights', NULL, 0, '2022-09-13 21:39:57', '2022-09-13 21:39:57'),
(14, 26, 0, 'HDF00014', 'Check In', '09/13/2022', '09/14/2022', '', '', 'paid room rates', NULL, 0, '2022-09-13 21:44:37', '2022-09-13 21:44:37'),
(15, 27, 0, 'HDF00015', 'Check In', '09/13/2022', '09/18/2022', '', '', 'w/resa fully paid', NULL, 0, '2022-09-13 21:46:43', '2022-09-13 21:46:43'),
(16, 28, 0, 'HDF00016', 'Check In', '09/13/2022', '09/14/2022', '', '', 'w/resa payment upon check w/ sc. disc', NULL, 0, '2022-09-13 21:47:44', '2022-09-13 21:47:44'),
(17, 29, 0, 'HDF00017', 'Check In', '09/13/2022', '09/14/2022', '', '', 'payment upon check out 10% disc', NULL, 0, '2022-09-13 21:48:27', '2022-09-13 21:48:27'),
(18, 30, 0, 'HDF00018', 'Check In', '09/13/2022', '09/18/2022', '', '', 'fully paid room rates', NULL, 0, '2022-09-13 21:50:51', '2022-09-13 21:50:51'),
(19, 31, 0, 'HDF00019', 'Check In', '09/13/2022', '09/14/2022', '', '', 'PAID ROOM RATE; WALK-IN', NULL, 0, '2022-09-14 00:40:49', '2022-09-14 00:40:49'),
(20, 29, 0, 'HDF00020', 'Check In', '09/15/2022', '09/16/2022', '', 'N/A', 'PAID ROOM RATE', NULL, 0, '2022-09-15 13:13:33', '2022-09-15 13:13:33'),
(21, 32, 0, 'HDF00021', 'Check In', '09/15/2022', '09/16/2022', '', '', 'PAID ROOM RATE W/ SC. DISC', NULL, 0, '2022-09-15 14:09:52', '2022-09-15 19:59:23'),
(22, 32, 0, 'HDF00022', 'Reservation', '09/15/2022', '09/16/2022', 'NO SHOW', '1 EB', 'PAID 1000 PARTIAL', 'Confirmed', 4, '2022-09-15 14:26:57', '2022-10-05 15:29:39'),
(23, 5, 0, 'HDF00023', 'Reservation', '09/15/2022', '09/16/2022', 'test', '', '', 'Arrival/Tentative', 4, '2022-09-15 15:44:38', '2022-09-15 15:45:04'),
(24, 5, 0, 'HDF00024', 'Reservation', '09/15/2022', '09/16/2022', 'test', '', '', 'Confirmed', 4, '2022-09-15 16:02:47', '2022-09-15 16:08:55'),
(25, 32, 0, 'HDF00025', 'Reservation', '09/15/2022', '09/16/2022', '', '1 EB', 'PAID ROOM RATE', 'Confirmed', 0, '2022-09-15 16:52:11', '2022-09-15 17:02:35'),
(26, 5, 0, 'HDF00026', 'Reservation', '09/15/2022', '09/16/2022', 'test', '', '', 'Arrival/Tentative', 4, '2022-09-15 16:55:33', '2022-09-15 16:56:20'),
(27, 32, 0, 'HDF00027', 'Reservation', '09/15/2022', '09/16/2022', '', '', '', 'Arrival/Tentative', 0, '2022-09-15 17:03:36', '2022-09-15 17:04:02'),
(28, 5, 0, 'HDF00028', 'Reservation', '09/15/2022', '09/16/2022', 'test', '', '', 'Arrival/Tentative', 4, '2022-09-15 17:13:43', '2022-09-15 17:13:51'),
(29, 5, 0, 'HDF00029', 'Check In', '09/15/2022', '09/16/2022', 'test', '', '', NULL, 6, '2022-09-15 17:37:23', '2022-09-15 17:37:38'),
(30, 5, 0, 'HDF00030', 'Reservation', '09/15/2022', '09/16/2022', 'test', '', '', 'Arrival/Tentative', 4, '2022-09-15 17:37:48', '2022-09-15 17:37:56'),
(31, 4, 0, 'HDF00031', 'Reservation', '09/15/2022', '09/16/2022', 'For testing only', '', '', 'Arrival/Tentative', 4, '2022-09-15 18:31:38', '2022-09-15 18:31:56'),
(32, 32, 0, 'HDF00032', 'Reservation', '09/15/2022', '09/16/2022', '', '', 'PAID ROOM RATE', 'Confirmed', 0, '2022-09-15 19:38:46', '2022-10-05 15:29:39'),
(33, 32, 0, 'HDF00033', 'Check In', '09/15/2022', '09/16/2022', '', '1 EB', 'PAID ROOM RATE', NULL, 0, '2022-09-15 19:41:33', '2022-10-05 15:29:39'),
(34, 32, 0, 'HDF00034', 'Check In', '09/15/2022', '09/16/2022', '', '', 'PAID ROOM RATE', NULL, 0, '2022-09-15 19:43:40', '2022-10-05 15:29:39'),
(35, 32, 0, 'HDF00035', 'Check In', '09/15/2022', '09/16/2022', '', '', 'PAID ROOM RATE', NULL, 0, '2022-09-15 19:44:29', '2022-10-05 15:29:39'),
(36, 32, 0, 'HDF00036', 'Check In', '09/15/2022', '09/16/2022', '', '', 'PAID ROOM RATE', NULL, 0, '2022-09-15 19:45:20', '2022-10-05 15:29:39'),
(37, 25, 0, 'HDF00037', 'Check In', '09/15/2022', '09/16/2022', '', '', 'PAID ROOM RATE', NULL, 0, '2022-09-15 19:47:38', '2022-09-15 19:47:38'),
(38, 32, 0, 'HDF00038', 'Check In', '09/15/2022', '09/16/2022', '', '', 'PAID ROOM RATE', NULL, 0, '2022-09-15 19:49:09', '2022-10-05 15:29:39'),
(39, 32, 0, 'HDF00039', 'Check In', '09/15/2022', '09/16/2022', '', '', 'UNDER EVENT LGU', NULL, 0, '2022-09-15 19:52:04', '2022-10-05 15:29:39'),
(40, 32, 0, 'HDF00040', 'Check In', '09/15/2022', '09/16/2022', '', '', 'UNDER EVENT LGU', NULL, 0, '2022-09-15 19:53:05', '2022-10-05 15:29:39'),
(41, 32, 0, 'HDF00041', 'Check In', '09/15/2022', '09/16/2022', '', '', 'PAID ROOM RATE', NULL, 0, '2022-09-15 19:57:00', '2022-10-05 15:29:39'),
(42, 32, 0, 'HDF00042', 'Check In', '09/15/2022', '09/16/2022', '', '', 'PAID ROOM RATE', NULL, 0, '2022-09-15 19:57:53', '2022-10-05 15:29:39'),
(43, 32, 0, 'HDF00043', 'Check In', '09/15/2022', '09/16/2022', '', '', 'UNDER EVENT LGU', NULL, 0, '2022-09-15 20:04:01', '2022-10-05 15:29:39'),
(44, 32, 0, 'HDF00044', 'Check In', '09/15/2022', '09/16/2022', '', '', 'UNDER EVENT LGU', NULL, 0, '2022-09-15 20:04:27', '2022-10-05 15:29:39'),
(45, 32, 0, 'HDF00045', 'Check In', '09/15/2022', '09/16/2022', '', '', 'UNDER EVENT LGU', NULL, 0, '2022-09-15 20:06:30', '2022-10-05 15:29:39'),
(46, 32, 0, 'HDF00046', 'Check In', '09/15/2022', '09/16/2022', '', '', 'YNDER EVENT LGU', NULL, 0, '2022-09-15 20:07:54', '2022-10-05 15:29:39'),
(47, 32, 0, 'HDF00047', 'Check In', '09/15/2022', '09/16/2022', '', '', 'PAID ROOM RATE ', NULL, 0, '2022-09-15 20:09:43', '2022-10-05 15:29:39'),
(48, 32, 0, 'HDF00048', 'Check In', '09/15/2022', '09/16/2022', '', '', 'PAID ROOM RATE', NULL, 0, '2022-09-15 20:17:47', '2022-10-05 15:29:39'),
(49, 32, 0, 'HDF00049', 'Check In', '09/15/2022', '09/16/2022', '', '', 'UNDER EVENT LGU', NULL, 0, '2022-09-15 20:20:11', '2022-10-05 15:29:39'),
(50, 32, 0, 'HDF00050', 'Check In', '09/15/2022', '09/16/2022', '', '', 'UNDER EVENT LGU', NULL, 0, '2022-09-15 20:20:50', '2022-10-05 15:29:39'),
(51, 32, 0, 'HDF00051', 'Check In', '09/15/2022', '09/16/2022', '', '', '', NULL, 0, '2022-09-15 20:21:14', '2022-10-05 15:29:39'),
(52, 18, 0, 'HDF00052', 'Reservation', '09/17/2022', '09/18/2022', '', '', 'W/ RESA PAID ROOM RATE', 'Confirmed', 1, '2022-09-16 20:35:06', '2022-09-16 20:39:43'),
(53, 52, 0, 'HDF00053', 'Reservation', '09/17/2022', '09/18/2022', '', '', 'paid room rate w/ sc. disc.', 'Arrival/Tentative', 1, '2022-09-16 20:39:13', '2022-09-19 15:46:01'),
(54, 52, 0, 'HDF00054', 'Reservation', '09/17/2022', '09/18/2022', '', '', 'W/ RESA PAID ROOM RATE', 'Confirmed', 1, '2022-09-16 20:40:52', '2022-09-16 20:40:52'),
(55, 54, 0, 'HDF00055', 'Reservation', '09/20/2022', '09/21/2022', 'WRONG INPUT', '', '', 'Confirmed', 4, '2022-09-20 06:57:44', '2022-10-05 15:54:04'),
(56, 54, 0, 'HDF00056', 'Reservation', '09/20/2022', '09/21/2022', '', 'N/A', '', 'Confirmed', 1, '2022-09-20 06:59:21', '2022-09-20 06:59:21'),
(57, 55, 0, 'HDF00057', 'Reservation', '09/22/2022', '09/23/2022', 'WRONG INPUT', '', '', 'Arrival/Tentative', 4, '2022-09-22 12:18:30', '2022-09-22 12:19:05'),
(58, 5, 0, 'HDF00058', 'Check In', '09/23/2022', '09/25/2022', 'test', '', '', NULL, 6, '2022-09-23 14:40:58', '2022-09-24 08:02:34'),
(59, 56, 0, 'HDF00059', 'Check In', '09/24/2022', '09/25/2022', '', '', '20% DISCOUNT BY SIR CARLOS', 'Confirmed', 1, '2022-09-24 07:16:24', '2022-09-24 10:57:35'),
(60, 56, 0, 'HDF00060', 'Reservation', '09/24/2022', '09/25/2022', '', '', '', 'Arrival/Tentative', 1, '2022-09-24 09:55:39', '2022-09-24 09:55:39'),
(61, 56, 0, 'HDF00061', 'Reservation', '09/24/2022', '09/25/2022', 'CHANGE ROOM', '', '', 'Arrival/Tentative', 4, '2022-09-24 09:55:46', '2022-09-24 11:01:33'),
(62, 57, 0, 'HDF00062', 'Reservation', '09/24/2022', '09/25/2022', '', '', '', 'Confirmed', 1, '2022-09-24 10:57:25', '2022-09-24 10:57:25'),
(63, 58, 0, 'HDF00063', 'Reservation', '09/24/2022', '09/25/2022', '', '', 'REQUESTED 2ND FLOOR', 'Arrival/Tentative', 1, '2022-09-24 11:00:58', '2022-09-24 11:00:58'),
(64, 59, 0, 'HDF00064', 'Reservation', '09/25/2022', '09/26/2022', '', '', 'WALK-IN PAID ROOM IN ADVANCE WITH PWD DISCOUNT\r\nNO EARLY CHECK-IN FEE DUE TO GUEST CHECK-IN @12NOON.\r\n\r\n207 NYP TO CHECK IF THEY HAVE CORP DISCOUNT UNDER FWD.', 'Confirmed', -1, '2022-09-25 11:37:07', '2022-09-26 14:19:54'),
(65, 60, 0, 'HDF00065', 'Check In', '09/25/2022', '09/26/2022', '', '', 'CHANGE P200', NULL, -1, '2022-09-25 14:32:49', '2022-09-26 14:20:39'),
(66, 61, 0, 'HDF00066', 'Check In', '09/25/2022', '09/26/2022', '', '', '', NULL, -1, '2022-09-25 15:27:23', '2022-09-26 14:21:08'),
(67, 62, 0, 'HDF00067', 'Check In', '09/26/2022', '09/27/2022', '', '', 'C/O LGU MAYDOLONG', NULL, 0, '2022-09-26 14:23:22', '2022-09-26 14:45:34'),
(68, 63, 0, 'HDF00068', 'Check In', '09/26/2022', '09/29/2022', '', '', 'C/O LGU MAYDOLONG', NULL, 0, '2022-09-26 14:24:57', '2022-09-27 08:22:51'),
(69, 64, 0, 'HDF00069', 'Check In', '09/26/2022', '09/29/2022', '', '', 'C/O LGU MAYDOLONG', NULL, 0, '2022-09-26 14:25:53', '2022-09-27 08:22:15'),
(70, 65, 0, 'HDF00070', 'Check In', '09/26/2022', '09/27/2022', '', '', 'C/O LGU MAYDOLONG', NULL, 0, '2022-09-26 14:26:41', '2022-09-26 14:46:31'),
(71, 66, 0, 'HDF00071', 'Check In', '09/26/2022', '09/29/2022', '', '', 'C/O LGU MAYDOLONG', NULL, 0, '2022-09-26 14:31:38', '2022-09-29 12:51:27'),
(72, 67, 0, 'HDF00072', 'Check In', '09/26/2022', '09/29/2022', '', '', 'C/O LGU MAYDOLONG', NULL, 0, '2022-09-26 14:33:06', '2022-09-29 12:50:57'),
(73, 68, 0, 'HDF00073', 'Check In', '09/26/2022', '09/29/2022', '', '', 'C/O LGU MAYDOLONG', NULL, 0, '2022-09-26 14:36:41', '2022-09-29 12:50:30'),
(74, 69, 0, 'HDF00074', 'Check In', '09/26/2022', '09/29/2022', '', '', 'C/O LGU MAYDOLONG', NULL, 0, '2022-09-26 14:37:34', '2022-09-27 08:20:58'),
(75, 70, 0, 'HDF00075', 'Check In', '09/26/2022', '09/29/2022', '', '', 'C/O LGU MAYDOLONG', NULL, 0, '2022-09-26 14:38:22', '2022-09-27 08:24:04'),
(76, 71, 0, 'HDF00076', 'Check In', '09/26/2022', '09/29/2022', '', '', 'C/O LGU MAYDOLONG', NULL, 0, '2022-09-26 14:39:01', '2022-09-29 12:48:20'),
(77, 72, 0, 'HDF00077', 'Check In', '09/26/2022', '09/28/2022', '', '', 'C/O PAFES', NULL, 0, '2022-09-26 14:40:39', '2022-09-27 08:17:21'),
(78, 68, 0, 'HDF00078', 'Reservation', '09/27/2022', '09/29/2022', '', '', '', 'Confirmed', 0, '2022-09-26 21:59:14', '2022-09-27 08:24:37'),
(79, 69, 0, 'HDF00079', 'Reservation', '09/27/2022', '09/28/2022', '', '', 'c/o LGU MAYDOLONG', 'Confirmed', 0, '2022-09-26 22:00:58', '2022-09-27 08:24:26'),
(80, 73, 0, 'HDF00080', 'Reservation', '10/01/2022', '10/02/2022', 'CANCELLED BOOKING', '', 'C/O DEITHER', 'Confirmed', 4, '2022-09-26 22:19:14', '2022-10-01 07:10:38'),
(81, 86, 0, 'HDF00081', 'Reservation', '10/01/2022', '10/02/2022', 'CANCELED', '', '', 'Arrival/Tentative', 4, '2022-09-26 22:20:36', '2022-10-05 15:45:55'),
(82, 75, 0, 'HDF00082', 'Reservation', '10/01/2022', '10/02/2022', '', '', 'W/RESA; FER', 'Arrival/Tentative', 0, '2022-09-26 22:21:56', '2022-10-01 16:33:39'),
(83, 77, 0, 'HDF00083', 'Reservation', '10/01/2022', '10/02/2022', 'CANCELLED BOOKING', '', 'W/RESA; MISS ROSE', 'Arrival/Tentative', 4, '2022-09-26 22:22:48', '2022-10-05 15:49:30'),
(84, 77, 0, 'HDF00084', 'Reservation', '10/01/2022', '10/02/2022', 'CANCELLED BOOKING', '', 'W/RESA; MISS ROSE', 'Arrival/Tentative', 4, '2022-09-26 22:23:25', '2022-10-01 07:08:33'),
(85, 77, 0, 'HDF00085', 'Reservation', '10/01/2022', '10/02/2022', 'CANCELLED BOOKING', '', 'W/RESA; MISS ROSE', 'Arrival/Tentative', 4, '2022-09-26 22:23:55', '2022-10-05 15:49:33'),
(86, 77, 0, 'HDF00086', 'Reservation', '10/01/2022', '10/02/2022', 'CANCELLED BOOKING', '', 'W/RESA; MISS ROSE', 'Arrival/Tentative', 4, '2022-09-26 22:24:21', '2022-10-05 15:49:32'),
(87, 77, 0, 'HDF00087', 'Reservation', '10/01/2022', '10/02/2022', 'CANCELLED BOOKING', '', 'W/RESA; MISS ROSE', 'Arrival/Tentative', 4, '2022-09-26 22:25:05', '2022-10-05 15:49:35'),
(88, 77, 0, 'HDF00088', 'Reservation', '10/01/2022', '10/02/2022', 'CANCELLED BOOKING', '', 'W/RESA; MS. ROSE', 'Arrival/Tentative', 4, '2022-09-26 22:25:35', '2022-10-05 15:49:36'),
(89, 82, 0, 'HDF00089', 'Reservation', '10/01/2022', '10/02/2022', '', '', 'W/RESA; JAN', 'Arrival/Tentative', 0, '2022-09-26 22:26:45', '2022-10-01 16:19:44'),
(90, 77, 0, 'HDF00090', 'Reservation', '10/01/2022', '10/02/2022', 'CANCELLED BOOKING', '', 'W/RESA; MS. ROSE', 'Arrival/Tentative', 4, '2022-09-26 22:27:29', '2022-10-05 15:49:39'),
(91, 77, 0, 'HDF00091', 'Reservation', '10/01/2022', '10/02/2022', 'CANCELLED BOOKING', '', 'W/RESA; MS.ROSE', 'Arrival/Tentative', 4, '2022-09-26 22:28:03', '2022-10-05 15:49:42'),
(92, 77, 0, 'HDF00092', 'Reservation', '10/01/2022', '10/02/2022', 'CANCELLED BOOKING', '', 'W/RESA; MS.ROSE', 'Arrival/Tentative', 4, '2022-09-26 22:28:37', '2022-10-05 15:49:43'),
(93, 86, 0, 'HDF00093', 'Reservation', '10/01/2022', '10/02/2022', 'CANCELED', '', 'W/RESA; NIEL', 'Arrival/Tentative', 4, '2022-09-26 22:29:24', '2022-10-01 08:40:00'),
(94, 87, 0, 'HDF00094', 'Reservation', '10/01/2022', '10/02/2022', '', '', 'WALK IN; PAIOD ROOM RATES', 'Arrival/Tentative', 0, '2022-09-26 22:30:43', '2022-10-01 16:35:44'),
(95, 88, 0, 'HDF00095', 'Reservation', '10/06/2022', '10/07/2022', '', '', 'C/O MS.JEN', 'Arrival/Tentative', 1, '2022-09-26 22:44:13', '2022-09-26 22:44:13'),
(96, 91, 0, 'HDF00096', 'Reservation', '10/07/2022', '10/08/2022', '', '', 'W/RESA; SHAWN', 'Arrival/Tentative', 1, '2022-09-26 22:48:28', '2022-10-05 15:59:38'),
(97, 91, 0, 'HDF00097', 'Reservation', '10/07/2022', '10/08/2022', '', '', 'W/RESA; SHAWN', 'Arrival/Tentative', 1, '2022-09-26 22:50:47', '2022-10-05 15:59:37'),
(98, 91, 0, 'HDF00098', 'Reservation', '10/07/2022', '10/08/2022', '', '', 'W/RESA; SHAWN', 'Arrival/Tentative', 1, '2022-09-26 22:56:13', '2022-09-26 22:56:13'),
(99, 92, 0, 'HDF00099', 'Check In', '09/26/2022', '09/29/2022', '', '', 'C/O LGU MAYDULONG', NULL, 0, '2022-09-27 07:35:09', '2022-09-27 07:35:09'),
(100, 93, 0, 'HDF00100', 'Check In', '09/26/2022', '09/27/2022', '', '', 'C/O AGRICULTURAL TRAINING INSTITUTE', NULL, 0, '2022-09-27 07:38:49', '2022-09-27 07:38:49'),
(101, 94, 0, 'HDF00101', 'Check In', '09/26/2022', '09/28/2022', '', 'N/A', 'C/O AGRICULTURAL TRAINING INSTITUTE', NULL, 0, '2022-09-27 07:42:03', '2022-09-27 08:18:16'),
(102, 95, 0, 'HDF00102', 'Check In', '09/26/2022', '09/28/2022', '', '', 'C/O AGRICULTURAL TRAINING INSTITUTE', NULL, 0, '2022-09-27 07:43:13', '2022-09-27 08:19:41'),
(103, 96, 0, 'HDF00103', 'Check In', '09/26/2022', '09/28/2022', '', '', 'C/O AGRICULTURAL TRAINING INSTITUTE', NULL, 0, '2022-09-27 07:45:51', '2022-09-27 07:45:51'),
(104, 97, 0, 'HDF00104', 'Check In', '09/26/2022', '09/27/2022', '', '', 'C/O AGRICULTURAL TRAINING INST.', NULL, 0, '2022-09-27 07:47:53', '2022-09-27 07:47:53'),
(105, 98, 0, 'HDF00105', 'Check In', '09/26/2022', '09/28/2022', '', '', 'C/O AGRI. TRAINING INST.', NULL, 0, '2022-09-27 07:49:13', '2022-09-27 07:49:13'),
(106, 99, 0, 'HDF00106', 'Check In', '09/26/2022', '09/28/2022', '', '', 'C/O AGRI. TRAINING INST.', NULL, 0, '2022-09-27 07:51:05', '2022-09-27 07:51:05'),
(107, 100, 0, 'HDF00107', 'Check In', '09/26/2022', '09/27/2022', '', '', 'C/O AGRI. TRAINING INST.', NULL, 0, '2022-09-27 07:53:39', '2022-09-27 07:53:39'),
(108, 101, 0, 'HDF00108', 'Check In', '09/26/2022', '09/28/2022', '', '', 'C/O AGRI. TRAINING INST.', NULL, 0, '2022-09-27 07:55:16', '2022-09-27 07:55:16'),
(109, 102, 0, 'HDF00109', 'Check In', '09/26/2022', '09/27/2022', '', '', 'C/O AGRI. TRAINING INST.', NULL, 0, '2022-09-27 07:58:19', '2022-09-27 07:58:19'),
(110, 103, 0, 'HDF00110', 'Check In', '09/26/2022', '09/28/2022', '', '', 'C/O AGRI TRAINING INST.', NULL, 0, '2022-09-27 07:59:33', '2022-09-27 07:59:33'),
(111, 104, 0, 'HDF00111', 'Check In', '09/26/2022', '09/28/2022', '', '', 'C/O AGRI. TRAINING INST.', NULL, 0, '2022-09-27 08:01:04', '2022-09-27 08:01:04'),
(112, 105, 0, 'HDF00112', 'Check In', '09/26/2022', '09/27/2022', '', '', 'C/O AGRI. TRAINING INST.', NULL, 0, '2022-09-27 08:02:32', '2022-09-27 08:02:32'),
(113, 106, 0, 'HDF00113', 'Check In', '09/26/2022', '09/27/2022', '', '', 'C/O AGRI. TRAINING INST.', NULL, 0, '2022-09-27 08:04:51', '2022-09-27 08:04:51'),
(114, 107, 0, 'HDF00114', 'Check In', '09/26/2022', '09/28/2022', '', '', 'C/O AGRI TRAINING INST.', NULL, 0, '2022-09-27 08:06:05', '2022-09-27 08:06:05'),
(115, 108, 0, 'HDF00115', 'Check In', '09/26/2022', '09/28/2022', '', '', 'C/O AGRI. TRAINING INST.', NULL, 0, '2022-09-27 08:07:53', '2022-09-27 08:08:44'),
(116, 109, 0, 'HDF00116', 'Check In', '09/26/2022', '09/28/2022', '', '', 'C/O AGRI. TRAINING INST.', NULL, 0, '2022-09-27 08:12:42', '2022-09-27 08:12:42'),
(117, 110, 0, 'HDF00117', 'Check In', '09/26/2022', '09/28/2022', '', '', 'C/ AGRI. TRAINING INST.', NULL, 0, '2022-09-27 08:13:54', '2022-09-27 08:13:54'),
(118, 111, 0, 'HDF00118', 'Check In', '09/26/2022', '09/28/2022', '', '', 'C/O AGRI. TRAINING INST.', NULL, 0, '2022-09-27 08:14:57', '2022-09-27 08:14:57'),
(119, 112, 0, 'HDF00119', 'Check In', '09/26/2022', '09/27/2022', '', '', '', NULL, -1, '2022-09-27 08:28:45', '2022-09-27 12:42:24'),
(120, 113, 0, 'HDF00120', 'Check In', '09/26/2022', '09/27/2022', '', '', 'WALK IN PAID ROOM RATE CASH', NULL, 0, '2022-09-27 08:31:38', '2022-09-27 08:31:38'),
(121, 114, 0, 'HDF00121', 'Check In', '09/26/2022', '09/27/2022', '', '', 'PAID ROOM RATE W/RESA', NULL, -1, '2022-09-27 08:38:35', '2022-09-27 11:27:13'),
(122, 115, 0, 'HDF00122', 'Check In', '09/26/2022', '09/27/2022', '', '', 'PAID ROOM RATE', NULL, 0, '2022-09-27 08:47:38', '2022-09-27 08:47:38'),
(123, 116, 0, 'HDF00123', 'Check In', '09/27/2022', '09/28/2022', 'WRONG INPUT', '', 'UNDER EVENT', NULL, 6, '2022-09-27 09:03:19', '2022-09-27 09:04:48'),
(124, 116, 0, 'HDF00124', 'Reservation', '09/27/2022', '09/28/2022', '', '2 EB', 'C/O AGRICULTURE TRAINING', 'Confirmed', 0, '2022-09-27 09:06:06', '2022-10-05 15:32:09'),
(125, 118, 0, 'HDF00125', 'Reservation', '09/27/2022', '09/28/2022', 'CANCELED', '', 'C/O PBSP ', 'Confirmed', 4, '2022-09-27 09:10:52', '2022-09-27 20:19:15'),
(126, 118, 0, 'HDF00126', 'Reservation', '09/27/2022', '09/28/2022', 'CANCELED', '', 'C/O PBSP', 'Confirmed', 4, '2022-09-27 09:11:26', '2022-10-05 15:58:04'),
(127, 122, 0, 'HDF00127', 'Check In', '09/27/2022', '09/28/2022', 'WRONG INPUT', '', '', NULL, 6, '2022-09-27 09:13:29', '2022-10-05 16:02:18'),
(128, 122, 0, 'HDF00128', 'Check In', '09/27/2022', '09/28/2022', 'WRONG INPUT', '', 'W/RESA', NULL, 6, '2022-09-27 09:15:36', '2022-10-05 16:02:17'),
(129, 122, 0, 'HDF00129', 'Reservation', '09/27/2022', '09/28/2022', 'WRONG INPUT', '', 'W/RESA', 'Confirmed', 6, '2022-09-27 09:16:31', '2022-09-27 12:45:34'),
(130, 118, 0, 'HDF00130', 'Reservation', '09/27/2022', '09/28/2022', 'CANCELED', '', 'C/O PBSP', 'Confirmed', 4, '2022-09-27 09:17:32', '2022-10-05 15:58:03'),
(131, 118, 0, 'HDF00131', 'Reservation', '09/27/2022', '09/28/2022', 'CANCELED', '', 'C/O PBSP', 'Confirmed', 4, '2022-09-27 09:18:02', '2022-10-05 15:58:02'),
(132, 118, 0, 'HDF00132', 'Reservation', '09/27/2022', '09/28/2022', 'CANCELED', '', 'C/O PBSP', 'Confirmed', 4, '2022-09-27 09:18:47', '2022-10-05 15:58:01'),
(133, 126, 0, 'HDF00133', 'Reservation', '09/27/2022', '09/29/2022', '', '', 'W/RESA', 'Arrival/Tentative', 0, '2022-09-27 09:21:11', '2022-09-27 12:42:58'),
(134, 127, 0, 'HDF00134', 'Reservation', '09/27/2022', '09/28/2022', 'CANCELLED', '', 'W/RESA', 'Arrival/Tentative', 4, '2022-09-27 09:22:30', '2022-09-27 13:37:07'),
(135, 128, 0, 'HDF00135', 'Check In', '09/27/2022', '09/29/2022', '', '', 'C/O AGRICULTURE TRAINING INS.', NULL, 0, '2022-09-27 09:24:48', '2022-09-27 09:24:48'),
(136, 129, 0, 'HDF00136', 'Reservation', '09/27/2022', '09/28/2022', 'CANCELLED', '', 'W/RESA', 'Arrival/Tentative', 4, '2022-09-27 09:31:20', '2022-09-27 13:36:44'),
(137, 126, 0, 'HDF00137', 'Reservation', '09/27/2022', '09/28/2022', 'WRONG INPUT', '', 'PAID ROOM RESA', 'Confirmed', 4, '2022-09-27 12:47:50', '2022-09-27 12:48:22'),
(138, 122, 0, 'HDF00138', 'Reservation', '09/27/2022', '09/28/2022', '', '', 'PAID ROOM RESA', 'Confirmed', 0, '2022-09-27 12:49:04', '2022-10-05 16:02:15'),
(139, 130, 0, 'HDF00139', 'Reservation', '09/27/2022', '09/28/2022', '', '', 'WALK IN PAID ROOM RATE', 'Confirmed', 1, '2022-09-27 13:37:57', '2022-09-27 13:37:57'),
(140, 131, 0, 'HDF00140', 'Reservation', '09/28/2022', '09/29/2022', 'CANCELLED', '', 'SENIOR CITIZEN', 'Arrival/Tentative', 4, '2022-09-27 15:50:21', '2022-09-29 10:13:30'),
(141, 86, 0, 'HDF00141', 'Reservation', '09/28/2022', '09/29/2022', 'cancelled', '', 'W/ RESA', 'Arrival/Tentative', 4, '2022-09-27 15:52:53', '2022-10-05 15:45:56'),
(142, 118, 0, 'HDF00142', 'Reservation', '09/28/2022', '09/29/2022', 'CANCELED', '', 'W/ RESA', 'Arrival/Tentative', 4, '2022-09-27 15:54:35', '2022-10-05 15:58:00'),
(143, 134, 0, 'HDF00143', 'Reservation', '09/28/2022', '09/29/2022', '', '', 'W/ RESA', 'Arrival/Tentative', 1, '2022-09-27 16:04:40', '2022-09-27 16:04:40'),
(144, 118, 0, 'HDF00144', 'Reservation', '09/28/2022', '10/01/2022', 'CANCELED', '', 'W/ RESA', 'Arrival/Tentative', 4, '2022-09-27 16:06:11', '2022-10-05 15:57:59'),
(145, 118, 0, 'HDF00145', 'Reservation', '09/28/2022', '10/01/2022', 'CANCELED', '', 'W/ RESA', 'Arrival/Tentative', 4, '2022-09-27 16:06:44', '2022-10-05 15:57:58'),
(146, 126, 0, 'HDF00146', 'Reservation', '09/28/2022', '09/29/2022', 'EARLY CHECK-OUT AND REQUESTED FOR REFUNED.', '', 'TRANSFER FROM 204', 'Arrival/Tentative', 4, '2022-09-27 16:08:31', '2022-10-05 15:32:30'),
(147, 138, 0, 'HDF00147', 'Reservation', '09/28/2022', '09/29/2022', '', '', 'W/ RESA', 'Arrival/Tentative', 1, '2022-09-27 16:12:05', '2022-09-27 16:12:05'),
(148, 127, 0, 'HDF00148', 'Reservation', '09/28/2022', '09/30/2022', 'CHANGE ROOM', '', 'W/ RESA', 'Arrival/Tentative', 4, '2022-09-27 16:13:05', '2022-10-05 15:33:38'),
(149, 140, 0, 'HDF00149', 'Reservation', '09/28/2022', '09/29/2022', '', '', 'W/ RESA', 'Arrival/Tentative', 1, '2022-09-27 16:14:10', '2022-09-27 16:14:10'),
(150, 141, 0, 'HDF00150', 'Reservation', '09/28/2022', '09/29/2022', '', '1 EB', 'W/ RESA (ETA 2PM)', 'Arrival/Tentative', 1, '2022-09-27 16:15:07', '2022-09-27 22:11:24'),
(151, 142, 0, 'HDF00151', 'Reservation', '09/29/2022', '09/30/2022', 'CANCELED', '', 'W/ RESA', 'Arrival/Tentative', 4, '2022-09-27 16:17:41', '2022-09-30 08:20:40'),
(152, 143, 0, 'HDF00152', 'Reservation', '09/29/2022', '09/30/2022', 'CANCELED', '', 'W/ RESA (1 EB)', 'Arrival/Tentative', 4, '2022-09-27 16:18:58', '2022-09-30 08:27:33'),
(153, 115, 0, 'HDF00153', 'Reservation', '09/29/2022', '10/01/2022', 'CANCELED', '', '1EB C/O DIETHER', 'Arrival/Tentative', 4, '2022-09-27 16:56:49', '2022-09-30 08:27:46'),
(154, 148, 0, 'HDF00154', 'Reservation', '09/29/2022', '10/01/2022', 'CANCELED', '', '1EB C/O DIETHER', 'Arrival/Tentative', 4, '2022-09-27 16:58:17', '2022-10-05 15:54:19'),
(155, 143, 0, 'HDF00155', 'Reservation', '09/29/2022', '10/01/2022', 'CANCELED', '1 EB', 'C/O MISS ROSE', 'Arrival/Tentative', 4, '2022-09-27 17:00:20', '2022-10-05 15:52:54'),
(156, 143, 0, 'HDF00156', 'Reservation', '09/29/2022', '10/01/2022', 'CANCEL', '1 EB', 'C/O MISS ROSE', 'Arrival/Tentative', 4, '2022-09-27 17:01:03', '2022-10-05 15:52:56'),
(157, 86, 0, 'HDF00157', 'Reservation', '09/29/2022', '10/06/2022', '', '', 'W/ RESA', 'Arrival/Tentative', 4, '2022-09-27 17:02:13', '2022-10-05 15:45:58'),
(158, 86, 0, 'HDF00158', 'Reservation', '09/29/2022', '09/30/2022', 'CANCELED', '1 EB', 'C/O DIETHER', 'Arrival/Tentative', 4, '2022-09-27 17:03:37', '2022-10-05 15:45:59'),
(159, 148, 0, 'HDF00159', 'Reservation', '09/29/2022', '10/01/2022', 'CANCELED', '1 EB', 'C/O DIETHER', 'Arrival/Tentative', 4, '2022-09-27 17:18:06', '2022-09-29 10:24:17'),
(160, 86, 0, 'HDF00160', 'Reservation', '09/29/2022', '10/01/2022', 'CANCELLED', '', 'W/ RESA', 'Arrival/Tentative', 4, '2022-09-27 17:36:26', '2022-10-05 15:46:00'),
(161, 143, 0, 'HDF00161', 'Reservation', '09/29/2022', '10/01/2022', 'CANCELED', '1 EB', 'C/O MISS ROSE', 'Arrival/Tentative', 4, '2022-09-27 17:37:32', '2022-10-05 15:52:57'),
(162, 143, 0, 'HDF00162', 'Reservation', '09/29/2022', '10/01/2022', 'CANCELED', '1 EB', 'C/O MISS ROSE', 'Arrival/Tentative', 4, '2022-09-27 17:37:58', '2022-10-05 15:52:58'),
(163, 143, 0, 'HDF00163', 'Reservation', '09/29/2022', '10/01/2022', 'CANCELED', '1 EB', 'C/O MISS ROSE', 'Arrival/Tentative', 4, '2022-09-27 17:38:17', '2022-10-05 15:52:59'),
(164, 143, 0, 'HDF00164', 'Reservation', '09/29/2022', '10/01/2022', 'CANCELED', '1 EB', 'C/O MISS ROSE', 'Arrival/Tentative', 4, '2022-09-27 17:38:38', '2022-10-05 15:53:01'),
(165, 153, 0, 'HDF00165', 'Reservation', '09/29/2022', '10/01/2022', 'CANCELED', '', 'W/ RESA', 'Arrival/Tentative', 4, '2022-09-27 17:41:19', '2022-09-30 08:29:08'),
(166, 154, 0, 'HDF00166', 'Reservation', '09/29/2022', '10/01/2022', 'CHANGE ROOM', '', 'W/ RESA', 'Arrival/Tentative', 4, '2022-09-27 17:42:29', '2022-09-27 19:36:52'),
(167, 116, 0, 'HDF00167', 'Reservation', '09/29/2022', '09/30/2022', 'CANCELED', '', 'W/ RESA', 'Arrival/Tentative', 4, '2022-09-27 19:31:27', '2022-10-05 15:32:11'),
(168, 143, 0, 'HDF00168', 'Reservation', '09/29/2022', '10/01/2022', 'CANCELED', '1 EB', 'C/O MISS ROSE', 'Arrival/Tentative', 4, '2022-09-27 19:32:26', '2022-10-05 15:53:02'),
(169, 118, 0, 'HDF00169', 'Reservation', '09/29/2022', '10/01/2022', 'CANCELED', '', 'W/ RESA', 'Arrival/Tentative', 4, '2022-09-27 19:33:40', '2022-10-05 15:57:56'),
(170, 118, 0, 'HDF00170', 'Reservation', '09/29/2022', '09/30/2022', 'CANCELED', '', 'W/ RESA', 'Arrival/Tentative', 4, '2022-09-27 19:34:01', '2022-10-05 15:57:55'),
(171, 154, 0, 'HDF00171', 'Reservation', '09/29/2022', '10/01/2022', 'CHANGE ROOM', '', 'W/ RESA', 'Arrival/Tentative', 4, '2022-09-27 19:37:21', '2022-10-05 15:31:28'),
(172, 164, 0, 'HDF00172', 'Reservation', '09/29/2022', '09/30/2022', 'CHANGE ROOM', '', 'W/ RESA', 'Arrival/Tentative', 4, '2022-09-27 19:38:00', '2022-10-05 15:59:10'),
(173, 160, 0, 'HDF00173', 'Reservation', '09/30/2022', '10/01/2022', 'CHANGE ROOM', '', 'COMPLIMENTARY UPGRADE', 'Arrival/Tentative', 4, '2022-09-27 19:39:45', '2022-09-30 08:30:48'),
(174, 227, 0, 'HDF00174', 'Reservation', '09/30/2022', '10/01/2022', '', '', 'W/ RESA', 'Arrival/Tentative', 1, '2022-09-27 19:40:50', '2022-10-05 15:50:41'),
(175, 160, 0, 'HDF00175', 'Reservation', '09/30/2022', '10/01/2022', 'CHANGE ROOM', '', 'COMPLIMENTARY UPGRADE', 'Arrival/Tentative', 4, '2022-09-27 19:42:59', '2022-10-05 15:58:49'),
(176, 154, 0, 'HDF00176', 'Reservation', '09/29/2022', '10/01/2022', 'CANCELED', '', 'W/ RESA', 'Arrival/Tentative', 4, '2022-09-27 20:02:17', '2022-10-05 15:31:30'),
(177, 164, 0, 'HDF00177', 'Reservation', '09/29/2022', '09/30/2022', 'CHANGE ROOM', '', 'W/ RESA', 'Arrival/Tentative', 4, '2022-09-27 20:03:56', '2022-09-29 10:31:50'),
(178, 165, 0, 'HDF00178', 'Reservation', '09/30/2022', '10/01/2022', '', '', 'W/ RESA', 'Arrival/Tentative', 1, '2022-09-27 20:05:00', '2022-09-27 20:05:00'),
(179, 173, 0, 'HDF00179', 'Reservation', '09/30/2022', '10/01/2022', 'CHANGE ROOM', '', 'COMPLIMENTARY UPGRADE', 'Arrival/Tentative', 4, '2022-09-27 20:05:58', '2022-10-05 16:02:41'),
(180, 167, 0, 'HDF00180', 'Reservation', '09/30/2022', '10/01/2022', '', '', 'W/ RESA', 'Arrival/Tentative', 1, '2022-09-27 20:07:00', '2022-09-27 20:07:00'),
(181, 168, 0, 'HDF00181', 'Check In', '09/27/2022', '09/28/2022', '', '', 'WALK IN', NULL, 0, '2022-09-27 20:21:46', '2022-09-27 20:21:46'),
(182, 169, 0, 'HDF00182', 'Check In', '09/27/2022', '09/28/2022', '', '', 'W/ RESA', NULL, 0, '2022-09-27 20:22:53', '2022-09-27 20:22:53'),
(183, 170, 0, 'HDF00183', 'Reservation', '09/30/2022', '10/01/2022', '', '', 'W/ RESA', 'Arrival/Tentative', 0, '2022-09-27 20:26:19', '2022-10-01 01:52:15'),
(184, 171, 0, 'HDF00184', 'Reservation', '09/29/2022', '09/30/2022', 'CANCELED', '', 'W/ RESA', 'Arrival/Tentative', 4, '2022-09-29 10:17:54', '2022-09-30 08:28:12'),
(185, 127, 0, 'HDF00185', 'Check In', '09/29/2022', '09/30/2022', '', '', 'NYP', NULL, 0, '2022-09-29 10:19:47', '2022-10-05 15:33:39'),
(186, 115, 0, 'HDF00186', 'Reservation', '09/29/2022', '09/30/2022', 'CANCELLED', '', 'C/O DIETHER', 'Arrival/Tentative', 4, '2022-09-29 10:21:38', '2022-09-29 10:32:49'),
(187, 143, 0, 'HDF00187', 'Check In', '09/29/2022', '09/30/2022', '', '1 EB', 'C/O DIETHER', NULL, 0, '2022-09-29 10:23:02', '2022-10-05 15:53:03'),
(188, 127, 0, 'HDF00188', 'Reservation', '09/28/2022', '09/30/2022', 'CHANGE ROOM', '', 'W/ RESA', 'Arrival/Tentative', 4, '2022-09-29 10:29:39', '2022-10-05 15:33:41'),
(189, 164, 0, 'HDF00189', 'Reservation', '09/29/2022', '09/30/2022', 'CANCELED', '', 'W/ RESA', 'Arrival/Tentative', 4, '2022-09-29 10:31:34', '2022-09-30 08:28:52'),
(190, 173, 0, 'HDF00190', 'Reservation', '09/30/2022', '10/01/2022', '', '', 'W/ RESA', 'Arrival/Tentative', 1, '2022-09-29 10:35:47', '2022-09-30 08:48:12'),
(191, 165, 0, 'HDF00191', 'Reservation', '09/29/2022', '10/01/2022', 'CANCELED', '', 'W/ RESA', 'Arrival/Tentative', 4, '2022-09-29 10:41:26', '2022-09-30 08:29:00'),
(192, 175, 0, 'HDF00192', 'Reservation', '09/30/2022', '10/01/2022', 'CANCELED', '', 'W/ RESA', 'Arrival/Tentative', 4, '2022-09-29 10:48:27', '2022-10-05 15:56:30'),
(193, 175, 0, 'HDF00193', 'Reservation', '09/30/2022', '10/01/2022', 'CANCELED', '', 'W/ RESA', 'Arrival/Tentative', 4, '2022-09-29 10:48:55', '2022-09-30 08:43:58'),
(194, 176, 0, 'HDF00194', 'Reservation', '09/30/2022', '10/01/2022', '#HDF00080', '1 EB', 'C/O DIETHER', 'Arrival/Tentative', 4, '2022-09-30 08:32:58', '2022-10-01 07:13:01'),
(195, 177, 0, 'HDF00195', 'Reservation', '09/30/2022', '10/01/2022', '', '', 'W/ RESA', 'Arrival/Tentative', 1, '2022-09-30 08:33:59', '2022-09-30 08:33:59'),
(196, 68, 0, 'HDF00196', 'Reservation', '09/30/2022', '10/01/2022', '', '', 'W/ RESA', 'Arrival/Tentative', 1, '2022-09-30 08:35:26', '2022-09-30 08:36:38'),
(197, 178, 0, 'HDF00197', 'Reservation', '09/30/2022', '10/01/2022', '', '', 'W/ RESA', 'Arrival/Tentative', 1, '2022-09-30 08:37:30', '2022-09-30 08:37:30'),
(198, 143, 0, 'HDF00198', 'Reservation', '09/30/2022', '10/01/2022', '', 'KING BED', 'W/ RESA', 'Arrival/Tentative', 1, '2022-09-30 08:38:55', '2022-10-05 15:53:08'),
(199, 180, 0, 'HDF00199', 'Reservation', '09/30/2022', '10/01/2022', '', '1 EB', 'DOH;CONSUMABLE;C/O MISS AIREEN', 'Arrival/Tentative', 1, '2022-09-30 08:40:53', '2022-09-30 08:40:53'),
(200, 217, 0, 'HDF00200', 'Reservation', '09/30/2022', '10/01/2022', '', 'KING BED', 'W/ RESA', 'Arrival/Tentative', 1, '2022-09-30 08:42:12', '2022-10-05 15:56:46'),
(201, 182, 0, 'HDF00201', 'Reservation', '09/30/2022', '10/01/2022', 'CHANGE ROOM', '', 'W/ RESA', 'Arrival/Tentative', 4, '2022-09-30 08:43:12', '2022-09-30 09:40:17'),
(202, 183, 0, 'HDF00202', 'Reservation', '09/30/2022', '10/01/2022', '', '', 'W/ RESA', 'Arrival/Tentative', 1, '2022-09-30 08:45:09', '2022-09-30 08:45:09'),
(203, 160, 0, 'HDF00203', 'Reservation', '09/30/2022', '10/01/2022', '', '', 'W/ RESA', 'Arrival/Tentative', 1, '2022-09-30 08:45:55', '2022-09-30 08:45:55'),
(204, 160, 0, 'HDF00204', 'Reservation', '09/30/2022', '10/01/2022', '', '', 'W/ RESA', 'Arrival/Tentative', 1, '2022-09-30 08:46:46', '2022-09-30 08:46:46'),
(205, 184, 0, 'HDF00205', 'Reservation', '09/30/2022', '10/01/2022', '', '', 'W/ RESA', 'Arrival/Tentative', 1, '2022-09-30 08:47:37', '2022-09-30 08:47:37'),
(206, 182, 0, 'HDF00206', 'Check In', '09/30/2022', '10/01/2022', '', '', 'W/ RESA;EARLY CHECK IN', NULL, 0, '2022-09-30 09:41:03', '2022-09-30 12:12:04'),
(207, 185, 0, 'HDF00207', 'Check In', '09/30/2022', '10/01/2022', '', '', '', NULL, 0, '2022-09-30 09:52:04', '2022-09-30 12:10:37'),
(208, 186, 0, 'HDF00208', 'Reservation', '09/30/2022', '10/01/2022', '', '', '', 'Arrival/Tentative', 1, '2022-09-30 10:55:33', '2022-09-30 12:12:45'),
(210, 188, 0, 'HDF00210', 'Reservation', '10/01/2022', '10/02/2022', '', '', 'W/RESA; ARCHIE', 'Arrival/Tentative', 0, '2022-10-01 04:26:27', '2022-10-01 17:36:05'),
(211, 188, 0, 'HDF00211', 'Reservation', '10/01/2022', '10/02/2022', '', '', 'W/RESA', 'Arrival/Tentative', 0, '2022-10-01 04:28:00', '2022-10-01 17:02:23'),
(212, 189, 0, 'HDF00212', 'Reservation', '10/01/2022', '10/02/2022', '', '', 'W/RESA', 'Arrival/Tentative', 0, '2022-10-01 04:40:15', '2022-10-01 16:18:49'),
(213, 204, 0, 'HDF00213', 'Reservation', '10/01/2022', '10/02/2022', '', '', 'W/RESA W/ SC. DISC.', 'Confirmed', 0, '2022-10-01 04:41:55', '2022-10-05 15:48:25'),
(214, 191, 0, 'HDF00214', 'Reservation', '10/01/2022', '10/02/2022', '', '', 'W/RESA', 'Arrival/Tentative', 0, '2022-10-01 04:42:57', '2022-10-01 16:25:19'),
(215, 191, 0, 'HDF00215', 'Reservation', '10/01/2022', '10/02/2022', 'CANCELED', '', 'W/RESA ', 'Arrival/Tentative', 4, '2022-10-01 04:43:57', '2022-10-01 08:42:51'),
(216, 192, 0, 'HDF00216', 'Reservation', '10/01/2022', '10/03/2022', '', '', 'WALK IN; PAID ROOM RATRES', 'Arrival/Tentative', 0, '2022-10-01 04:46:06', '2022-10-02 06:34:03'),
(217, 193, 0, 'HDF00217', 'Reservation', '10/01/2022', '10/02/2022', '', '', 'PAID 9/30/22', 'Arrival/Tentative', 0, '2022-10-01 04:46:59', '2022-10-01 17:38:55'),
(218, 194, 0, 'HDF00218', 'Reservation', '10/01/2022', '10/02/2022', '', '', 'W/RESA', 'Arrival/Tentative', 0, '2022-10-01 04:48:24', '2022-10-01 16:27:17'),
(219, 195, 0, 'HDF00219', 'Reservation', '10/01/2022', '10/02/2022', '', '', 'W/RESA', 'Arrival/Tentative', 0, '2022-10-01 04:50:15', '2022-10-01 16:28:51'),
(220, 196, 0, 'HDF00220', 'Reservation', '10/01/2022', '10/02/2022', '', '', 'W/RESA', 'Arrival/Tentative', 0, '2022-10-01 04:52:54', '2022-10-01 16:29:05'),
(221, 5, 0, 'HDF00221', 'Reservation', '10/01/2022', '10/02/2022', 'test', '', '', 'Arrival/Tentative', 4, '2022-10-01 07:22:44', '2022-10-01 07:24:14'),
(222, 2, 0, 'HDF00222', 'Check In', '10/01/2022', '10/02/2022', 'test', '', '', NULL, 6, '2022-10-01 07:23:05', '2022-10-01 07:23:24'),
(223, 2, 0, 'HDF00223', 'Reservation', '10/01/2022', '10/02/2022', 'test', '', '', 'Arrival/Tentative', 4, '2022-10-01 07:23:41', '2022-10-01 07:24:23'),
(224, 197, 0, 'HDF00224', 'Reservation', '10/01/2022', '10/02/2022', 'test', '', '', 'Arrival/Tentative', 4, '2022-10-01 07:24:49', '2022-10-01 07:26:13'),
(225, 198, 0, 'HDF00225', 'Check In', '10/01/2022', '10/02/2022', 'test', '', '', NULL, 6, '2022-10-01 07:25:10', '2022-10-01 07:25:22'),
(226, 198, 0, 'HDF00226', 'Reservation', '10/01/2022', '10/02/2022', 'test', '', '', 'Arrival/Tentative', 4, '2022-10-01 07:25:51', '2022-10-05 15:51:29'),
(227, 200, 0, 'HDF00227', 'Reservation', '10/01/2022', '10/02/2022', '', '1 EB', 'W/RESA;09487596496;FER', 'Arrival/Tentative', 0, '2022-10-01 07:28:12', '2022-10-01 16:14:54'),
(228, 201, 0, 'HDF00228', 'Reservation', '10/01/2022', '10/02/2022', '', '', 'W/RESA;09176523618;FER', 'Arrival/Tentative', 0, '2022-10-01 07:29:16', '2022-10-01 17:32:42'),
(229, 189, 0, 'HDF00229', 'Check In', '10/01/2022', '10/02/2022', '', '', '', NULL, 0, '2022-10-01 08:20:11', '2022-10-01 08:20:11'),
(230, 201, 0, 'HDF00230', 'Reservation', '10/01/2022', '10/02/2022', '', '', 'w/ resa', 'Arrival/Tentative', 0, '2022-10-01 08:22:42', '2022-10-01 17:32:50'),
(231, 202, 0, 'HDF00231', 'Reservation', '10/01/2022', '10/02/2022', '', '', 'W/ RESA', 'Arrival/Tentative', 0, '2022-10-01 08:25:24', '2022-10-01 18:49:39'),
(232, 203, 0, 'HDF00232', 'Reservation', '10/01/2022', '10/02/2022', '', '', 'W/ RESA', 'Arrival/Tentative', 0, '2022-10-01 08:29:00', '2022-10-01 17:39:19'),
(233, 204, 0, 'HDF00233', 'Reservation', '10/01/2022', '10/02/2022', '', '', 'W/ RESA', 'Arrival/Tentative', 0, '2022-10-01 08:29:59', '2022-10-01 16:22:03'),
(234, 184, 0, 'HDF00234', 'Reservation', '10/01/2022', '10/02/2022', '', '', 'W/ RESA', 'Arrival/Tentative', 0, '2022-10-01 08:39:13', '2022-10-05 15:47:53'),
(235, 206, 0, 'HDF00235', 'Reservation', '10/01/2022', '10/02/2022', '', '', 'W/ RESA', 'Arrival/Tentative', 0, '2022-10-01 08:41:39', '2022-10-01 16:24:16'),
(236, 207, 0, 'HDF00236', 'Reservation', '10/01/2022', '10/02/2022', '', '', 'W/ RESA', 'Arrival/Tentative', 0, '2022-10-01 08:42:22', '2022-10-01 17:38:08'),
(237, 208, 0, 'HDF00237', 'Reservation', '10/01/2022', '10/02/2022', '', '', '(PAID 9/30/22)', 'Arrival/Tentative', 0, '2022-10-01 08:43:52', '2022-10-01 16:01:44'),
(238, 209, 0, 'HDF00238', 'Reservation', '10/01/2022', '10/02/2022', '', '', 'W/ RESA', 'Arrival/Tentative', 0, '2022-10-01 08:46:23', '2022-10-01 16:30:06'),
(239, 210, 0, 'HDF00239', 'Reservation', '10/01/2022', '10/02/2022', '', '', 'W/ RESA', 'Arrival/Tentative', 0, '2022-10-01 08:47:28', '2022-10-01 16:30:29'),
(240, 211, 0, 'HDF00240', 'Reservation', '10/01/2022', '10/02/2022', '', '', 'PAID ROOM RATES', 'Arrival/Tentative', 0, '2022-10-01 11:10:58', '2022-10-01 16:34:56'),
(241, 212, 0, 'HDF00241', 'Reservation', '10/01/2022', '10/02/2022', '', '', 'W/ RESA', 'Arrival/Tentative', 0, '2022-10-01 11:12:54', '2022-10-01 16:35:58'),
(242, 213, 0, 'HDF00242', 'Reservation', '10/01/2022', '10/02/2022', '', '', 'W/ RESA', 'Arrival/Tentative', 0, '2022-10-01 11:13:50', '2022-10-01 17:40:01'),
(243, 213, 0, 'HDF00243', 'Reservation', '10/01/2022', '10/02/2022', '', '', 'W/ RESA; PARTIAL PAYMENT 5000', 'Arrival/Tentative', 0, '2022-10-01 11:14:20', '2022-10-05 15:51:55'),
(244, 227, 0, 'HDF00244', 'Check In', '10/01/2022', '10/02/2022', '', '', 'W/RESA; REG', NULL, 0, '2022-10-01 16:16:39', '2022-10-05 15:50:39'),
(245, 216, 0, 'HDF00245', 'Check In', '10/01/2022', '10/02/2022', '', '', 'W/RESA; REG', NULL, 0, '2022-10-01 16:17:43', '2022-10-01 16:17:43'),
(246, 217, 0, 'HDF00246', 'Check In', '10/01/2022', '10/03/2022', '', '', 'W/RESA; JAN', NULL, 0, '2022-10-01 16:31:18', '2022-10-02 06:33:16'),
(247, 218, 0, 'HDF00247', 'Check In', '10/01/2022', '10/02/2022', '', '', 'EXTENDED PAID', NULL, 0, '2022-10-01 16:36:50', '2022-10-01 16:36:50'),
(248, 219, 0, 'HDF00248', 'Check In', '10/01/2022', '10/02/2022', '', '', 'WALK IN; PAID ROOM RATES', NULL, 0, '2022-10-01 16:37:57', '2022-10-01 16:37:57'),
(249, 213, 0, 'HDF00249', 'Check In', '10/01/2022', '10/02/2022', '', '', 'PARTIAL PAYMENT 5000', NULL, 0, '2022-10-01 16:38:58', '2022-10-05 15:51:56'),
(250, 221, 0, 'HDF00250', 'Check In', '10/02/2022', '10/03/2022', '', '', 'W/RESA; YVONNE', NULL, 0, '2022-10-02 20:39:06', '2022-10-02 20:39:06'),
(251, 88, 0, 'HDF00251', 'Check In', '10/02/2022', '10/03/2022', '', '', 'C/O MS.JEAN', NULL, 0, '2022-10-02 20:40:36', '2022-10-05 15:38:45'),
(252, 88, 0, 'HDF00252', 'Check In', '10/02/2022', '10/03/2022', '', '', 'CO/MS JEAN', NULL, 0, '2022-10-02 20:41:48', '2022-10-05 15:38:45'),
(253, 88, 0, 'HDF00253', 'Check In', '10/02/2022', '10/03/2022', '', '', 'CO/MS.JEAN', NULL, 0, '2022-10-02 20:42:11', '2022-10-05 15:38:45'),
(254, 249, 0, 'HDF00254', 'Check In', '10/02/2022', '10/03/2022', '', '', 'W/RESA; FER', NULL, 0, '2022-10-02 20:43:26', '2022-10-05 15:55:12'),
(255, 226, 0, 'HDF00255', 'Check In', '10/02/2022', '10/04/2022', '', '', 'W/RESA; ARCHIE', NULL, 0, '2022-10-02 20:44:44', '2022-10-02 20:44:44'),
(256, 227, 0, 'HDF00256', 'Check In', '10/02/2022', '10/03/2022', '', '', 'W/RESA;REG', NULL, 0, '2022-10-02 20:45:29', '2022-10-02 20:45:29'),
(257, 88, 0, 'HDF00257', 'Check In', '10/02/2022', '10/04/2022', '', '', 'C/O MS.JEAN', NULL, 0, '2022-10-02 20:46:23', '2022-10-05 15:38:45'),
(258, 88, 0, 'HDF00258', 'Check In', '10/02/2022', '10/04/2022', '', '', 'CO/MS.JEAN', NULL, 0, '2022-10-02 20:47:04', '2022-10-05 15:38:45'),
(259, 221, 0, 'HDF00259', 'Check In', '10/02/2022', '10/03/2022', '', '', '', NULL, 0, '2022-10-02 20:47:53', '2022-10-05 15:36:45'),
(260, 231, 0, 'HDF00260', 'Check In', '10/02/2022', '10/03/2022', '', '', 'WALK IN', NULL, 0, '2022-10-02 20:48:43', '2022-10-02 20:48:43'),
(261, 249, 0, 'HDF00261', 'Check In', '10/02/2022', '10/03/2022', '', '', 'W/RESA; FER', NULL, 0, '2022-10-02 20:49:36', '2022-10-05 15:55:22'),
(262, 221, 0, 'HDF00262', 'Check In', '10/02/2022', '10/03/2022', '', '', 'W/RESA; MS. JEAN', NULL, 0, '2022-10-02 20:50:07', '2022-10-05 15:36:45'),
(263, 88, 0, 'HDF00263', 'Check In', '10/02/2022', '10/04/2022', '', '', 'C/O MS.JEAN', NULL, 0, '2022-10-02 20:52:20', '2022-10-05 15:38:45'),
(264, 221, 0, 'HDF00264', 'Check In', '10/02/2022', '10/04/2022', '', '', 'C/O MS.JEAN', NULL, 0, '2022-10-02 20:54:23', '2022-10-05 15:36:45'),
(265, 221, 0, 'HDF00265', 'Check In', '10/02/2022', '10/03/2022', '', '', 'C/O MS. JEAN', NULL, 0, '2022-10-02 20:54:52', '2022-10-05 15:36:45'),
(266, 221, 0, 'HDF00266', 'Check In', '10/02/2022', '10/03/2022', '', '', 'C/O MS.JEAN', NULL, 0, '2022-10-02 20:56:38', '2022-10-05 15:36:45'),
(267, 249, 0, 'HDF00267', 'Check In', '10/02/2022', '10/03/2022', '', '', '', NULL, 0, '2022-10-02 21:12:01', '2022-10-05 15:55:15'),
(268, 221, 0, 'HDF00268', 'Reservation', '10/04/2022', '10/05/2022', 'sayop', '', 'w/resa; yvonne\r\n', 'Confirmed', 4, '2022-10-03 19:35:04', '2022-10-05 15:36:45'),
(269, 221, 0, 'HDF00269', 'Reservation', '10/04/2022', '10/05/2022', 'sayop', '', '', 'Confirmed', 4, '2022-10-03 19:38:11', '2022-10-05 15:36:45'),
(270, 221, 0, 'HDF00270', 'Check In', '10/03/2022', '10/04/2022', '', '', 'W/RESA; YVONNE', NULL, 0, '2022-10-03 20:50:25', '2022-10-05 15:36:45'),
(271, 221, 0, 'HDF00271', 'Check In', '10/03/2022', '10/04/2022', '', '', 'W/RESA; YVONNE', NULL, 0, '2022-10-03 20:51:33', '2022-10-05 15:36:45'),
(272, 249, 0, 'HDF00272', 'Check In', '10/03/2022', '10/04/2022', '', '', 'W/RESA; FER', NULL, 0, '2022-10-03 20:52:33', '2022-10-05 15:55:18'),
(273, 88, 0, 'HDF00273', 'Check In', '10/03/2022', '10/04/2022', '', '', '', NULL, 0, '2022-10-03 20:52:51', '2022-10-05 15:38:45'),
(274, 243, 0, 'HDF00274', 'Check In', '10/03/2022', '10/04/2022', '', '', '', NULL, 0, '2022-10-03 20:53:29', '2022-10-03 20:53:29'),
(275, 243, 0, 'HDF00275', 'Check In', '10/03/2022', '10/04/2022', '', '', '', NULL, 0, '2022-10-03 20:54:10', '2022-10-05 15:33:07'),
(276, 221, 0, 'HDF00276', 'Check In', '10/03/2022', '10/04/2022', '', '', 'W/RESA; YVONNE', NULL, 0, '2022-10-03 20:54:41', '2022-10-05 15:36:45'),
(277, 221, 0, 'HDF00277', 'Check In', '10/03/2022', '10/04/2022', '', '', '', NULL, 0, '2022-10-03 20:57:17', '2022-10-05 15:36:45'),
(278, 268, 0, 'HDF00278', 'Check In', '10/03/2022', '10/04/2022', '', '', '', NULL, 0, '2022-10-03 20:58:11', '2022-10-05 15:47:32'),
(279, 249, 0, 'HDF00279', 'Check In', '10/03/2022', '10/04/2022', '', '', '', NULL, 0, '2022-10-03 21:00:54', '2022-10-05 15:55:19'),
(280, 249, 0, 'HDF00280', 'Check In', '10/03/2022', '10/04/2022', '', '', '', NULL, 0, '2022-10-03 21:05:47', '2022-10-03 21:05:47'),
(281, 88, 0, 'HDF00281', 'Check In', '10/03/2022', '10/04/2022', '', '', '', NULL, 0, '2022-10-03 21:06:34', '2022-10-05 15:38:45'),
(282, 221, 0, 'HDF00282', 'Check In', '10/03/2022', '10/04/2022', '', '', 'C/O DILG', NULL, 0, '2022-10-04 04:27:46', '2022-10-05 15:36:45'),
(283, 88, 0, 'HDF00283', 'Check In', '10/03/2022', '10/05/2022', '', '', 'C/O DILG', NULL, 0, '2022-10-04 04:28:21', '2022-10-05 15:38:45'),
(284, 88, 0, 'HDF00284', 'Check In', '10/03/2022', '10/04/2022', '', '', 'C/O DILG', NULL, 0, '2022-10-04 04:28:52', '2022-10-05 15:38:45'),
(285, 221, 0, 'HDF00285', 'Check In', '10/03/2022', '10/04/2022', '', '', 'C/O DILG', NULL, 0, '2022-10-04 04:29:13', '2022-10-05 15:36:45'),
(286, 243, 0, 'HDF00286', 'Check In', '10/03/2022', '10/04/2022', '', '', 'C/O BUSINESS REVIEW', NULL, 0, '2022-10-04 04:30:27', '2022-10-05 15:33:09'),
(287, 88, 0, 'HDF00287', 'Check In', '10/03/2022', '10/04/2022', '', '', 'C/O DOH', NULL, 0, '2022-10-04 04:32:38', '2022-10-05 15:38:45'),
(288, 221, 0, 'HDF00288', 'Check In', '10/03/2022', '10/04/2022', '', '', 'C/O  DOH', NULL, 0, '2022-10-04 04:33:28', '2022-10-05 15:36:45'),
(289, 88, 0, 'HDF00289', 'Check In', '10/03/2022', '10/04/2022', '', '', 'C/O DOH', NULL, 0, '2022-10-04 04:34:04', '2022-10-05 15:38:45'),
(290, 88, 0, 'HDF00290', 'Check In', '10/03/2022', '10/04/2022', '', '', 'C/O DHO', NULL, 0, '2022-10-04 04:35:27', '2022-10-05 15:38:45'),
(291, 88, 0, 'HDF00291', 'Check In', '10/03/2022', '10/04/2022', '', '', 'C/O DOH', NULL, 0, '2022-10-04 04:36:08', '2022-10-05 15:38:45'),
(292, 5, 0, 'HDF00292', 'Check In', '10/04/2022', '10/05/2022', 'test', '', '', NULL, 6, '2022-10-04 14:24:58', '2022-10-04 14:30:17'),
(293, 5, 0, 'HDF00293', 'Reservation', '10/04/2022', '10/05/2022', 'test', '', '', 'Arrival/Tentative', 4, '2022-10-04 14:31:10', '2022-10-04 14:31:32'),
(294, 88, 0, 'HDF00294', 'Check In', '10/04/2022', '10/05/2022', '', '', '', NULL, 0, '2022-10-04 15:03:48', '2022-10-14 16:21:33'),
(295, 261, 0, 'HDF00295', 'Reservation', '10/14/2022', '10/15/2022', '', '', '', 'Arrival/Tentative', 1, '2022-10-04 16:31:12', '2022-10-04 16:31:12'),
(296, 261, 0, 'HDF00296', 'Reservation', '10/14/2022', '10/15/2022', '', '', '', 'Arrival/Tentative', 1, '2022-10-04 16:31:43', '2022-10-05 15:51:10'),
(297, 261, 0, 'HDF00297', 'Reservation', '10/14/2022', '10/15/2022', '', '', '', 'Arrival/Tentative', 1, '2022-10-04 16:32:08', '2022-10-04 16:32:08'),
(298, 221, 0, 'HDF00298', 'Check In', '10/04/2022', '10/05/2022', '', '', 'NYP', NULL, 0, '2022-10-04 19:44:32', '2022-10-04 19:44:32'),
(299, 263, 0, 'HDF00299', 'Check In', '10/04/2022', '10/05/2022', '', '', '', NULL, 0, '2022-10-04 19:47:34', '2022-10-04 19:47:34'),
(300, 264, 0, 'HDF00300', 'Check In', '10/04/2022', '10/05/2022', '', '', 'W/ RESA', NULL, 0, '2022-10-04 19:49:27', '2022-10-04 19:49:27'),
(301, 265, 0, 'HDF00301', 'Check In', '10/04/2022', '10/05/2022', '', '', 'W/ RESA', NULL, 0, '2022-10-04 19:51:22', '2022-10-04 19:51:22'),
(302, 266, 0, 'HDF00302', 'Check In', '10/04/2022', '10/05/2022', '', '', 'W/ RESA', NULL, 0, '2022-10-04 19:54:02', '2022-10-04 19:57:08'),
(303, 267, 0, 'HDF00303', 'Check In', '10/04/2022', '10/05/2022', '', '', 'NYP', NULL, 0, '2022-10-04 19:56:51', '2022-10-04 19:56:51'),
(304, 263, 0, 'HDF00304', 'Reservation', '10/04/2022', '10/05/2022', '', '', '', 'Arrival/Tentative', 1, '2022-10-04 19:57:53', '2022-10-04 19:57:53'),
(305, 268, 0, 'HDF00305', 'Check In', '10/04/2022', '10/05/2022', '', '', 'FB RESA', NULL, 0, '2022-10-04 20:00:38', '2022-10-04 20:00:38'),
(306, 269, 0, 'HDF00306', 'Check In', '10/04/2022', '10/05/2022', '', '', 'C/O MISS JEN', NULL, 0, '2022-10-04 20:01:25', '2022-10-04 20:01:25'),
(307, 270, 0, 'HDF00307', 'Check In', '10/04/2022', '10/05/2022', '', '', 'W/ RESA', NULL, 0, '2022-10-04 20:02:09', '2022-10-04 20:02:09'),
(308, 271, 0, 'HDF00308', 'Check In', '10/04/2022', '10/06/2022', '', '', 'W/ RESA', NULL, 0, '2022-10-04 20:03:05', '2022-10-04 20:05:26'),
(309, 272, 0, 'HDF00309', 'Check In', '10/04/2022', '10/07/2022', '', '', 'W/ RESA', NULL, 0, '2022-10-04 20:15:07', '2022-10-04 20:15:07'),
(311, 91, 0, 'HDF00311', 'Reservation', '10/07/2022', '10/08/2022', '', '', '', 'Arrival/Tentative', 1, '2022-10-05 16:07:58', '2022-10-05 16:07:58'),
(312, 1, 0, 'HDF00312', 'Reservation', '10/06/2022', '10/07/2022', '', 'With bread', '', 'Confirmed', 1, '2022-10-05 16:35:52', '2022-10-05 16:35:52'),
(313, 1, 0, 'HDF00313', 'Reservation', '10/06/2022', '10/07/2022', '', '2', '2', 'Arrival/Tentative', 0, '2022-10-05 17:08:27', '2022-10-06 09:37:50'),
(314, 1, 0, 'HDF00314', 'Reservation', '10/06/2022', '10/07/2022', '', 'te', 'te', 'Confirmed', 0, '2022-10-05 17:08:43', '2022-10-06 09:25:31'),
(315, 1, 0, 'HDF00315', 'Reservation', '10/06/2022', '10/07/2022', '', '', '', 'Confirmed', 0, '2022-10-05 17:09:02', '2022-10-06 09:20:41'),
(316, 2, 0, 'HDF00316', 'Reservation', '10/07/2022', '10/08/2022', '', '', '', 'Confirmed', 1, '2022-10-06 09:54:36', '2022-10-06 09:54:36'),
(317, 3, 0, 'HDF00317', 'Reservation', '10/07/2022', '10/08/2022', '', '', '', 'Confirmed', 1, '2022-10-06 10:26:16', '2022-10-06 10:26:16'),
(318, 5, 0, 'HDF00318', 'Check In', '10/06/2022', '10/07/2022', '', '', '', NULL, 0, '2022-10-06 16:01:27', '2022-10-14 16:21:34'),
(319, 5, 0, 'HDF00319', 'Reservation', '10/06/2022', '10/08/2022', '', '', '', 'Confirmed', 1, '2022-10-06 16:01:53', '2022-10-06 16:01:54'),
(320, 1, 0, 'HDF00320', 'Reservation', '10/11/2022', '10/12/2022', '', '', '', 'Confirmed', 1, '2022-10-10 13:50:03', '2022-10-10 13:50:03'),
(321, 1, 0, 'HDF00321', 'Reservation', '10/11/2022', '10/12/2022', '', '', '', 'Confirmed', 1, '2022-10-10 13:50:21', '2022-10-10 13:50:21'),
(322, 1, 4, 'HDF00322', 'Check In', '10/10/2022', '10/11/2022', '', '', '', NULL, 0, '2022-10-10 14:40:01', '2022-10-14 16:21:43'),
(323, 4, 0, 'HDF00323', 'Check In', '10/14/2022', '10/15/2022', '', '', '', NULL, 0, '2022-10-14 16:31:18', '2022-10-14 16:31:18');

-- --------------------------------------------------------

--
-- Table structure for table `booking_logs`
--

CREATE TABLE `booking_logs` (
  `booking_log_id` int(11) NOT NULL,
  `booking_id` int(11) NOT NULL,
  `user_id` int(11) NOT NULL,
  `activity` varchar(500) NOT NULL,
  `booking_log_added` datetime NOT NULL DEFAULT current_timestamp(),
  `booking_log_updated` datetime DEFAULT NULL ON UPDATE current_timestamp()
) ENGINE=InnoDB DEFAULT CHARSET=utf8mb4;

--
-- Dumping data for table `booking_logs`
--

INSERT INTO `booking_logs` (`booking_log_id`, `booking_id`, `user_id`, `activity`, `booking_log_added`, `booking_log_updated`) VALUES
(1, 1, 18, 'Booked Ryan Rarugal in room 201', '2022-09-13 11:53:42', NULL),
(2, 2, 40, 'Booked adelon zeta in room 404', '2022-09-13 16:21:42', NULL),
(3, 1, 36, '<b>HDF00001</b> → Cancelled a booking!', '2022-09-13 16:22:45', NULL),
(4, 3, 36, 'Reserved elaine sarabia in room 414', '2022-09-13 16:33:11', NULL),
(5, 4, 36, 'Reserved elaine sarabia in room 415', '2022-09-13 16:33:59', NULL),
(6, 5, 36, 'Booked nino mataro in room 201', '2022-09-13 16:37:06', NULL),
(7, 5, 36, '<b>HDF00005</b> → Updated guest details', '2022-09-13 16:37:26', NULL),
(8, 6, 36, 'Booked iglesia ni cristo in room 202', '2022-09-13 16:39:16', NULL),
(9, 6, 36, '<b>203 DT</b> → Booked room for <b>1 night</b> from <b>09/13/2022</b> to <b>09/14/2022</b>', '2022-09-13 16:39:32', NULL),
(10, 6, 36, '<b>HDF00006</b> → Updated guest details', '2022-09-13 16:40:19', NULL),
(11, 7, 36, 'Booked wilford alexandrei ramos in room 204', '2022-09-13 16:42:16', NULL),
(12, 7, 36, '<b>HDF00007</b> → Cancelled a booking!', '2022-09-13 16:43:09', NULL),
(13, 8, 36, 'Booked wilford alexandrei ramos in room 204', '2022-09-13 16:43:51', NULL),
(14, 6, 36, '<b>207 DK</b> → Booked room for <b>1 night</b> from <b>09/13/2022</b> to <b>09/14/2022</b>', '2022-09-13 16:44:24', NULL),
(15, 6, 36, '<b>207 DK</b> → Set <b>amarelle joseph santiago</b> / 09153110328 /  as occupant', '2022-09-13 16:45:53', NULL),
(16, 6, 36, '<b>203 DT</b> → Set <b>ferdinand p. lagoc</b> /  /  as occupant', '2022-09-13 16:46:34', NULL),
(17, 6, 36, '<b>202 DT</b> → Set <b>ferdinand p. lagoc</b> /  /  as occupant', '2022-09-13 16:46:39', NULL),
(18, 9, 36, 'Booked raphael go in room 208', '2022-09-13 16:50:25', NULL),
(19, 9, 36, '<b>209 DT</b> → Booked room for <b>1 night</b> from <b>09/13/2022</b> to <b>09/14/2022</b>', '2022-09-13 16:50:53', NULL),
(20, 9, 36, '<b>209 DT</b> → Set <b>garry ong</b> /  /  as occupant', '2022-09-13 16:51:18', NULL),
(21, 9, 36, '<b>208 DT</b> → Set <b>garry ong</b> /  /  as occupant', '2022-09-13 16:51:23', NULL),
(22, 11, 36, 'Booked RYAN  NANEA in room 304', '2022-09-13 19:54:24', NULL),
(23, 12, 36, 'Booked alan jose aroy in room 307', '2022-09-13 21:38:06', NULL),
(24, 12, 36, '<b>HDF00012</b> → Updated guest details', '2022-09-13 21:38:24', NULL),
(25, 13, 36, 'Booked jayson  pigot in room 403', '2022-09-13 21:39:57', NULL),
(26, 13, 36, '<b>HDF00013</b> → Updated guest details', '2022-09-13 21:40:09', NULL),
(27, 14, 36, 'Booked ramil laceras in room 412', '2022-09-13 21:44:37', NULL),
(28, 15, 36, 'Booked geralyn macasabuang in room 413', '2022-09-13 21:46:43', NULL),
(29, 16, 36, 'Booked tess collins in room 414', '2022-09-13 21:47:44', NULL),
(30, 17, 36, 'Booked engr acosta in room 415', '2022-09-13 21:48:27', NULL),
(31, 18, 36, 'Booked goo bee in room 416', '2022-09-13 21:50:51', NULL),
(32, 19, 30, 'Booked LIGASPI  JUVY in room 409', '2022-09-14 00:40:49', NULL),
(33, 19, 30, '<b>407 DK</b> → Booked room for <b>1 night</b> from <b>09/13/2022</b> to <b>09/14/2022</b>', '2022-09-14 00:41:20', NULL),
(34, 19, 30, '<b>408 DT</b> → Booked room for <b>1 night</b> from <b>09/13/2022</b> to <b>09/14/2022</b>', '2022-09-14 00:41:32', NULL),
(35, 19, 30, '<b>HDF00019</b> → Added <b>cash</b> payment amounting ₱<b>8,700</b>', '2022-09-14 00:41:42', NULL),
(36, 9, 30, '<b>HDF00009</b> → Added <b>cash</b> payment amounting ₱<b>5,800</b>', '2022-09-15 08:43:51', NULL),
(37, 9, 30, '<b>HDF00009</b> → Successfully completed order!', '2022-09-15 08:43:57', NULL),
(38, 20, 39, '<b>HDF00020</b> → Updated guest details', '2022-09-15 13:18:08', NULL),
(39, 21, 37, 'Booked MARLENE DENZON in room 206', '2022-09-15 14:09:52', NULL),
(40, 21, 37, '<b>HDF00021</b> → Updated notes', '2022-09-15 14:25:49', NULL),
(41, 22, 37, 'Reserved ARCHIE SECTET in room 202', '2022-09-15 14:26:57', NULL),
(42, 22, 37, '<b>HDF00022</b> → Cancelled a reservation!', '2022-09-15 14:28:26', NULL),
(43, 21, 37, '<b>HDF00021</b> → Updated notes', '2022-09-15 14:29:35', NULL),
(44, 23, 18, 'Reserved Jovin Maneja in room 202', '2022-09-15 15:44:39', NULL),
(45, 23, 18, '<b>HDF00023</b> → Cancelled a reservation!', '2022-09-15 15:45:04', NULL),
(46, 24, 18, 'Reserved Jovin Maneja in room 202', '2022-09-15 16:02:47', NULL),
(47, 24, 18, '<b>HDF00024</b> → Cancelled a reservation!', '2022-09-15 16:08:55', NULL),
(48, 26, 18, 'Reserved Jovin Maneja in room 203', '2022-09-15 16:55:33', NULL),
(49, 26, 18, '<b>HDF00026</b> → Cancelled a reservation!', '2022-09-15 16:56:20', NULL),
(50, 25, 37, '<b>HDF00025</b> → Successfully checked in!', '2022-09-15 17:02:35', NULL),
(51, 27, 37, 'Reserved ROSE ANN GO in room 302', '2022-09-15 17:03:36', NULL),
(52, 27, 37, '<b>HDF00027</b> → Successfully checked in!', '2022-09-15 17:04:02', NULL),
(53, 27, 37, '<b>HDF00027</b> → Updated guest details', '2022-09-15 17:04:57', NULL),
(54, 27, 37, '<b>HDF00027</b> → Updated guest details', '2022-09-15 17:05:01', NULL),
(55, 28, 18, 'Reserved Jovin Maneja in room 205', '2022-09-15 17:13:43', NULL),
(56, 28, 18, '<b>HDF00028</b> → Cancelled a reservation!', '2022-09-15 17:13:51', NULL),
(57, 29, 18, 'Booked Jovin Maneja in room 202', '2022-09-15 17:37:23', NULL),
(58, 29, 18, '<b>HDF00029</b> → Cancelled a booking!', '2022-09-15 17:37:38', NULL),
(59, 30, 18, 'Reserved Jovin Maneja in room 202', '2022-09-15 17:37:48', NULL),
(60, 30, 18, '<b>HDF00030</b> → Cancelled a reservation!', '2022-09-15 17:37:56', NULL),
(61, 31, 34, 'Reserved Francisco Ibañez in room 415', '2022-09-15 18:31:38', NULL),
(62, 31, 34, '<b>HDF00031</b> → Cancelled a reservation!', '2022-09-15 18:31:56', NULL),
(63, 32, 37, 'Reserved ERLINDA  RANCHEZ in room 205', '2022-09-15 19:38:46', NULL),
(64, 32, 37, '<b>HDF00032</b> → Successfully checked in!', '2022-09-15 19:39:29', NULL),
(65, 33, 37, 'Booked TURLA JUVEN JR. in room 210', '2022-09-15 19:41:33', NULL),
(66, 33, 37, '<b>210 ES</b> → Updated extras: <b>02 extra beds</b> and <b>0 extra persons</b>', '2022-09-15 19:41:50', NULL),
(67, 34, 37, 'Booked ECOSSENTIAL FOOD in room 305', '2022-09-15 19:43:40', NULL),
(68, 35, 37, 'Booked ECOSSENTIAL FOOD in room 306', '2022-09-15 19:44:29', NULL),
(69, 36, 37, 'Booked FRANCES MACALINGGA in room 307', '2022-09-15 19:45:20', NULL),
(70, 37, 37, 'Booked ROY  FLOR in room 405', '2022-09-15 19:47:38', NULL),
(71, 38, 37, 'Booked KIARRA FORMANES in room 406', '2022-09-15 19:49:09', NULL),
(72, 39, 37, 'Booked ZOC 09489169128 in room 202', '2022-09-15 19:52:04', NULL),
(73, 40, 37, 'Booked ZAC ZACATE in room 203', '2022-09-15 19:53:05', NULL),
(74, 39, 37, '<b>HDF00039</b> → Updated guest details', '2022-09-15 19:53:28', NULL),
(75, 25, 37, '<b>HDF00025</b> → Updated guest details', '2022-09-15 19:54:19', NULL),
(76, 21, 37, '<b>HDF00021</b> → Updated guest details', '2022-09-15 19:55:52', NULL),
(77, 41, 37, 'Booked ADELLE CASTILLO in room 208', '2022-09-15 19:57:00', NULL),
(78, 42, 37, 'Booked ZAC ZACATE in room 209', '2022-09-15 19:57:53', NULL),
(79, 21, 37, '<b>HDF00021</b> → Updated notes', '2022-09-15 19:59:23', NULL),
(80, 27, 37, '<b>HDF00027</b> → Updated guest details', '2022-09-15 20:01:32', NULL),
(81, 43, 37, 'Booked ZAC ZACATE in room 303', '2022-09-15 20:04:01', NULL),
(82, 44, 37, 'Booked ZAC ZACATE in room 304', '2022-09-15 20:04:27', NULL),
(83, 45, 37, 'Booked ZAC ZACATE in room 308', '2022-09-15 20:06:30', NULL),
(84, 46, 37, 'Booked ZAC ZACATE in room 309', '2022-09-15 20:07:54', NULL),
(85, 47, 37, 'Booked CINDY CAPATE in room 402', '2022-09-15 20:09:43', NULL),
(86, 13, 37, '<b>403 DT</b> → Changed room from <b>DT 403</b> 2 nights 09/13/2022 - 09/15/2022 to <b>403 DT</b> 3 nights 09/13/2022 - 09/16/2022', '2022-09-15 20:13:27', NULL),
(87, 13, 37, '<b>HDF00013</b> → Updated guest details', '2022-09-15 20:15:28', NULL),
(88, 13, 37, '<b>403 DT</b> → Set room discount of <b>0% (N/A)</b>', '2022-09-15 20:15:35', NULL),
(89, 13, 37, '<b>403 DT</b> → Set room discount of <b>0% (N/A)</b>', '2022-09-15 20:15:47', NULL),
(90, 48, 37, 'Booked ZAC ZACATE in room 404', '2022-09-15 20:17:47', NULL),
(91, 49, 37, 'Booked ZAC ZACATE in room 407', '2022-09-15 20:20:11', NULL),
(92, 50, 37, 'Booked ZAC ZACATE in room 408', '2022-09-15 20:20:50', NULL),
(93, 51, 37, 'Booked ZAC ZACATE in room 409', '2022-09-15 20:21:14', NULL),
(94, 53, 37, 'Reserved rosario abonis in room 203', '2022-09-16 20:39:13', NULL),
(95, 54, 37, 'Reserved JENNY GERVACIO in room 204', '2022-09-16 20:40:52', NULL),
(96, 55, 30, 'Reserved LGU TALALORA in room 201', '2022-09-20 06:57:44', NULL),
(97, 55, 30, '<b>HDF00055</b> → Cancelled a reservation!', '2022-09-20 06:58:27', NULL),
(98, 56, 30, 'Reserved LGU TALALORA in room 201', '2022-09-20 06:59:21', NULL),
(99, 57, 30, 'Reserved SHAWN PAMGIT in room 202', '2022-09-22 12:18:30', NULL),
(100, 57, 30, '<b>HDF00057</b> → Cancelled a reservation!', '2022-09-22 12:19:05', NULL),
(101, 19, 30, '<b>408 DT</b> → Checked out room <b>1 night</b> from <b>09/13/2022</b> to <b>09/14/2022</b>', '2022-09-23 14:40:07', NULL),
(102, 58, 30, 'Booked Jovin Maneja in room 201', '2022-09-23 14:40:58', NULL),
(103, 58, 30, '<b>201 ES</b> → Added <b>1 Stained Item(s)</b> - <b>Smoking inside the room</b> amounting ₱<b>2,500</b> each', '2022-09-23 14:41:35', NULL),
(104, 58, 30, '<b>201 ES</b> → Added <b>Restaurant</b> charge: <b>Ref. sber cakes </b> pcs for ₱<b>250</b> each', '2022-09-23 14:42:27', NULL),
(105, 58, 30, '<b>201 ES</b> → Added <b>1 Broken / Damaged Item(s)</b> - <b>Damage Chair</b> amounting ₱<b>350</b> each', '2022-09-23 14:42:50', NULL),
(106, 58, 30, '<b>HDF00058</b> → Added <b>room</b> payment to <b>201 ES</b> using <b>cash</b> amounting ₱<b>5,000</b>', '2022-09-23 14:43:43', NULL),
(107, 59, 39, 'Reserved JULIET JOCELYN GUARINO in room 305', '2022-09-24 07:16:24', NULL),
(108, 59, 18, '<b>HDF00059</b> → Successfully checked in!', '2022-09-24 07:56:06', NULL),
(109, 59, 18, '<b>305 ER</b> → Removed <b>1</b> <b>Early & Late Charges</b> - <b>Early Check In</b> amounting ₱<b>560</b> each', '2022-09-24 07:57:00', NULL),
(110, 58, 18, '<b>HDF00058</b> → Cancelled a booking!', '2022-09-24 08:02:34', NULL),
(111, 62, 39, 'Reserved ELMER BERONIO in room 306', '2022-09-24 10:57:25', NULL),
(112, 63, 39, 'Reserved LERMA AMOS in room 205', '2022-09-24 11:00:58', NULL),
(113, 61, 39, '<b>HDF00061</b> → Cancelled a reservation!', '2022-09-24 11:01:33', NULL),
(114, 64, 30, 'Reserved MA. SHEREM LUMERAN in room 206', '2022-09-25 11:37:07', NULL),
(115, 64, 30, '<b>HDF00064</b> → Successfully checked in!', '2022-09-25 12:15:18', NULL),
(116, 64, 30, '<b>207 DK</b> → Booked room for <b>1 night</b> from <b>09/25/2022</b> to <b>09/26/2022</b>', '2022-09-25 12:16:00', NULL),
(117, 64, 30, '<b>206 ER</b> → Set room discount of <b>20% (PWD)</b>', '2022-09-25 12:16:15', NULL),
(118, 64, 30, '<b>206 ER</b> → Removed <b>1</b> <b>Early & Late Charges</b> - <b>Early Check In</b> amounting ₱<b>560</b> each', '2022-09-25 12:16:39', NULL),
(119, 64, 30, '<b>HDF00064</b> → Updated notes to <b>WALK-IN PAID ROOM IN ADVANCE WITH PWD DISCOUNT\r\nNO EARLY CHECK-IN FEE DUE TO GUEST CHECK-IN @12NOON.</b>', '2022-09-25 12:17:15', NULL),
(120, 64, 30, '<b>HDF00064</b> → Added <b>room</b> payment to <b>206 ER</b> using <b>cash</b> amounting ₱<b>3,020</b>', '2022-09-25 12:17:30', NULL),
(121, 64, 30, '<b>HDF00064</b> → Added <b>room</b> payment to <b>206 ER</b> using <b>cash</b> amounting ₱<b>20</b>', '2022-09-25 12:17:58', NULL),
(122, 64, 30, '<b>HDF00064</b> → Updated notes to <b>WALK-IN PAID ROOM IN ADVANCE WITH PWD DISCOUNT\r\nNO EARLY CHECK-IN FEE DUE TO GUEST CHECK-IN @12NOON.\r\n\r\n207 NYP TO CHECK IF THEY HAVE CORP DISCOUNT UNDER FWD.</b>', '2022-09-25 12:19:21', NULL),
(123, 65, 30, 'Booked WINLOVE BALLON in room 402', '2022-09-25 14:32:49', NULL),
(124, 66, 39, 'Booked KAREN KAY ABEJERO in room 406', '2022-09-25 15:27:23', NULL),
(125, 65, 39, '<b>HDF00065</b> → Updated notes to <b>CHANGE P200</b>', '2022-09-25 15:28:16', NULL),
(126, 64, 30, '<b>207 DK</b> → Set room discount of <b>10% (Owner-A)</b>', '2022-09-26 14:18:10', NULL),
(127, 64, 30, '<b>HDF00064</b> → Added <b>room</b> payment to <b>207 DK</b> using <b>cash</b> amounting ₱<b>2,610</b>', '2022-09-26 14:19:34', NULL),
(128, 64, 30, '<b>HDF00064</b> → Successfully completed order!', '2022-09-26 14:19:54', NULL),
(129, 65, 30, '<b>HDF00065</b> → Added <b>room</b> payment to <b>402 DT</b> using <b>cash</b> amounting ₱<b>2,900</b>', '2022-09-26 14:20:36', NULL),
(130, 65, 30, '<b>HDF00065</b> → Successfully completed order!', '2022-09-26 14:20:39', NULL),
(131, 66, 30, '<b>HDF00066</b> → Added <b>room</b> payment to <b>406 ER</b> using <b>cash</b> amounting ₱<b>3,800</b>', '2022-09-26 14:21:03', NULL),
(132, 66, 30, '<b>HDF00066</b> → Successfully completed order!', '2022-09-26 14:21:08', NULL),
(133, 67, 30, 'Booked SUSANA ABERIA in room 308', '2022-09-26 14:23:22', NULL),
(134, 68, 39, 'Booked LITO BAJADO in room 306', '2022-09-26 14:24:57', NULL),
(135, 69, 39, 'Booked RESTITUO BAJADO in room 305', '2022-09-26 14:25:53', NULL),
(136, 70, 39, 'Booked RAYNITA ABOY in room 407', '2022-09-26 14:26:41', NULL),
(137, 71, 39, 'Booked ALEXANDER DOCABO in room 406', '2022-09-26 14:31:38', NULL),
(138, 72, 39, 'Booked MYRA CAMPANI in room 404', '2022-09-26 14:33:06', NULL),
(139, 73, 39, 'Booked CHRISTINE BAGAS in room 205', '2022-09-26 14:36:41', NULL),
(140, 74, 39, 'Booked JERICH NELSOM MONTES in room 206', '2022-09-26 14:37:34', NULL),
(141, 75, 39, 'Booked ANNA LISA DAGUINOD in room 307', '2022-09-26 14:38:22', NULL),
(142, 76, 39, 'Booked ALBERT AFABLE in room 405', '2022-09-26 14:39:01', NULL),
(143, 77, 39, 'Booked DALMACIO PAJANUSTAN in room 401', '2022-09-26 14:40:39', NULL),
(144, 77, 39, '<b>HDF00077</b> → Updated notes to <b>C/O PAFES</b>', '2022-09-26 14:42:00', NULL),
(145, 73, 39, '<b>HDF00073</b> → Updated notes to <b>C/O LGU MAYDOLONG</b>', '2022-09-26 14:42:44', NULL),
(146, 74, 39, '<b>HDF00074</b> → Updated notes to <b>C/O LGU MAYDOLONG</b>', '2022-09-26 14:42:58', NULL),
(147, 69, 39, '<b>HDF00069</b> → Updated notes to <b>C/O LGU MAYDOLONG</b>', '2022-09-26 14:43:12', NULL),
(148, 68, 39, '<b>HDF00068</b> → Updated notes to <b>C/O LGU MAYDOLONG</b>', '2022-09-26 14:44:46', NULL),
(149, 75, 39, '<b>HDF00075</b> → Updated notes to <b>C/O LGU MAYDOLONG</b>', '2022-09-26 14:45:13', NULL),
(150, 67, 39, '<b>HDF00067</b> → Updated notes to <b>C/O LGU MAYDOLONG</b>', '2022-09-26 14:45:34', NULL),
(151, 72, 39, '<b>HDF00072</b> → Updated notes to <b>C/O LGU MAYDOLONG</b>', '2022-09-26 14:45:48', NULL),
(152, 76, 39, '<b>HDF00076</b> → Updated notes to <b>C/O LGU MAYDOLONG</b>', '2022-09-26 14:46:05', NULL),
(153, 71, 39, '<b>HDF00071</b> → Updated notes to <b>C/O LGU MAYDOLONG</b>', '2022-09-26 14:46:20', NULL),
(154, 70, 39, '<b>HDF00070</b> → Updated notes to <b>C/O LGU MAYDOLONG</b>', '2022-09-26 14:46:31', NULL),
(155, 78, 36, 'Reserved CHRISTINE BAGAS in room 205', '2022-09-26 21:59:14', NULL),
(156, 79, 36, 'Reserved JERICH NELSOM MONTES in room 206', '2022-09-26 22:00:58', NULL),
(157, 80, 36, 'Reserved suzette ogayo in room 201', '2022-09-26 22:19:14', NULL),
(158, 81, 36, 'Reserved elaine  ty in room 305', '2022-09-26 22:20:36', NULL),
(159, 82, 36, 'Reserved jean jean in room 408', '2022-09-26 22:21:56', NULL),
(160, 83, 36, 'Reserved international justice in room 202', '2022-09-26 22:22:48', NULL),
(161, 84, 36, 'Reserved INTERNATIONAL JUSTICE in room 203', '2022-09-26 22:23:25', NULL),
(162, 85, 36, 'Reserved INTERNATIONAL JUSTICE in room 204', '2022-09-26 22:23:55', NULL),
(163, 86, 36, 'Reserved INTERNATIONAL JUSTICE in room 207', '2022-09-26 22:24:21', NULL),
(164, 87, 36, 'Reserved INTERNATIONAL JUSTICE in room 208', '2022-09-26 22:25:05', NULL),
(165, 88, 36, 'Reserved INTERNATIONAL JUSTICE in room 209', '2022-09-26 22:25:35', NULL),
(166, 89, 36, 'Reserved NELLY FABELLA in room 301', '2022-09-26 22:26:45', NULL),
(167, 90, 36, 'Reserved INTERNATIONAL JUSTICE in room 302', '2022-09-26 22:27:29', NULL),
(168, 91, 36, 'Reserved INTERNATIONAL JUSTICE in room 303', '2022-09-26 22:28:03', NULL),
(169, 92, 36, 'Reserved INTERNATIONAL JUSTICE in room 304', '2022-09-26 22:28:37', NULL),
(170, 93, 36, 'Reserved ELAINE TY in room 306', '2022-09-26 22:29:24', NULL),
(171, 94, 36, 'Reserved NOCKOLAS HOYLE in room 410', '2022-09-26 22:30:43', NULL),
(172, 95, 36, 'Reserved DOH DOH in room 205', '2022-09-26 22:44:13', NULL),
(173, 96, 36, 'Reserved ROGER LAPONTE in room 201', '2022-09-26 22:48:28', NULL),
(174, 97, 36, 'Reserved ROGER LAPONTE in room 210', '2022-09-26 22:50:47', NULL),
(175, 98, 36, 'Reserved ROGER LAMONTE in room 310', '2022-09-26 22:56:13', NULL),
(176, 99, 30, 'Booked MAYOR. GODOFREDO GARADO in room 412', '2022-09-27 07:35:09', NULL),
(177, 100, 30, 'Booked RONEBETH COTIN in room 209', '2022-09-27 07:38:49', NULL),
(178, 101, 30, 'Booked AZURA  PASCUAL in room 408', '2022-09-27 07:42:03', NULL),
(179, 102, 30, 'Booked JIA ROMERO in room 415', '2022-09-27 07:43:13', NULL),
(180, 103, 30, 'Booked RICHELLE CODILLO in room 210', '2022-09-27 07:45:51', NULL),
(181, 104, 30, 'Booked MA. JESSELYN SABORIJES in room 302', '2022-09-27 07:47:53', NULL),
(182, 105, 30, 'Booked MA. GINA SUASBA in room 410', '2022-09-27 07:49:13', NULL),
(183, 106, 30, 'Booked FINEIL LUSTE in room 301', '2022-09-27 07:51:05', NULL),
(184, 107, 30, 'Booked KEVIN MONTALLANA in room 203', '2022-09-27 07:53:39', NULL),
(185, 108, 30, 'Booked REYNALDO COLINA in room 303', '2022-09-27 07:55:16', NULL),
(186, 109, 30, 'Booked APURA TEODORO ERIC in room 202', '2022-09-27 07:58:19', NULL),
(187, 110, 30, 'Booked SACO GLADIS in room 309', '2022-09-27 07:59:33', NULL),
(188, 111, 30, 'Booked ERMA MOSENDE in room 207', '2022-09-27 08:01:04', NULL),
(189, 112, 30, 'Booked BONIFACIO CALOS in room 304', '2022-09-27 08:02:32', NULL),
(190, 113, 30, 'Booked ERWIN SESIO in room 208', '2022-09-27 08:04:51', NULL),
(191, 114, 30, 'Booked FRANCISCO ROSAROSO in room 310', '2022-09-27 08:06:05', NULL),
(192, 115, 30, 'Booked DOROTHY ARTUGUE in room 403', '2022-09-27 08:07:53', NULL),
(193, 115, 30, '<b>403 DT</b> → Booked room for <b>1 night</b> from <b>09/27/2022</b> to <b>09/28/2022</b>', '2022-09-27 08:08:44', NULL),
(194, 105, 30, '<b>409 DT</b> → Changed room from <b>ES 410</b> 2 nights 09/26/2022 - 09/28/2022 to <b>409 DT</b> 1 night 09/26/2022 - 09/27/2022', '2022-09-27 08:11:43', NULL),
(195, 116, 30, 'Booked FENIZA ROSABETH in room 410', '2022-09-27 08:12:42', NULL),
(196, 117, 30, 'Booked ZESSTTE BERTOS in room 414', '2022-09-27 08:13:54', NULL),
(197, 118, 30, 'Booked ANNIE ABELLA in room 402', '2022-09-27 08:14:57', NULL),
(198, 77, 30, '<b>401 ES</b> → Booked room for <b>1 night</b> from <b>09/27/2022</b> to <b>09/28/2022</b>', '2022-09-27 08:17:21', NULL),
(199, 101, 30, '<b>408 DT</b> → Booked room for <b>1 night</b> from <b>09/27/2022</b> to <b>09/28/2022</b>', '2022-09-27 08:18:16', NULL),
(200, 105, 30, '<b>409 DT</b> → Booked room for <b>1 night</b> from <b>09/27/2022</b> to <b>09/28/2022</b>', '2022-09-27 08:18:57', NULL),
(201, 102, 30, '<b>415 SSK</b> → Booked room for <b>1 night</b> from <b>09/27/2022</b> to <b>09/28/2022</b>', '2022-09-27 08:19:41', NULL),
(202, 74, 30, '<b>206 ER</b> → Booked room for <b>1 night</b> from <b>09/28/2022</b> to <b>09/29/2022</b>', '2022-09-27 08:20:58', NULL),
(203, 69, 30, '<b>305 ER</b> → Booked room for <b>2 nights</b> from <b>09/27/2022</b> to <b>09/29/2022</b>', '2022-09-27 08:22:15', NULL),
(204, 68, 30, '<b>306 ER</b> → Booked room for <b>2 nights</b> from <b>09/27/2022</b> to <b>09/29/2022</b>', '2022-09-27 08:22:51', NULL),
(205, 75, 30, '<b>307 DK</b> → Booked room for <b>2 nights</b> from <b>09/27/2022</b> to <b>09/29/2022</b>', '2022-09-27 08:24:04', NULL),
(206, 79, 30, '<b>HDF00079</b> → Successfully checked in!', '2022-09-27 08:24:26', NULL),
(207, 78, 30, '<b>HDF00078</b> → Successfully checked in!', '2022-09-27 08:24:37', NULL),
(208, 119, 30, 'Booked RODOLFO UNAY in room 204', '2022-09-27 08:28:45', NULL),
(209, 119, 30, '<b>HDF00119</b> → Updated guest details', '2022-09-27 08:28:53', NULL),
(210, 119, 30, '<b>HDF00119</b> → Updated guest details', '2022-09-27 08:29:04', NULL),
(211, 119, 30, '<b>HDF00119</b> → Added <b>room</b> payment to <b>204 DK</b> using <b>cash</b> amounting ₱<b>2,900</b>', '2022-09-27 08:29:24', NULL),
(212, 120, 30, 'Booked JOEL  BABARIN in room 413', '2022-09-27 08:31:38', NULL),
(213, 120, 30, '<b>413 SSK</b> → Added <b>Coffeeshop</b> charge: <b>Ref. 15232 BEVERAGE </b> pcs for ₱<b>155</b> each', '2022-09-27 08:33:29', NULL),
(214, 120, 30, '<b>413 SSK</b> → Added <b>Restaurant</b> charge: <b>Ref. 10226 MEALS  </b> pcs for ₱<b>1,946</b> each', '2022-09-27 08:34:08', NULL),
(215, 120, 30, '<b>HDF00120</b> → Added <b>room</b> payment to <b>413 SSK</b> using <b>cash</b> amounting ₱<b>4,200</b>', '2022-09-27 08:35:40', NULL),
(216, 121, 30, 'Booked RIVA MANRIQUE in room 411', '2022-09-27 08:38:35', NULL),
(217, 121, 30, '<b>411 SST</b> → Added <b>Coffeeshop</b> charge: <b>Ref. 15230 SNACKS </b> pcs for ₱<b>340</b> each', '2022-09-27 08:40:05', NULL),
(218, 121, 30, '<b>411 SST</b> → Added <b>Coffeeshop</b> charge: <b>Ref. 15226 SNACKS  </b> pcs for ₱<b>585</b> each', '2022-09-27 08:40:43', NULL),
(219, 121, 30, '<b>411 SST</b> → Added <b>Coffeeshop</b> charge: <b>Ref. 15200 SNACKS </b> pcs for ₱<b>350</b> each', '2022-09-27 08:41:20', NULL),
(220, 121, 30, '<b>411 SST</b> → Added <b>Restaurant</b> charge: <b>Ref. 10200 MEAL </b> pcs for ₱<b>192</b> each', '2022-09-27 08:41:58', NULL),
(221, 121, 30, '<b>411 SST</b> → Added <b>Restaurant</b> charge: <b>Ref. 10229 MEAL </b> pcs for ₱<b>320</b> each', '2022-09-27 08:42:36', NULL),
(222, 121, 30, '<b>411 SST</b> → Added <b>Restaurant</b> charge: <b>Ref. 15234 SNACK </b> pcs for ₱<b>120</b> each', '2022-09-27 08:43:08', NULL),
(223, 121, 30, '<b>411 SST</b> → Updated extras: <b>1 extra bed</b> and <b>0 extra persons</b>', '2022-09-27 08:43:26', NULL),
(224, 121, 30, '<b>411 SST</b> → Added <b>4 Additional Amenities</b> - <b>Bottled Water (250 ml)</b> amounting ₱<b>25</b> each', '2022-09-27 08:44:09', NULL),
(225, 121, 30, '<b>HDF00121</b> → Added <b>room</b> payment to <b>411 SST</b> using <b>card</b> amounting ₱<b>4,200</b>', '2022-09-27 08:44:46', NULL),
(226, 122, 30, 'Booked WHELAN BADEN in room 416', '2022-09-27 08:47:38', NULL),
(227, 73, 30, '<b>205 ER</b> → Changed room from <b>ER 205</b> 1 night 09/26/2022 - 09/27/2022 to <b>205 ER</b> 3 nights 09/26/2022 - 09/29/2022', '2022-09-27 08:56:13', NULL),
(228, 74, 30, '<b>206 ER</b> → Changed room from <b>ER 206</b> 1 night 09/26/2022 - 09/27/2022 to <b>206 ER</b> 3 nights 09/26/2022 - 09/29/2022', '2022-09-27 08:57:08', NULL),
(229, 67, 30, '<b>308 DT</b> → Changed room from <b>DT 308</b> 1 night 09/26/2022 - 09/27/2022 to <b>308 DT</b> 3 nights 09/26/2022 - 09/29/2022', '2022-09-27 08:57:54', NULL),
(230, 72, 30, '<b>404 DK</b> → Changed room from <b>DK 404</b> 1 night 09/26/2022 - 09/27/2022 to <b>404 DK</b> 3 nights 09/26/2022 - 09/29/2022', '2022-09-27 08:58:21', NULL),
(231, 76, 30, '<b>405 ER</b> → Changed room from <b>ER 405</b> 1 night 09/26/2022 - 09/27/2022 to <b>405 ER</b> 3 nights 09/26/2022 - 09/29/2022', '2022-09-27 08:58:51', NULL),
(232, 71, 30, '<b>406 ER</b> → Changed room from <b>ER 406</b> 1 night 09/26/2022 - 09/27/2022 to <b>406 ER</b> 3 nights 09/26/2022 - 09/29/2022', '2022-09-27 08:59:12', NULL),
(233, 123, 30, 'Booked AGRICULTURE TRAINING in room 201', '2022-09-27 09:03:19', NULL),
(234, 123, 30, '<b>HDF00123</b> → Cancelled a booking!', '2022-09-27 09:04:48', NULL),
(235, 124, 30, 'Reserved AGRICULTURE TRAINING in room 201', '2022-09-27 09:06:06', NULL),
(236, 125, 30, 'Reserved PBSP . in room 202', '2022-09-27 09:10:52', NULL),
(237, 126, 30, 'Reserved PBSP , in room 203', '2022-09-27 09:11:26', NULL),
(238, 127, 30, 'Booked SUSAN BACAYU in room 204', '2022-09-27 09:13:29', NULL),
(239, 127, 30, '<b>HDF00127</b> → Cancelled a booking!', '2022-09-27 09:15:03', NULL),
(240, 128, 30, 'Booked SUSAN BACAYO in room 204', '2022-09-27 09:15:36', NULL),
(241, 128, 30, '<b>HDF00128</b> → Cancelled a booking!', '2022-09-27 09:16:05', NULL),
(242, 129, 30, 'Reserved SUSAN BACAYO in room 204', '2022-09-27 09:16:31', NULL),
(243, 130, 30, 'Reserved PBSP . in room 208', '2022-09-27 09:17:32', NULL),
(244, 131, 30, 'Reserved PBSP . in room 209', '2022-09-27 09:18:02', NULL),
(245, 132, 30, 'Reserved PBSP . in room 302', '2022-09-27 09:18:47', NULL),
(246, 133, 30, 'Reserved BRYAN KIN G in room 304', '2022-09-27 09:21:11', NULL),
(247, 134, 30, 'Reserved CHARGES LEO  ABELLA in room 411', '2022-09-27 09:22:30', NULL),
(248, 135, 30, 'Booked LGU MAYDOLONG in room 407', '2022-09-27 09:24:48', NULL),
(249, 129, 30, '<b>HDF00129</b> → Successfully checked in!', '2022-09-27 09:27:34', NULL),
(250, 136, 30, 'Reserved JOSEPH MARCON in room 413', '2022-09-27 09:31:20', NULL),
(251, 122, 30, '<b>416 SST</b> → Changed room from <b>SST 416</b> 1 night 09/26/2022 - 09/27/2022 to <b>416 SST</b> 2 nights 09/26/2022 - 09/28/2022', '2022-09-27 09:58:20', NULL),
(252, 121, 30, '<b>411 SST</b> → Added <b>1 Others</b> - <b>Laundry</b> amounting ₱<b>180</b> each', '2022-09-27 11:08:01', NULL),
(253, 121, 30, '<b>HDF00121</b> → Added <b>room</b> payment to <b>411 SST</b> using <b>cash</b> amounting ₱<b>3,112</b>', '2022-09-27 11:18:16', NULL),
(254, 121, 30, '<b>HDF00121</b> → Successfully completed order!', '2022-09-27 11:27:13', NULL),
(255, 119, 30, '<b>HDF00119</b> → Successfully completed order!', '2022-09-27 12:42:24', NULL),
(256, 133, 30, '<b>HDF00133</b> → Successfully checked in!', '2022-09-27 12:42:58', NULL),
(257, 129, 30, '<b>HDF00129</b> → Cancelled a booking!', '2022-09-27 12:45:34', NULL),
(258, 129, 30, '<b>HDF00129</b> → Cancelled a booking!', '2022-09-27 12:45:35', NULL),
(259, 133, 30, '<b>204 DK</b> → Changed room from <b>DK 304</b> 2 nights 09/27/2022 - 09/29/2022 to <b>204 DK</b> 2 nights 09/27/2022 - 09/29/2022', '2022-09-27 12:46:12', NULL),
(260, 137, 30, 'Reserved SUSAN  BACAYO in room 304', '2022-09-27 12:47:50', NULL),
(261, 137, 30, '<b>HDF00137</b> → Cancelled a reservation!', '2022-09-27 12:48:22', NULL),
(262, 138, 30, 'Reserved SUSAN BACAYU in room 304', '2022-09-27 12:49:04', NULL),
(263, 133, 30, '<b>204 DK</b> → Removed <b>1</b> <b>Early & Late Charges</b> - <b>Early Check In</b> amounting ₱<b>560</b> each', '2022-09-27 12:56:29', NULL),
(264, 133, 30, '<b>HDF00133</b> → Added <b>room</b> payment to <b>204 DK</b> using <b>cash</b> amounting ₱<b>5,800</b>', '2022-09-27 12:58:12', NULL),
(265, 136, 30, '<b>HDF00136</b> → Cancelled a reservation!', '2022-09-27 13:36:44', NULL),
(266, 134, 30, '<b>HDF00134</b> → Cancelled a reservation!', '2022-09-27 13:37:07', NULL),
(267, 139, 30, 'Reserved RAMIL TANDOC in room 411', '2022-09-27 13:37:57', NULL),
(268, 109, 30, '<b>202 DT</b> → Checked out room <b>1 night</b> from <b>09/26/2022</b> to <b>09/27/2022</b>', '2022-09-27 14:26:53', NULL),
(269, 107, 30, '<b>203 DT</b> → Checked out room <b>1 night</b> from <b>09/26/2022</b> to <b>09/27/2022</b>', '2022-09-27 14:31:58', NULL),
(270, 113, 30, '<b>208 DT</b> → Checked out room <b>1 night</b> from <b>09/26/2022</b> to <b>09/27/2022</b>', '2022-09-27 14:32:30', NULL),
(271, 100, 30, '<b>209 DT</b> → Checked out room <b>1 night</b> from <b>09/26/2022</b> to <b>09/27/2022</b>', '2022-09-27 14:32:49', NULL),
(272, 104, 30, '<b>302 DT</b> → Checked out room <b>1 night</b> from <b>09/26/2022</b> to <b>09/27/2022</b>', '2022-09-27 14:33:11', NULL),
(273, 112, 30, '<b>304 DK</b> → Checked out room <b>1 night</b> from <b>09/26/2022</b> to <b>09/27/2022</b>', '2022-09-27 14:33:40', NULL),
(274, 124, 30, '<b>HDF00124</b> → Successfully checked in!', '2022-09-27 14:34:55', NULL),
(275, 124, 30, '<b>201 ES</b> → Removed <b>1</b> <b>Early & Late Charges</b> - <b>Early Check In</b> amounting ₱<b>560</b> each', '2022-09-27 14:35:04', NULL),
(276, 133, 30, '<b>204 DK</b> → Changed room from <b>DK 204</b> 2 nights 09/27/2022 - 09/29/2022 to <b>204 DK</b> 1 night 09/27/2022 - 09/28/2022', '2022-09-27 15:49:04', NULL),
(277, 140, 39, 'Reserved HERMINON  GULMATICO in room 204', '2022-09-27 15:50:21', NULL),
(278, 141, 39, 'Reserved ELAINE   TY in room 301', '2022-09-27 15:52:53', NULL),
(279, 142, 39, 'Reserved PBSP PBSP in room 303', '2022-09-27 15:54:35', NULL),
(280, 143, 39, 'Reserved DELLE TRICY MICOLE CAFE in room 304', '2022-09-27 16:04:40', NULL),
(281, 144, 39, 'Reserved PBSP . in room 402', '2022-09-27 16:06:11', NULL),
(282, 145, 39, 'Reserved PBSP . in room 403', '2022-09-27 16:06:44', NULL),
(283, 146, 39, 'Reserved BRYAN KING in room 408', '2022-09-27 16:08:31', NULL),
(284, 147, 39, 'Reserved MARY JANE  TRINKS  in room 409', '2022-09-27 16:12:05', NULL),
(285, 148, 39, 'Reserved CHARLES LEO  ABALLE in room 411', '2022-09-27 16:13:05', NULL),
(286, 149, 39, 'Reserved GERLIE  LOYOLA in room 413', '2022-09-27 16:14:10', NULL),
(287, 150, 39, 'Reserved SAMUEL  OBAYAN in room 414', '2022-09-27 16:15:07', NULL),
(288, 151, 39, 'Reserved JOHN RUSSEL  PERAS in room 201', '2022-09-27 16:17:41', NULL),
(289, 152, 39, 'Reserved LEYTE  DIVISION  in room 204', '2022-09-27 16:18:58', NULL),
(290, 153, 39, 'Reserved LGU  BABATNGON  in room 205', '2022-09-27 16:56:49', NULL),
(291, 154, 39, 'Reserved LGU  BABATNGON in room 206', '2022-09-27 16:58:17', NULL),
(292, 155, 39, 'Reserved LEYTE DIVISION in room 207', '2022-09-27 17:00:20', NULL),
(293, 156, 39, 'Reserved LEYTE  DIVISION  in room 304', '2022-09-27 17:01:03', NULL),
(294, 157, 39, 'Reserved ELAINE   TY in room 305', '2022-09-27 17:02:13', NULL),
(295, 158, 39, 'Reserved LGU BABATNGON  in room 306', '2022-09-27 17:03:37', NULL),
(296, 159, 39, 'Reserved LGU  BABATNGON  in room 404', '2022-09-27 17:18:06', NULL),
(297, 160, 39, 'Reserved LGU BABATNGON  in room 405', '2022-09-27 17:36:26', NULL),
(298, 161, 39, 'Reserved LEYTE DIVISION  in room 406', '2022-09-27 17:37:32', NULL),
(299, 162, 39, 'Reserved LEYTE DIVISION  in room 407', '2022-09-27 17:37:58', NULL),
(300, 163, 39, 'Reserved LEYTE DIVISION  in room 408', '2022-09-27 17:38:17', NULL),
(301, 164, 39, 'Reserved LEYTE DIVISION  in room 409', '2022-09-27 17:38:38', NULL),
(302, 165, 39, 'Reserved REYNANTE RAMILO in room 414', '2022-09-27 17:41:19', NULL),
(303, 166, 39, 'Reserved ADAM  HUMPHREYS in room 415', '2022-09-27 17:42:29', NULL),
(304, 122, 39, '<b>HDF00122</b> → Updated guest details', '2022-09-27 17:44:22', NULL),
(305, 122, 39, '<b>416 SST</b> → Changed room from <b>SST 416</b> 2 nights 09/26/2022 - 09/28/2022 to <b>416 SST</b> 4 nights 09/26/2022 - 09/30/2022', '2022-09-27 17:45:12', NULL),
(306, 167, 39, 'Reserved JOHN RUSSEL  PERAS in room 301', '2022-09-27 19:31:27', NULL),
(307, 168, 39, 'Reserved LEYTE  DIVISION  in room 307', '2022-09-27 19:32:26', NULL),
(308, 169, 39, 'Reserved PBSP . in room 308', '2022-09-27 19:33:40', NULL),
(309, 170, 39, 'Reserved PBSP . in room 309', '2022-09-27 19:34:01', NULL),
(310, 166, 39, '<b>HDF00166</b> → Cancelled a reservation!', '2022-09-27 19:36:52', NULL),
(311, 171, 39, 'Reserved ADAM  HUMPHREYS in room 413', '2022-09-27 19:37:21', NULL),
(312, 172, 39, 'Reserved RHEA  DEZALESA in room 415', '2022-09-27 19:38:00', NULL),
(313, 173, 39, 'Reserved PRECOUS NADINE  NAPOLI in room 201', '2022-09-27 19:39:45', NULL),
(314, 174, 39, 'Reserved JEAN . in room 204', '2022-09-27 19:40:50', NULL),
(315, 175, 39, 'Reserved PRECOUS NADINE  NAPOLI in room 210', '2022-09-27 19:42:59', NULL),
(316, 172, 39, '<b>HDF00172</b> → Cancelled a reservation!', '2022-09-27 19:55:27', NULL),
(317, 171, 39, '<b>HDF00171</b> → Cancelled a reservation!', '2022-09-27 19:55:54', NULL),
(318, 176, 39, 'Reserved ADAM  HUMPHREYS in room 415', '2022-09-27 20:02:17', NULL),
(319, 177, 39, 'Reserved RHEA  DEZALESA in room 413', '2022-09-27 20:03:56', NULL),
(320, 178, 39, 'Reserved ETHEL  DACURAWAT in room 411', '2022-09-27 20:05:00', NULL),
(321, 179, 39, 'Reserved TALITA  ARPON  in room 413', '2022-09-27 20:05:58', NULL),
(322, 180, 39, 'Reserved ROSITA VARIS in room 401', '2022-09-27 20:07:00', NULL),
(323, 125, 39, '<b>HDF00125</b> → Cancelled a reservation!', '2022-09-27 20:19:15', NULL),
(324, 126, 39, '<b>HDF00126</b> → Cancelled a reservation!', '2022-09-27 20:19:27', NULL),
(325, 130, 39, '<b>HDF00130</b> → Cancelled a reservation!', '2022-09-27 20:19:36', NULL),
(326, 131, 39, '<b>HDF00131</b> → Cancelled a reservation!', '2022-09-27 20:19:44', NULL),
(327, 132, 39, '<b>HDF00132</b> → Cancelled a reservation!', '2022-09-27 20:19:53', NULL),
(328, 142, 39, '<b>HDF00142</b> → Cancelled a reservation!', '2022-09-27 20:20:05', NULL),
(329, 144, 39, '<b>HDF00144</b> → Cancelled a reservation!', '2022-09-27 20:20:22', NULL),
(330, 145, 39, '<b>HDF00145</b> → Cancelled a reservation!', '2022-09-27 20:20:37', NULL),
(331, 169, 39, '<b>HDF00169</b> → Cancelled a reservation!', '2022-09-27 20:20:47', NULL),
(332, 170, 39, '<b>HDF00170</b> → Cancelled a reservation!', '2022-09-27 20:20:56', NULL),
(333, 181, 39, 'Booked GEORGE  DELA CRUZ in room 203', '2022-09-27 20:21:46', NULL),
(334, 182, 39, 'Booked NIKA  CANEDO in room 413', '2022-09-27 20:22:53', NULL),
(335, 138, 39, '<b>HDF00138</b> → Successfully checked in!', '2022-09-27 20:23:33', NULL),
(336, 183, 39, 'Reserved LISA GON-GON in room 202', '2022-09-27 20:26:19', NULL),
(337, 146, 30, '<b>HDF00146</b> → Cancelled a reservation!', '2022-09-28 23:55:08', NULL),
(338, 133, 30, '<b>HDF00133</b> → Added refund amount of ₱<b>2,900</b> to <b>204 DK</b> with a reason of <b>GUEST COMOLAIN THAT HIS ROOM IS NOISY.</b>', '2022-09-28 23:59:45', NULL),
(339, 141, 39, '<b>HDF00141</b> → Cancelled a reservation!', '2022-09-29 10:12:44', NULL),
(340, 140, 39, '<b>HDF00140</b> → Cancelled a reservation!', '2022-09-29 10:13:30', NULL),
(341, 184, 39, 'Reserved SHERYL MAKABENTA BAUTISTA  MAKABENTA BAUTISTA in room 210', '2022-09-29 10:17:54', NULL),
(342, 185, 39, 'Booked CHARLES LEO  ABALLE in room 403', '2022-09-29 10:19:47', NULL),
(343, 186, 39, 'Reserved LGU BABATNGON  in room 203', '2022-09-29 10:21:38', NULL),
(344, 156, 39, '<b>HDF00156</b> → Cancelled a reservation!', '2022-09-29 10:22:14', NULL),
(345, 187, 39, 'Booked LEYTE DIVISION  in room 304', '2022-09-29 10:23:02', NULL),
(346, 187, 39, '<b>HDF00187</b> → Updated guest details', '2022-09-29 10:23:16', NULL),
(347, 159, 39, '<b>HDF00159</b> → Cancelled a reservation!', '2022-09-29 10:24:17', NULL),
(348, 162, 39, '<b>HDF00162</b> → Cancelled a reservation!', '2022-09-29 10:26:38', NULL),
(349, 163, 39, '<b>HDF00163</b> → Cancelled a reservation!', '2022-09-29 10:27:53', NULL),
(350, 164, 39, '<b>HDF00164</b> → Cancelled a reservation!', '2022-09-29 10:28:10', NULL),
(351, 188, 39, 'Reserved RHEA   DEZALESA in room 411', '2022-09-29 10:29:39', NULL),
(352, 188, 39, '<b>HDF00188</b> → Cancelled a reservation!', '2022-09-29 10:30:17', NULL),
(353, 148, 39, '<b>HDF00148</b> → Cancelled a reservation!', '2022-09-29 10:30:34', NULL),
(354, 189, 39, 'Reserved RHEA  DEZALESA in room 411', '2022-09-29 10:31:34', NULL),
(355, 177, 39, '<b>HDF00177</b> → Cancelled a reservation!', '2022-09-29 10:31:50', NULL),
(356, 186, 39, '<b>HDF00186</b> → Cancelled a reservation!', '2022-09-29 10:32:49', NULL),
(357, 179, 39, '<b>HDF00179</b> → Cancelled a reservation!', '2022-09-29 10:35:11', NULL),
(358, 190, 39, 'Reserved TALITA ARPON  in room 408', '2022-09-29 10:35:47', NULL),
(359, 191, 39, 'Reserved ADAM  HUMPHREYS in room 412', '2022-09-29 10:41:26', NULL),
(360, 192, 39, 'Reserved MELANIE MANITANI in room 404', '2022-09-29 10:48:27', NULL),
(361, 193, 39, 'Reserved MELANIE MANITANI in room 403', '2022-09-29 10:48:55', NULL),
(362, 122, 39, '<b>HDF00122</b> → Updated guest details', '2022-09-29 10:51:11', NULL),
(363, 76, 39, '<b>405 ER</b> → Checked out room <b>3 nights</b> from <b>09/26/2022</b> to <b>09/29/2022</b>', '2022-09-29 12:48:20', NULL),
(364, 99, 39, '<b>412 SSK</b> → Checked out room <b>3 nights</b> from <b>09/26/2022</b> to <b>09/29/2022</b>', '2022-09-29 12:49:07', NULL),
(365, 75, 39, '<b>307 DK</b> → Checked out room <b>2 nights</b> from <b>09/27/2022</b> to <b>09/29/2022</b>', '2022-09-29 12:49:50', NULL),
(366, 75, 39, '<b>307 DK</b> → Checked out room <b>1 night</b> from <b>09/26/2022</b> to <b>09/27/2022</b>', '2022-09-29 12:49:56', NULL),
(367, 73, 39, '<b>205 ER</b> → Checked out room <b>3 nights</b> from <b>09/26/2022</b> to <b>09/29/2022</b>', '2022-09-29 12:50:30', NULL),
(368, 72, 39, '<b>404 DK</b> → Checked out room <b>3 nights</b> from <b>09/26/2022</b> to <b>09/29/2022</b>', '2022-09-29 12:50:57', NULL),
(369, 71, 39, '<b>406 ER</b> → Checked out room <b>3 nights</b> from <b>09/26/2022</b> to <b>09/29/2022</b>', '2022-09-29 12:51:27', NULL),
(370, 68, 39, '<b>306 ER</b> → Checked out room <b>2 nights</b> from <b>09/27/2022</b> to <b>09/29/2022</b>', '2022-09-29 12:52:23', NULL),
(371, 68, 39, '<b>306 ER</b> → Checked out room <b>1 night</b> from <b>09/26/2022</b> to <b>09/27/2022</b>', '2022-09-29 12:52:29', NULL),
(372, 69, 39, '<b>305 ER</b> → Checked out room <b>2 nights</b> from <b>09/27/2022</b> to <b>09/29/2022</b>', '2022-09-29 12:53:24', NULL),
(373, 69, 39, '<b>305 ER</b> → Checked out room <b>1 night</b> from <b>09/26/2022</b> to <b>09/27/2022</b>', '2022-09-29 12:53:29', NULL),
(374, 70, 39, '<b>407 DK</b> → Checked out room <b>1 night</b> from <b>09/26/2022</b> to <b>09/27/2022</b>', '2022-09-29 12:53:48', NULL),
(375, 160, 39, '<b>HDF00160</b> → Cancelled a reservation!', '2022-09-29 14:18:46', NULL),
(376, 157, 30, '<b>HDF00157</b> → Cancelled a reservation!', '2022-09-30 08:19:30', NULL),
(377, 151, 30, '<b>HDF00151</b> → Cancelled a reservation!', '2022-09-30 08:20:40', NULL),
(378, 152, 30, '<b>HDF00152</b> → Cancelled a reservation!', '2022-09-30 08:27:33', NULL),
(379, 153, 30, '<b>HDF00153</b> → Cancelled a reservation!', '2022-09-30 08:27:46', NULL),
(380, 154, 30, '<b>HDF00154</b> → Cancelled a reservation!', '2022-09-30 08:27:55', NULL),
(381, 155, 30, '<b>HDF00155</b> → Cancelled a reservation!', '2022-09-30 08:28:03', NULL),
(382, 184, 30, '<b>HDF00184</b> → Cancelled a reservation!', '2022-09-30 08:28:12', NULL),
(383, 167, 30, '<b>HDF00167</b> → Cancelled a reservation!', '2022-09-30 08:28:21', NULL),
(384, 158, 30, '<b>HDF00158</b> → Cancelled a reservation!', '2022-09-30 08:28:29', NULL),
(385, 168, 30, '<b>HDF00168</b> → Cancelled a reservation!', '2022-09-30 08:28:37', NULL),
(386, 161, 30, '<b>HDF00161</b> → Cancelled a reservation!', '2022-09-30 08:28:45', NULL),
(387, 189, 30, '<b>HDF00189</b> → Cancelled a reservation!', '2022-09-30 08:28:52', NULL),
(388, 191, 30, '<b>HDF00191</b> → Cancelled a reservation!', '2022-09-30 08:29:00', NULL),
(389, 165, 30, '<b>HDF00165</b> → Cancelled a reservation!', '2022-09-30 08:29:08', NULL),
(390, 176, 30, '<b>HDF00176</b> → Cancelled a reservation!', '2022-09-30 08:29:20', NULL),
(391, 173, 30, '<b>HDF00173</b> → Cancelled a reservation!', '2022-09-30 08:30:48', NULL),
(392, 194, 39, 'Reserved LEYTE DIVISION  in room 203', '2022-09-30 08:32:58', NULL),
(393, 195, 39, 'Reserved MARIFE CUYOS in room 205', '2022-09-30 08:33:59', NULL),
(394, 196, 39, 'Reserved ATTY. JOSE CRISOSTOMO  GUADES in room 207', '2022-09-30 08:35:26', NULL),
(395, 197, 39, 'Reserved THEA  ARPON in room 208', '2022-09-30 08:37:30', NULL),
(396, 198, 39, 'Reserved ROSE MAE  CADIS  in room 209', '2022-09-30 08:38:55', NULL),
(397, 175, 39, '<b>HDF00175</b> → Cancelled a reservation!', '2022-09-30 08:39:11', NULL),
(398, 199, 39, 'Reserved IMELDA  SINGSON in room 301', '2022-09-30 08:40:53', NULL),
(399, 200, 39, 'Reserved MYLENE  CHAPMAN  in room 302', '2022-09-30 08:42:12', NULL),
(400, 201, 39, 'Reserved LUCY  ALAS in room 307', '2022-09-30 08:43:12', NULL),
(401, 193, 39, '<b>HDF00193</b> → Cancelled a reservation!', '2022-09-30 08:43:58', NULL),
(402, 192, 39, '<b>HDF00192</b> → Cancelled a reservation!', '2022-09-30 08:44:08', NULL),
(403, 202, 39, 'Reserved CHARLIE  TY in room 403', '2022-09-30 08:45:09', NULL),
(404, 203, 39, 'Reserved PRECOUS NADINE  NAPOLI in room 405', '2022-09-30 08:45:55', NULL),
(405, 204, 39, 'Reserved PRECOUS NADINE  NAPOLI in room 406', '2022-09-30 08:46:46', NULL),
(406, 205, 39, 'Reserved ELVIRA  LAZARRA in room 407', '2022-09-30 08:47:37', NULL),
(407, 201, 39, '<b>HDF00201</b> → Cancelled a reservation!', '2022-09-30 09:40:17', NULL),
(408, 206, 39, 'Booked LUCY  ALAS in room 409', '2022-09-30 09:41:03', NULL),
(409, 206, 39, '<b>HDF00206</b> → Added <b>room</b> payment to <b>409 DT</b> using <b>cash</b> amounting ₱<b>2,900</b>', '2022-09-30 09:42:21', NULL),
(410, 206, 39, '<b>HDF00206</b> → Added <b>addons</b> payment to <b>409 DT</b> using <b>cash</b> amounting ₱<b>560</b>', '2022-09-30 09:42:44', NULL),
(411, 207, 39, 'Booked GABUNAOAS SOFRONIO in room 309', '2022-09-30 09:52:04', NULL),
(412, 207, 39, '<b>HDF00207</b> → Added <b>room</b> payment to <b>309 DT</b> using <b>cash</b> amounting ₱<b>2,900</b>', '2022-09-30 09:52:21', NULL),
(413, 207, 39, '<b>HDF00207</b> → Added <b>addons</b> payment to <b>309 DT</b> using <b>cash</b> amounting ₱<b>560</b>', '2022-09-30 09:52:34', NULL),
(414, 207, 39, '<b>HDF00207</b> → Updated guest details', '2022-09-30 10:03:57', NULL),
(415, 208, 39, 'Reserved RONA ROSA MAE  MILITANTE in room 307', '2022-09-30 10:55:33', NULL),
(416, 206, 18, '<b>HDF00206</b> → Updated guest details', '2022-09-30 11:41:39', NULL),
(417, 207, 18, '<b>HDF00207</b> → Updated guest details', '2022-09-30 11:43:26', NULL),
(418, 206, 18, '<b>HDF00206</b> → Updated guest details', '2022-09-30 11:54:24', NULL),
(421, 211, 37, 'Reserved JOSHUA BANTE in room 206', '2022-10-01 04:28:00', NULL),
(422, 212, 37, 'Reserved SUZETTE OGOYO in room 210', '2022-10-01 04:40:15', NULL),
(423, 213, 37, 'Reserved WENCESLAO CATANGAY JR. in room 307', '2022-10-01 04:41:55', NULL),
(424, 214, 37, 'Reserved FLORA MAE ALEBIO in room 308', '2022-10-01 04:42:57', NULL),
(425, 215, 37, 'Reserved GWENDOLYN REMANDEMAN in room 309', '2022-10-01 04:43:57', NULL),
(426, 216, 37, 'Reserved FLORA MAE ALEBIO in room 310', '2022-10-01 04:46:06', NULL),
(427, 217, 37, 'Reserved RITCHIE VELASCO in room 401', '2022-10-01 04:46:59', NULL),
(428, 218, 37, 'Reserved JOSILITO BARONO in room 402', '2022-10-01 04:48:24', NULL),
(429, 219, 37, 'Reserved REGIE JAY CERENO in room 403', '2022-10-01 04:50:15', NULL),
(430, 220, 37, 'Reserved DARWIN ALYSSA in room 404', '2022-10-01 04:52:54', NULL),
(431, 83, 37, '<b>HDF00083</b> → Cancelled a reservation!', '2022-10-01 07:08:22', NULL),
(432, 84, 37, '<b>HDF00084</b> → Cancelled a reservation!', '2022-10-01 07:08:33', NULL),
(433, 85, 37, '<b>HDF00085</b> → Cancelled a reservation!', '2022-10-01 07:08:55', NULL),
(434, 86, 37, '<b>HDF00086</b> → Cancelled a reservation!', '2022-10-01 07:09:09', NULL),
(435, 87, 37, '<b>HDF00087</b> → Cancelled a reservation!', '2022-10-01 07:09:19', NULL),
(436, 88, 37, '<b>HDF00088</b> → Cancelled a reservation!', '2022-10-01 07:09:27', NULL),
(437, 90, 37, '<b>HDF00090</b> → Cancelled a reservation!', '2022-10-01 07:09:36', NULL),
(438, 91, 37, '<b>HDF00091</b> → Cancelled a reservation!', '2022-10-01 07:09:45', NULL),
(439, 92, 37, '<b>HDF00092</b> → Cancelled a reservation!', '2022-10-01 07:09:53', NULL),
(440, 80, 37, '<b>HDF00080</b> → Cancelled a reservation!', '2022-10-01 07:10:38', NULL),
(441, 194, 37, '<b>HDF00194</b> → Cancelled a reservation!', '2022-10-01 07:13:01', NULL),
(442, 221, 18, 'Reserved Jovin Maneja in room 201', '2022-10-01 07:22:44', NULL),
(443, 222, 18, 'Booked Ryan Rarugal in room 202', '2022-10-01 07:23:05', NULL),
(444, 222, 18, '<b>HDF00222</b> → Cancelled a booking!', '2022-10-01 07:23:24', NULL),
(445, 223, 18, 'Reserved Ryan Rarugal in room 202', '2022-10-01 07:23:41', NULL),
(446, 221, 18, '<b>HDF00221</b> → Cancelled a reservation!', '2022-10-01 07:24:14', NULL),
(447, 223, 18, '<b>HDF00223</b> → Cancelled a reservation!', '2022-10-01 07:24:23', NULL),
(448, 224, 18, 'Reserved joseph vincent maneja in room 201', '2022-10-01 07:24:49', NULL),
(449, 225, 18, 'Booked jovin sedurante in room 202', '2022-10-01 07:25:10', NULL),
(450, 225, 18, '<b>HDF00225</b> → Cancelled a booking!', '2022-10-01 07:25:22', NULL),
(451, 226, 18, 'Reserved jovin sedurante in room 202', '2022-10-01 07:25:51', NULL),
(452, 224, 18, '<b>HDF00224</b> → Cancelled a reservation!', '2022-10-01 07:26:13', NULL),
(453, 226, 18, '<b>HDF00226</b> → Cancelled a reservation!', '2022-10-01 07:26:19', NULL),
(454, 227, 37, 'Reserved JOSELITO BORONA in room 202', '2022-10-01 07:28:12', NULL),
(455, 228, 37, 'Reserved DAVES ADONO in room 203', '2022-10-01 07:29:16', NULL),
(456, 229, 39, 'Booked SUZETTE OGOYO in room 201', '2022-10-01 08:20:11', NULL),
(457, 229, 39, '<b>201 ES</b> → Removed <b>1</b> <b>Early & Late Charges</b> - <b>Early Check In</b> amounting ₱<b>560</b> each', '2022-10-01 08:20:58', NULL),
(458, 230, 39, 'Reserved DAVES ADONO in room 204', '2022-10-01 08:22:42', NULL),
(459, 231, 39, 'Reserved DANIEL  CABIGON in room 208', '2022-10-01 08:25:24', NULL),
(460, 232, 39, 'Reserved JULUIS RAMON  BASKE in room 302', '2022-10-01 08:29:00', NULL),
(461, 233, 39, 'Reserved FRANKIE  LONGARA in room 303', '2022-10-01 08:29:59', NULL),
(462, 234, 39, 'Reserved NELVIN  CABATINGAN in room 304', '2022-10-01 08:39:13', NULL),
(463, 81, 39, '<b>HDF00081</b> → Cancelled a reservation!', '2022-10-01 08:39:47', NULL),
(464, 93, 39, '<b>HDF00093</b> → Cancelled a reservation!', '2022-10-01 08:40:00', NULL),
(465, 235, 39, 'Reserved CONNIE FRANCIS  LELIS in room 305', '2022-10-01 08:41:39', NULL),
(466, 236, 39, 'Reserved LILIA/PHILIP  CUENVA in room 306', '2022-10-01 08:42:22', NULL),
(467, 215, 39, '<b>HDF00215</b> → Cancelled a reservation!', '2022-10-01 08:42:51', NULL),
(468, 237, 39, 'Reserved GWENDOLYN  REMANDIMAN  in room 309', '2022-10-01 08:43:52', NULL),
(469, 238, 39, 'Reserved IRENE LAZARRA in room 405', '2022-10-01 08:46:23', NULL),
(470, 239, 39, 'Reserved BANNY LABAGALA in room 406', '2022-10-01 08:47:28', NULL),
(471, 240, 39, 'Reserved DARWIN/ALYSSA  CUEVA in room 409', '2022-10-01 11:10:58', NULL),
(472, 241, 39, 'Reserved MICA  OBZONAR in room 411', '2022-10-01 11:12:54', NULL),
(473, 242, 39, 'Reserved JV  OVEÑA in room 413', '2022-10-01 11:13:50', NULL),
(474, 243, 39, 'Reserved SISIL MARIE  ARIZZA in room 416', '2022-10-01 11:14:20', NULL),
(475, 227, 36, '<b>HDF00227</b> → Successfully checked in!', '2022-10-01 16:14:54', NULL),
(476, 244, 36, 'Booked JEAN JEAN in room 207', '2022-10-01 16:16:39', NULL),
(477, 245, 36, 'Booked JOSE ALBERTO ALER in room 209', '2022-10-01 16:17:43', NULL),
(478, 212, 36, '<b>HDF00212</b> → Successfully checked in!', '2022-10-01 16:18:49', NULL),
(479, 89, 36, '<b>HDF00089</b> → Successfully checked in!', '2022-10-01 16:19:44', NULL),
(480, 233, 36, '<b>HDF00233</b> → Successfully checked in!', '2022-10-01 16:22:03', NULL),
(481, 234, 36, '<b>HDF00234</b> → Successfully checked in!', '2022-10-01 16:23:08', NULL),
(482, 235, 36, '<b>HDF00235</b> → Successfully checked in!', '2022-10-01 16:24:17', NULL),
(483, 214, 36, '<b>HDF00214</b> → Successfully checked in!', '2022-10-01 16:25:19', NULL),
(484, 218, 36, '<b>HDF00218</b> → Successfully checked in!', '2022-10-01 16:27:17', NULL),
(485, 219, 36, '<b>HDF00219</b> → Successfully checked in!', '2022-10-01 16:28:51', NULL),
(486, 220, 36, '<b>HDF00220</b> → Successfully checked in!', '2022-10-01 16:29:05', NULL),
(487, 238, 36, '<b>HDF00238</b> → Successfully checked in!', '2022-10-01 16:30:06', NULL),
(488, 239, 36, '<b>HDF00239</b> → Successfully checked in!', '2022-10-01 16:30:29', NULL),
(489, 246, 36, 'Booked MYLENE CHAPMAN  in room 407', '2022-10-01 16:31:18', NULL),
(490, 82, 36, '<b>HDF00082</b> → Successfully checked in!', '2022-10-01 16:33:39', NULL),
(491, 240, 36, '<b>HDF00240</b> → Successfully checked in!', '2022-10-01 16:34:56', NULL),
(492, 94, 36, '<b>HDF00094</b> → Successfully checked in!', '2022-10-01 16:35:44', NULL),
(493, 241, 36, '<b>HDF00241</b> → Successfully checked in!', '2022-10-01 16:35:58', NULL),
(494, 247, 36, 'Booked MAUREEN OVON in room 412', '2022-10-01 16:36:50', NULL),
(495, 248, 36, 'Booked JOSE NINO MASOLAS in room 414', '2022-10-01 16:37:57', NULL),
(496, 249, 36, 'Booked JV OVEÑA in room 415', '2022-10-01 16:38:58', NULL),
(497, 235, 36, '<b>HDF00235</b> → Updated guest details', '2022-10-01 16:47:18', NULL),
(498, 211, 36, '<b>HDF00211</b> → Successfully checked in!', '2022-10-01 17:02:23', NULL),
(499, 228, 36, '<b>HDF00228</b> → Successfully checked in!', '2022-10-01 17:32:42', NULL),
(500, 230, 36, '<b>HDF00230</b> → Successfully checked in!', '2022-10-01 17:32:50', NULL),
(501, 210, 36, '<b>HDF00210</b> → Successfully checked in!', '2022-10-01 17:36:05', NULL),
(502, 211, 36, '<b>HDF00211</b> → Updated guest details', '2022-10-01 17:36:47', NULL),
(503, 236, 36, '<b>HDF00236</b> → Successfully checked in!', '2022-10-01 17:38:08', NULL),
(504, 213, 36, '<b>HDF00213</b> → Successfully checked in!', '2022-10-01 17:38:25', NULL),
(505, 217, 36, '<b>HDF00217</b> → Successfully checked in!', '2022-10-01 17:38:55', NULL),
(506, 232, 36, '<b>HDF00232</b> → Successfully checked in!', '2022-10-01 17:39:19', NULL),
(507, 242, 36, '<b>HDF00242</b> → Successfully checked in!', '2022-10-01 17:40:01', NULL),
(508, 243, 36, '<b>HDF00243</b> → Successfully checked in!', '2022-10-01 17:52:22', NULL),
(509, 231, 36, '<b>HDF00231</b> → Successfully checked in!', '2022-10-01 18:49:39', NULL),
(510, 216, 36, '<b>HDF00216</b> → Successfully checked in!', '2022-10-01 20:53:21', NULL),
(511, 246, 30, '<b>407 DK</b> → Booked room for <b>1 night</b> from <b>10/02/2022</b> to <b>10/03/2022</b>', '2022-10-02 06:33:16', NULL),
(512, 216, 30, '<b>310 ES</b> → Booked room for <b>1 night</b> from <b>10/02/2022</b> to <b>10/03/2022</b>', '2022-10-02 06:34:03', NULL),
(513, 232, 30, '<b>HDF00232</b> → Added <b>room</b> payment to <b>302 DT</b> using <b>cash</b> amounting ₱<b>2,900</b>', '2022-10-02 08:20:47', NULL),
(514, 232, 30, '<b>302 DT</b> → Checked out room <b>1 night</b> from <b>10/01/2022</b> to <b>10/02/2022</b>', '2022-10-02 08:21:24', NULL),
(515, 237, 39, '<b>309 DT</b> → Removed <b>1</b> <b>Early & Late Charges</b> - <b>Early Check In</b> amounting ₱<b>560</b> each', '2022-10-02 08:23:40', NULL),
(516, 237, 39, '<b>HDF00237</b> → Added <b>room</b> payment to <b>309 DT</b> using <b>cash</b> amounting ₱<b>2,900</b>', '2022-10-02 08:23:57', NULL),
(517, 237, 39, '<b>309 DT</b> → Checked out room <b>1 night</b> from <b>10/01/2022</b> to <b>10/02/2022</b>', '2022-10-02 08:24:08', NULL),
(518, 229, 39, '<b>HDF00229</b> → Added <b>room</b> payment to <b>201 ES</b> using <b>cash</b> amounting ₱<b>4,800</b>', '2022-10-02 08:25:35', NULL),
(519, 227, 39, '<b>HDF00227</b> → Updated guest details', '2022-10-02 08:26:32', NULL),
(520, 227, 39, '<b>HDF00227</b> → Updated guest details', '2022-10-02 10:05:41', NULL);
INSERT INTO `booking_logs` (`booking_log_id`, `booking_id`, `user_id`, `activity`, `booking_log_added`, `booking_log_updated`) VALUES
(521, 227, 39, '<b>202 DT</b> → Removed <b>1</b> <b>Early & Late Charges</b> - <b>Early Check In</b> amounting ₱<b>560</b> each', '2022-10-02 10:05:50', NULL),
(522, 227, 39, '<b>HDF00227</b> → Added <b>room</b> payment to <b>202 DT</b> using <b>cash</b> amounting ₱<b>2,900</b>', '2022-10-02 10:06:04', NULL),
(523, 234, 39, '<b>HDF00234</b> → Updated guest details', '2022-10-02 10:06:53', NULL),
(524, 234, 39, '<b>304 DK</b> → Removed <b>1</b> <b>Early & Late Charges</b> - <b>Early Check In</b> amounting ₱<b>560</b> each', '2022-10-02 10:07:11', NULL),
(525, 234, 39, '<b>HDF00234</b> → Added <b>room</b> payment to <b>304 DK</b> using <b>cash</b> amounting ₱<b>2,900</b>', '2022-10-02 10:07:22', NULL),
(526, 234, 39, '<b>304 DK</b> → Checked out room <b>1 night</b> from <b>10/01/2022</b> to <b>10/02/2022</b>', '2022-10-02 10:07:32', NULL),
(527, 232, 39, '<b>302 DT</b> → Removed <b>1</b> <b>Early & Late Charges</b> - <b>Early Check In</b> amounting ₱<b>560</b> each', '2022-10-02 10:08:00', NULL),
(528, 232, 39, '<b>HDF00232</b> → Added <b>coffeeshop</b> payment to <b>302 DT</b> using <b>cash</b> amounting ₱<b>979</b>', '2022-10-02 10:08:20', NULL),
(529, 213, 39, '<b>HDF00213</b> → Added <b>room</b> payment to <b>307 DK</b> using <b>cash</b> amounting ₱<b>2,900</b>', '2022-10-02 10:10:48', NULL),
(530, 213, 39, '<b>307 DK</b> → Checked out room <b>1 night</b> from <b>10/01/2022</b> to <b>10/02/2022</b>', '2022-10-02 10:11:07', NULL),
(531, 239, 39, '<b>406 ER</b> → Removed <b>1</b> <b>Early & Late Charges</b> - <b>Early Check In</b> amounting ₱<b>560</b> each', '2022-10-02 10:11:45', NULL),
(532, 239, 39, '<b>HDF00239</b> → Added <b>room</b> payment to <b>406 ER</b> using <b>cash</b> amounting ₱<b>3,800</b>', '2022-10-02 10:11:54', NULL),
(533, 239, 39, '<b>406 ER</b> → Checked out room <b>1 night</b> from <b>10/01/2022</b> to <b>10/02/2022</b>', '2022-10-02 10:12:12', NULL),
(534, 247, 39, '<b>HDF00247</b> → Added <b>room</b> payment to <b>412 SSK</b> using <b>cash</b> amounting ₱<b>4,200</b>', '2022-10-02 10:12:37', NULL),
(535, 247, 39, '<b>412 SSK</b> → Checked out room <b>1 night</b> from <b>10/01/2022</b> to <b>10/02/2022</b>', '2022-10-02 10:12:47', NULL),
(536, 241, 39, '<b>411 SST</b> → Updated extras: <b>1 extra bed</b> and <b>0 extra persons</b>', '2022-10-02 10:15:02', NULL),
(537, 241, 39, '<b>411 SST</b> → Removed <b>1</b> <b>Early & Late Charges</b> - <b>Early Check In</b> amounting ₱<b>560</b> each', '2022-10-02 10:15:13', NULL),
(538, 241, 39, '<b>HDF00241</b> → Added <b>room</b> payment to <b>411 SST</b> using <b>cash</b> amounting ₱<b>4,200</b>', '2022-10-02 10:15:25', NULL),
(539, 243, 39, '<b>416 SST</b> → Removed <b>1</b> <b>Early & Late Charges</b> - <b>Early Check In</b> amounting ₱<b>560</b> each', '2022-10-02 10:18:55', NULL),
(540, 243, 39, '<b>HDF00243</b> → Added <b>room</b> payment to <b>416 SST</b> using <b>cash</b> amounting ₱<b>4,200</b>', '2022-10-02 10:20:37', NULL),
(541, 212, 39, '<b>HDF00212</b> → Updated guest details', '2022-10-02 10:21:41', NULL),
(542, 212, 39, '<b>HDF00212</b> → Added <b>room</b> payment to <b>210 ES</b> using <b>cash</b> amounting ₱<b>4,800</b>', '2022-10-02 10:21:55', NULL),
(543, 212, 39, '<b>210 ES</b> → Checked out room <b>1 night</b> from <b>10/01/2022</b> to <b>10/02/2022</b>', '2022-10-02 10:22:10', NULL),
(544, 251, 36, 'Booked DOH DOH in room 202', '2022-10-02 20:40:36', NULL),
(545, 252, 36, 'Booked DOH DOH in room 203', '2022-10-02 20:41:48', NULL),
(546, 253, 36, 'Booked DOH DOH in room 204', '2022-10-02 20:42:11', NULL),
(547, 254, 36, 'Booked MARVIN  MARCOS in room 205', '2022-10-02 20:43:26', NULL),
(548, 255, 36, 'Booked MERCY TAN in room 206', '2022-10-02 20:44:44', NULL),
(549, 256, 36, 'Booked JEAN JEAN in room 207', '2022-10-02 20:45:29', NULL),
(550, 257, 36, 'Booked DOH DOH in room 208', '2022-10-02 20:46:23', NULL),
(551, 258, 36, 'Booked DOH DOH in room 209', '2022-10-02 20:47:04', NULL),
(552, 259, 36, 'Booked DILG DILG in room 210', '2022-10-02 20:47:53', NULL),
(553, 260, 36, 'Booked VANISA ALINSAB in room 301', '2022-10-02 20:48:43', NULL),
(554, 261, 36, 'Booked MARVIN MARCOS in room 302', '2022-10-02 20:49:36', NULL),
(555, 262, 36, 'Booked DILG DILG in room 303', '2022-10-02 20:50:07', NULL),
(556, 263, 36, 'Booked DOH DOH in room 304', '2022-10-02 20:52:20', NULL),
(557, 264, 36, 'Booked DILG DILG in room 305', '2022-10-02 20:54:23', NULL),
(558, 265, 36, 'Booked DILG DILG in room 306', '2022-10-02 20:54:52', NULL),
(559, 266, 36, 'Booked DILG DILG in room 307', '2022-10-02 20:56:38', NULL),
(560, 267, 36, 'Booked MARVIN  MARCOS in room 308', '2022-10-02 21:12:01', NULL),
(561, 269, 36, 'Reserved DOH DOH in room 202', '2022-10-03 19:38:11', NULL),
(562, 270, 36, 'Booked DILG DILG in room 301', '2022-10-03 20:50:25', NULL),
(563, 271, 36, 'Booked BERNARDENO YU in room 306', '2022-10-03 20:51:33', NULL),
(564, 272, 36, 'Booked MARVIN MARCOS in room 302', '2022-10-03 20:52:33', NULL),
(565, 273, 36, 'Booked DOH DOH in room 307', '2022-10-03 20:52:51', NULL),
(566, 274, 36, 'Booked BUSINESS REVIEW in room 308', '2022-10-03 20:53:29', NULL),
(567, 275, 36, 'Booked BUSINESS REVIEW in room 309', '2022-10-03 20:54:10', NULL),
(568, 276, 36, 'Booked DILG DILG in room 310', '2022-10-03 20:54:41', NULL),
(569, 277, 36, 'Booked DILG DILG in room 401', '2022-10-03 20:57:17', NULL),
(570, 278, 36, 'Booked ELINITA EGANA in room 402', '2022-10-03 20:58:11', NULL),
(571, 279, 36, 'Booked MARVIN MARCOS in room 403', '2022-10-03 21:00:54', NULL),
(572, 280, 36, 'Booked MARVIN MARCOS in room 404', '2022-10-03 21:05:47', NULL),
(573, 281, 36, 'Booked DOH DOH in room 405', '2022-10-03 21:06:34', NULL),
(574, 282, 37, 'Booked DILG . in room 201', '2022-10-04 04:27:46', NULL),
(575, 283, 37, 'Booked DILG . in room 202', '2022-10-04 04:28:21', NULL),
(576, 284, 37, 'Booked DILG . in room 203', '2022-10-04 04:28:52', NULL),
(577, 285, 37, 'Booked DILG . in room 204', '2022-10-04 04:29:13', NULL),
(578, 286, 37, 'Booked BUSINESS REVIEW in room 205', '2022-10-04 04:30:27', NULL),
(579, 283, 37, '<b>HDF00283</b> → Updated guest details', '2022-10-04 04:31:15', NULL),
(580, 284, 37, '<b>HDF00284</b> → Updated guest details', '2022-10-04 04:31:41', NULL),
(581, 287, 37, 'Booked DOH . in room 207', '2022-10-04 04:32:38', NULL),
(582, 288, 37, 'Booked DILG . in room 210', '2022-10-04 04:33:28', NULL),
(583, 289, 37, 'Booked DOH . in room 303', '2022-10-04 04:34:04', NULL),
(584, 290, 37, 'Booked DOH . in room 406', '2022-10-04 04:35:27', NULL),
(585, 291, 37, 'Booked DOH . in room 407', '2022-10-04 04:36:08', NULL),
(586, 283, 18, '<b>303 DT</b> → Booked room for <b>1 night</b> from <b>10/04/2022</b> to <b>10/05/2022</b>', '2022-10-04 14:24:00', NULL),
(587, 283, 18, '<b>303 DT</b> → Removed room <b>1 night</b> from <b>10/04/2022</b> to <b>10/05/2022</b>', '2022-10-04 14:24:11', NULL),
(588, 292, 18, 'Booked Jovin Maneja in room 205', '2022-10-04 14:24:58', NULL),
(589, 292, 18, '<b>203 DT</b> → Booked room for <b>1 night</b> from <b>10/04/2022</b> to <b>10/05/2022</b>', '2022-10-04 14:25:13', NULL),
(590, 292, 18, '<b>208 DT</b> → Booked room for <b>1 night</b> from <b>10/04/2022</b> to <b>10/05/2022</b>', '2022-10-04 14:25:21', NULL),
(591, 292, 18, '<b>208 DT</b> → Added <b>Restaurant</b> charge: <b>Ref. awerawver food </b> pcs for ₱<b>1,580</b> each', '2022-10-04 14:26:08', NULL),
(592, 292, 18, '<b>HDF00292</b> → Added <b>restaurant</b> payment to <b>208 DT</b> using <b>cash</b> amounting ₱<b>1,580</b>', '2022-10-04 14:26:36', NULL),
(593, 292, 18, '<b>HDF00292</b> → Added <b>room</b> payment to <b>203 DT</b> using <b>cash</b> amounting ₱<b>2,900</b>', '2022-10-04 14:28:01', NULL),
(594, 292, 18, '<b>HDF00292</b> → Added <b>room</b> payment to <b>208 DT</b> using <b>cash</b> amounting ₱<b>2,900</b>', '2022-10-04 14:28:06', NULL),
(595, 292, 18, '<b>HDF00292</b> → Added <b>room</b> payment to <b>205 ER</b> using <b>cash</b> amounting ₱<b>3,800</b>', '2022-10-04 14:28:14', NULL),
(596, 292, 18, '<b>HDF00292</b> → Cancelled a booking!', '2022-10-04 14:30:17', NULL),
(597, 293, 18, 'Reserved Jovin Maneja in room 208', '2022-10-04 14:31:10', NULL),
(598, 293, 18, '<b>HDF00293</b> → Cancelled a reservation!', '2022-10-04 14:31:32', NULL),
(599, 268, 36, '<b>HDF00268</b> → Cancelled a reservation!', '2022-10-04 15:03:09', NULL),
(600, 269, 36, '<b>HDF00269</b> → Cancelled a reservation!', '2022-10-04 15:03:19', NULL),
(601, 294, 36, 'Booked DOH DOH in room 202', '2022-10-04 15:03:48', NULL),
(602, 294, 36, '<b>203 DT</b> → Booked room for <b>1 night</b> from <b>10/04/2022</b> to <b>10/05/2022</b>', '2022-10-04 15:04:08', NULL),
(603, 295, 41, 'Reserved Jose Vicente  Estella  in room 305', '2022-10-04 16:31:12', NULL),
(604, 296, 41, 'Reserved Jose Vicente  Estella  in room 306', '2022-10-04 16:31:43', NULL),
(605, 297, 41, 'Reserved Jose Vicente  Estella  in room 305', '2022-10-04 16:32:08', NULL),
(606, 294, 39, '<b>207 DK</b> → Booked room for <b>1 night</b> from <b>10/04/2022</b> to <b>10/05/2022</b>', '2022-10-04 19:40:36', NULL),
(607, 294, 39, '<b>208 DT</b> → Booked room for <b>1 night</b> from <b>10/04/2022</b> to <b>10/05/2022</b>', '2022-10-04 19:41:01', NULL),
(608, 294, 39, '<b>209 DT</b> → Booked room for <b>1 night</b> from <b>10/04/2022</b> to <b>10/05/2022</b>', '2022-10-04 19:41:19', NULL),
(609, 294, 39, '<b>304 DK</b> → Booked room for <b>1 night</b> from <b>10/04/2022</b> to <b>10/05/2022</b>', '2022-10-04 19:41:37', NULL),
(610, 294, 39, '<b>307 DK</b> → Booked room for <b>1 night</b> from <b>10/04/2022</b> to <b>10/05/2022</b>', '2022-10-04 19:41:52', NULL),
(611, 294, 39, '<b>405 ER</b> → Booked room for <b>1 night</b> from <b>10/04/2022</b> to <b>10/05/2022</b>', '2022-10-04 19:43:13', NULL),
(612, 294, 39, '<b>406 ER</b> → Booked room for <b>1 night</b> from <b>10/04/2022</b> to <b>10/05/2022</b>', '2022-10-04 19:43:25', NULL),
(613, 294, 39, '<b>407 DK</b> → Booked room for <b>1 night</b> from <b>10/04/2022</b> to <b>10/05/2022</b>', '2022-10-04 19:43:39', NULL),
(614, 298, 39, 'Booked DILG DILG in room 204', '2022-10-04 19:44:32', NULL),
(615, 299, 39, 'Booked BUSINESS REVIEW in room 205', '2022-10-04 19:47:35', NULL),
(616, 299, 39, '<b>308 DT</b> → Booked room for <b>1 night</b> from <b>10/04/2022</b> to <b>10/05/2022</b>', '2022-10-04 19:47:54', NULL),
(617, 299, 39, '<b>309 DT</b> → Booked room for <b>1 night</b> from <b>10/04/2022</b> to <b>10/05/2022</b>', '2022-10-04 19:48:08', NULL),
(618, 299, 39, '<b>411 SST</b> → Booked room for <b>1 night</b> from <b>10/04/2022</b> to <b>10/05/2022</b>', '2022-10-04 19:48:23', NULL),
(619, 300, 39, 'Booked RICHMOND SANTOS in room 206', '2022-10-04 19:49:27', NULL),
(620, 300, 39, '<b>HDF00300</b> → Added <b>room</b> payment to <b>206 ER</b> using <b>card</b> amounting ₱<b>3,800</b>', '2022-10-04 19:50:05', NULL),
(621, 301, 39, 'Booked XUNRONG ZOU in room 302', '2022-10-04 19:51:22', NULL),
(622, 301, 39, '<b>408 DT</b> → Booked room for <b>1 night</b> from <b>10/04/2022</b> to <b>10/05/2022</b>', '2022-10-04 19:51:37', NULL),
(623, 301, 39, '<b>HDF00301</b> → Added <b>room</b> payment to <b>408 DT</b> using <b>card</b> amounting ₱<b>5,800</b>', '2022-10-04 19:52:52', NULL),
(624, 302, 39, 'Booked BERNARDINO YU VEGA in room 305', '2022-10-04 19:54:02', NULL),
(625, 302, 39, '<b>HDF00302</b> → Updated guest details', '2022-10-04 19:54:53', NULL),
(626, 302, 39, '<b>305 ER</b> → Set room discount of <b>20% (PWD)</b>', '2022-10-04 19:55:08', NULL),
(627, 302, 39, '<b>HDF00302</b> → Added <b>room</b> payment to <b>305 ER</b> using <b>cash</b> amounting ₱<b>2,714</b>', '2022-10-04 19:55:44', NULL),
(628, 303, 39, 'Booked BERNARDINO YU VEGA in room 306', '2022-10-04 19:56:51', NULL),
(629, 302, 39, '<b>HDF00302</b> → Updated notes to <b>W/ RESA</b>', '2022-10-04 19:57:08', NULL),
(630, 304, 39, 'Reserved UNFPA/ MS BETH ORTIZ in room 310', '2022-10-04 19:57:53', NULL),
(631, 305, 39, 'Booked ELNITA EGANA in room 402', '2022-10-04 20:00:38', NULL),
(632, 305, 39, '<b>HDF00305</b> → Added <b>room</b> payment to <b>402 DT</b> using <b>cash</b> amounting ₱<b>2,900</b>', '2022-10-04 20:00:50', NULL),
(633, 306, 39, 'Booked DA DA in room 404', '2022-10-04 20:01:25', NULL),
(634, 307, 39, 'Booked MARY ABALOS in room 409', '2022-10-04 20:02:09', NULL),
(635, 307, 39, '<b>HDF00307</b> → Added <b>room</b> payment to <b>409 DT</b> using <b>cash</b> amounting ₱<b>2,900</b>', '2022-10-04 20:02:23', NULL),
(636, 308, 39, 'Booked MAC  BUILDERS in room 412', '2022-10-04 20:03:05', NULL),
(637, 308, 39, '<b>412 SSK</b> → Changed room from <b>SSK 412</b> 1 night 10/04/2022 - 10/05/2022 to <b>412 SSK</b> 2 nights 10/04/2022 - 10/06/2022', '2022-10-04 20:04:56', NULL),
(638, 308, 39, '<b>413 SSK</b> → Booked room for <b>1 night</b> from <b>10/04/2022</b> to <b>10/05/2022</b>', '2022-10-04 20:05:26', NULL),
(639, 308, 39, '<b>415 SSK</b> → Booked room for <b>1 night</b> from <b>10/04/2022</b> to <b>10/05/2022</b>', '2022-10-04 20:05:41', NULL),
(640, 308, 39, '<b>HDF00308</b> → Added <b>room</b> payment to <b>415 SSK</b> using <b>cash</b> amounting ₱<b>12,600</b>', '2022-10-04 20:06:11', NULL),
(641, 308, 39, '<b>415 SSK</b> → Changed room from <b>SSK 415</b> 1 night 10/04/2022 - 10/05/2022 to <b>415 SSK</b> 2 nights 10/04/2022 - 10/06/2022', '2022-10-04 20:06:29', NULL),
(642, 308, 39, '<b>413 SSK</b> → Changed room from <b>SSK 413</b> 1 night 10/04/2022 - 10/05/2022 to <b>413 SSK</b> 2 nights 10/04/2022 - 10/06/2022', '2022-10-04 20:06:35', NULL),
(643, 309, 39, 'Booked AVA SHARON BATAY-AN (DOH) in room 414', '2022-10-04 20:15:07', NULL),
(644, 305, 39, '<b>416 SST</b> → Booked room for <b>1 night</b> from <b>10/04/2022</b> to <b>10/05/2022</b>', '2022-10-04 20:15:46', NULL),
(645, 305, 39, '<b>HDF00305</b> → Added <b>room</b> payment to <b>416 SST</b> using <b>card</b> amounting ₱<b>4,200</b>', '2022-10-04 20:16:37', NULL),
(646, 310, 34, 'Reserved 4 4 in room 208', '2022-10-05 15:24:10', NULL),
(647, 311, 34, 'Reserved ROGER LAMONTE in room 205', '2022-10-05 16:07:58', NULL),
(648, 312, 34, 'Reserved Francsico Ibañez in room 210', '2022-10-05 16:35:53', NULL),
(649, 313, 34, 'Reserved Francsico Ibañez in room 303', '2022-10-05 17:08:27', NULL),
(650, 314, 34, 'Reserved Francsico Ibañez in room 306', '2022-10-05 17:08:43', NULL),
(651, 315, 34, 'Reserved Francsico Ibañez in room 307', '2022-10-05 17:09:02', NULL),
(652, 315, 34, '<b>HDF00315</b> → Successfully checked in!', '2022-10-06 09:20:41', NULL),
(653, 314, 34, '<b>HDF00314</b> → Successfully checked in!', '2022-10-06 09:25:31', NULL),
(654, 313, 34, '<b>HDF00313</b> → Successfully checked in!', '2022-10-06 09:37:50', NULL),
(655, 316, 34, 'Reserved Ryan Rarugal in room 407', '2022-10-06 09:54:36', NULL),
(656, 317, 34, 'Reserved Elpidio Villarosa in room 406', '2022-10-06 10:26:16', NULL),
(657, 314, 34, '<b>HDF00314</b> → Removed <b>cash</b> payment amounting ₱<b>200</b>', '2022-10-06 13:43:14', NULL),
(658, 314, 34, '<b>HDF00314</b> → Added <b>room</b> payment to <b>306 ER</b> using <b>cash</b> amounting ₱<b>100</b>', '2022-10-06 13:43:25', NULL),
(659, 314, 34, '<b>HDF00314</b> → Added <b>room</b> payment to <b>306 ER</b> using <b>cash</b> amounting ₱<b>700</b>', '2022-10-06 14:29:35', NULL),
(660, 314, 34, '<b>306 ER</b> → Added <b>Restaurant</b> charge: <b>Ref.  Food </b> pcs for ₱<b>500</b> each', '2022-10-06 14:30:17', NULL),
(661, 314, 34, '<b>306 ER</b> → Added <b>Coffeeshop</b> charge: <b>Ref.  Creamylatte </b> pcs for ₱<b>250</b> each', '2022-10-06 14:30:22', NULL),
(662, 314, 34, '<b>HDF00314</b> → Added <b>restaurant</b> payment to <b>306 ER</b> using <b>cash</b> amounting ₱<b>150</b>', '2022-10-06 14:30:31', NULL),
(663, 314, 34, '<b>HDF00314</b> → Added <b>coffeeshop</b> payment to <b>306 ER</b> using <b>cash</b> amounting ₱<b>50</b>', '2022-10-06 14:30:33', NULL),
(664, 314, 34, '<b>306 ER</b> → Updated extras: <b>1 extra bed</b> and <b>2 extra persons</b>', '2022-10-06 14:30:44', NULL),
(665, 314, 34, '<b>HDF00314</b> → Added <b>addons</b> payment to <b>306 ER</b> using <b>cash</b> amounting ₱<b>200</b>', '2022-10-06 14:30:51', NULL),
(666, 314, 34, '<b>HDF00314</b> → Added <b>addons</b> payment to <b>306 ER</b> using <b>cash</b> amounting ₱<b>400</b>', '2022-10-06 14:30:53', NULL),
(667, 314, 34, '<b>HDF00314</b> → Added <b>restaurant</b> payment to <b>306 ER</b> using <b>card</b> amounting ₱<b>20</b>', '2022-10-06 14:31:21', NULL),
(668, 314, 34, '<b>HDF00314</b> → Added <b>addons</b> payment to <b>306 ER</b> using <b>card</b> amounting ₱<b>50</b>', '2022-10-06 14:31:38', NULL),
(669, 314, 34, '<b>HDF00314</b> → Added <b>room</b> payment to <b>306 ER</b> using <b>card</b> amounting ₱<b>300</b>', '2022-10-06 14:31:57', NULL),
(670, 314, 34, '<b>HDF00314</b> → Added <b>coffeeshop</b> payment to <b>306 ER</b> using <b>card</b> amounting ₱<b>50</b>', '2022-10-06 14:32:38', NULL),
(671, 313, 34, '<b>303 DT</b> → Set room discount of <b>20% (Senior Citizen)</b>', '2022-10-06 15:57:13', NULL),
(672, 313, 34, '<b>303 DT</b> → Changed room from <b>DT 303</b> 2 nights 10/06/2022 - 10/08/2022 to <b>303 DT</b> 1 night 10/06/2022 - 10/07/2022', '2022-10-06 15:57:43', NULL),
(673, 318, 34, 'Booked Jovin Maneja in room 207', '2022-10-06 16:01:28', NULL),
(674, 319, 34, 'Reserved Jovin Maneja in room 208', '2022-10-06 16:01:54', NULL),
(675, 318, 34, '<b>HDF00318</b> → Charged this booking to <b>Francsico Osdons Ibañez III</b>', '2022-10-10 11:04:59', NULL),
(676, 294, 34, '<b>407 DK</b> → Checked out room <b>1 night</b> from <b>10/04/2022</b> to <b>10/05/2022</b>', '2022-10-10 11:20:32', NULL),
(677, 294, 34, '<b>HDF00294</b> → Charged this booking to <b>DOH  DOH </b>', '2022-10-10 11:21:58', NULL),
(678, 320, 34, 'Reserved Francsico Ibañez in room 204', '2022-10-10 13:50:03', NULL),
(679, 321, 34, 'Reserved Francsico Ibañez in room 204', '2022-10-10 13:50:22', NULL),
(680, 294, 34, '<b>HDF00294</b> → Added <b>room</b> payment to <b>406 ER</b> using <b>card</b> amounting ₱<b>150</b>', '2022-10-10 13:53:10', NULL),
(681, 294, 34, '<b>HDF00294</b> → Added <b>restaurant</b> payment to <b>406 ER</b> using <b>check</b> amounting ₱<b>123</b>', '2022-10-10 13:53:21', NULL),
(682, 294, 34, '<b>HDF00294</b> → Added <b>coffeeshop</b> payment to <b>406 ER</b> using <b>bank transfer</b> amounting ₱<b>123</b>', '2022-10-10 13:53:34', NULL),
(683, 294, 34, '<b>HDF00294</b> → Added <b>addons</b> payment to <b>406 ER</b> using <b>check</b> amounting ₱<b>150</b>', '2022-10-10 13:58:52', NULL),
(684, 294, 34, '<b>HDF00294</b> → Added <b>coffeeshop</b> payment to <b>307 DK</b> using <b>bank transfer</b> amounting ₱<b>520</b>', '2022-10-10 14:02:52', NULL),
(685, 294, 34, '<b>HDF00294</b> → Added <b>restaurant</b> payment to <b>407 DK</b> using <b>cash</b> amounting ₱<b>2</b>', '2022-10-10 14:08:00', NULL),
(686, 318, 34, '<b>HDF00318</b> → Added <b>coffeeshop</b> payment to <b>207 DK</b> using <b>check</b> amounting ₱<b>5</b>', '2022-10-10 14:15:19', NULL),
(687, 318, 34, '<b>HDF00318</b> → Added <b>restaurant</b> payment to <b>207 DK</b> using <b>bank transfer</b> amounting ₱<b>100</b>', '2022-10-10 14:15:53', NULL),
(688, 322, 34, 'Booked Francsico Ibañez in room 207', '2022-10-10 14:40:01', NULL),
(689, 322, 34, '<b>301 ES</b> → Booked room for <b>1 night</b> from <b>10/10/2022</b> to <b>10/11/2022</b>', '2022-10-10 14:40:09', NULL),
(690, 322, 34, '<b>207 DK</b> → Removed room <b>1 night</b> from <b>10/10/2022</b> to <b>10/11/2022</b>', '2022-10-10 14:40:17', NULL),
(691, 322, 34, '<b>301 ES</b> → Set room discount of <b>10% (Corporate)</b>', '2022-10-10 15:53:23', NULL),
(692, 322, 34, '<b>301 ES</b> → Updated extras: <b>1 extra bed</b> and <b>2 extra persons</b>', '2022-10-10 15:54:48', NULL),
(693, 322, 34, '<b>301 ES</b> → Added <b>Restaurant</b> charge: <b>Ref. 1 Food </b> pcs for ₱<b>120</b> each', '2022-10-10 15:57:45', NULL),
(694, 322, 34, '<b>304 DK</b> → Booked room for <b>1 night</b> from <b>10/10/2022</b> to <b>10/11/2022</b>', '2022-10-10 15:57:56', NULL),
(695, 322, 34, '<b>301 ES</b> → Added <b>Restaurant</b> charge: <b>Ref. 220 Food </b> pcs for ₱<b>1</b> each', '2022-10-10 16:00:17', NULL),
(696, 322, 34, '<b>301 ES</b> → Removed <b>restaurant</b> charge: Ref. <b>220 Food 1</b> pc for ₱<b>1</b> each', '2022-10-10 16:00:21', NULL),
(697, 322, 34, '<b>304 DK</b> → Added <b>Restaurant</b> charge: <b>Ref.  Food </b> pcs for ₱<b>220</b> each', '2022-10-10 16:00:33', NULL),
(698, 322, 34, '<b>304 DK</b> → Added <b>Restaurant</b> charge: <b>Ref.  Water </b> pcs for ₱<b>5</b> each', '2022-10-10 16:00:40', NULL),
(699, 322, 34, '<b>304 DK</b> → Added <b>2 Additional Amenities</b> - <b>Bottled Water (500 ml)</b> amounting ₱<b>50</b> each', '2022-10-10 16:12:26', NULL),
(700, 322, 34, '<b>304 DK</b> → Added <b>4 Additional Amenities</b> - <b>Bottled Water (500 ml)</b> amounting ₱<b>50</b> each', '2022-10-10 16:12:33', NULL),
(701, 322, 34, '<b>304 DK</b> → Added <b>Coffeeshop</b> charge: <b>Ref.  Creamylatte </b> pcs for ₱<b>50</b> each', '2022-10-10 16:20:35', NULL),
(702, 322, 34, '<b>304 DK</b> → Added <b>Coffeeshop</b> charge: <b>Ref.  Sugar </b> pcs for ₱<b>15</b> each', '2022-10-10 16:20:41', NULL),
(703, 322, 34, '<b>304 DK</b> → Added <b>1 Early & Late Charges</b> - <b>Early Check In</b> amounting ₱<b>560</b> each', '2022-10-10 16:21:54', NULL),
(704, 322, 34, '<b>301 ES</b> → Added <b>1 Early & Late Charges</b> - <b>Late Check out (Full-day Charge)</b> amounting ₱<b>0</b> each', '2022-10-10 16:22:16', NULL),
(705, 322, 34, '<b>304 DK</b> → Added <b>1 Early & Late Charges</b> - <b>Late Check out (Full-day Charge)</b> amounting ₱<b>0</b> each', '2022-10-10 16:41:22', NULL),
(706, 322, 34, '<b>304 DK</b> → Removed <b>1</b> <b>Early & Late Charges</b> - <b>Early Check In</b> amounting ₱<b>560</b> each', '2022-10-10 16:42:36', NULL),
(707, 322, 34, '<b>304 DK</b> → Removed <b>1</b> <b>Early & Late Charges</b> - <b>Late Check out (Full-day Charge)</b> amounting ₱<b>0</b> each', '2022-10-10 16:42:38', NULL),
(708, 322, 34, '<b>304 DK</b> → Added <b>1 Early & Late Charges</b> - <b>Late Check out (Full-day Charge)</b> amounting ₱<b>0</b> each', '2022-10-10 16:43:48', NULL),
(709, 322, 34, '<b>304 DK</b> → Set room discount of <b>10% (Owner-A)</b>', '2022-10-10 16:45:44', NULL),
(710, 322, 34, '<b>304 DK</b> → Updated extras: <b>1 extra bed</b> and <b>2 extra persons</b>', '2022-10-13 10:51:22', NULL),
(711, 322, 34, '<b>HDF00322</b> → Added <b>room</b> payment to <b>304 DK</b> using <b>cash</b> amounting ₱<b>1</b>', '2022-10-13 11:07:28', NULL),
(712, 322, 34, '<b>HDF00322</b> → Added <b>addons</b> payment to <b>304 DK</b> using <b>cash</b> amounting ₱<b>2</b>', '2022-10-13 11:07:40', NULL),
(713, 322, 34, '<b>HDF00322</b> → Added <b>addons</b> payment to <b>304 DK</b> using <b>cash</b> amounting ₱<b>3</b>', '2022-10-13 11:07:44', NULL),
(714, 322, 34, '<b>HDF00322</b> → Added <b>restaurant</b> payment to <b>304 DK</b> using <b>cash</b> amounting ₱<b>4</b>', '2022-10-13 11:08:05', NULL),
(715, 322, 34, '<b>HDF00322</b> → Added <b>coffeeshop</b> payment to <b>304 DK</b> using <b>cash</b> amounting ₱<b>5</b>', '2022-10-13 11:08:11', NULL),
(716, 322, 34, '<b>HDF00322</b> → Added <b>addons</b> payment to <b>304 DK</b> using <b>cash</b> amounting ₱<b>6</b>', '2022-10-13 11:08:16', NULL),
(717, 322, 34, '<b>HDF00322</b> → Added <b>room</b> payment to <b>304 DK</b> using <b>cash</b> amounting ₱<b>2,609</b>', '2022-10-13 11:39:26', NULL),
(718, 322, 34, '<b>HDF00322</b> → Added <b>room</b> payment to <b>304 DK</b> using <b>cash</b> amounting ₱<b>2,609</b>', '2022-10-13 11:41:04', NULL),
(719, 322, 34, '<b>HDF00322</b> → Removed <b>cash</b> payment amounting ₱<b>2</b>', '2022-10-13 11:41:15', NULL),
(720, 322, 34, '<b>HDF00322</b> → Added <b>room</b> payment to <b>304 DK</b> using <b>cash</b> amounting ₱<b>2,609</b>', '2022-10-13 11:41:23', NULL),
(721, 322, 34, '<b>HDF00322</b> → Removed <b>cash</b> payment amounting ₱<b>2</b>', '2022-10-13 11:41:27', NULL),
(722, 322, 34, '<b>HDF00322</b> → Added <b>room</b> payment to <b>304 DK</b> using <b>cash</b> amounting ₱<b>2,609</b>', '2022-10-13 11:43:44', NULL),
(723, 322, 34, '<b>HDF00322</b> → Removed <b>cash</b> payment amounting ₱<b>2,609</b>', '2022-10-13 11:43:49', NULL),
(724, 322, 34, '<b>HDF00322</b> → Added <b>room</b> payment to <b>304 DK</b> using <b>cash</b> amounting ₱<b>2,609</b>', '2022-10-13 11:47:40', NULL),
(725, 322, 34, '<b>HDF00322</b> → Removed <b>cash</b> payment amounting ₱<b>2,609</b>', '2022-10-13 11:47:48', NULL),
(726, 322, 34, '<b>HDF00322</b> → Added <b>room</b> payment to <b>304 DK</b> using <b>cash</b> amounting ₱<b>9</b>', '2022-10-13 11:47:55', NULL),
(727, 322, 34, '<b>HDF00322</b> → Added <b>restaurant</b> payment to <b>304 DK</b> using <b>cash</b> amounting ₱<b>221</b>', '2022-10-13 11:52:15', NULL),
(728, 322, 34, '<b>HDF00322</b> → Removed <b>cash</b> payment amounting ₱<b>221</b>', '2022-10-13 11:52:22', NULL),
(729, 322, 34, '<b>HDF00322</b> → Added <b>room</b> payment to <b>304 DK</b> using <b>cash</b> amounting ₱<b>2,600</b>', '2022-10-13 11:53:56', NULL),
(730, 322, 34, '<b>HDF00322</b> → Added <b>room</b> payment to <b>304 DK</b> using <b>cash</b> amounting ₱<b>-3</b>', '2022-10-13 11:53:56', NULL),
(731, 322, 34, '<b>HDF00322</b> → Added <b>room</b> payment to <b>301 ES</b> using <b>cash</b> amounting ₱<b>222</b>', '2022-10-13 11:53:56', NULL),
(732, 322, 34, '<b>HDF00322</b> → Added <b>room</b> payment to <b>301 ES</b> using <b>cash</b> amounting ₱<b>1</b>', '2022-10-13 11:53:56', NULL),
(733, 322, 34, '<b>HDF00322</b> → Removed <b>cash</b> payment amounting ₱<b>1</b>', '2022-10-13 11:54:12', NULL),
(734, 322, 34, '<b>HDF00322</b> → Removed <b>cash</b> payment amounting ₱<b>2,600</b>', '2022-10-13 11:54:16', NULL),
(735, 322, 34, '<b>HDF00322</b> → Removed <b>cash</b> payment amounting ₱<b>-3</b>', '2022-10-13 11:54:20', NULL),
(736, 322, 34, '<b>HDF00322</b> → Removed <b>cash</b> payment amounting ₱<b>222</b>', '2022-10-13 11:54:23', NULL),
(737, 322, 34, '<b>HDF00322</b> → Added <b>room</b> payment to <b>304 DK</b> using <b>cash</b> amounting ₱<b>2,600</b>', '2022-10-13 11:54:42', NULL),
(738, 322, 34, '<b>HDF00322</b> → Added <b>room</b> payment to <b>304 DK</b> using <b>cash</b> amounting ₱<b>-3</b>', '2022-10-13 11:54:42', NULL),
(739, 322, 34, '<b>HDF00322</b> → Added <b>room</b> payment to <b>301 ES</b> using <b>cash</b> amounting ₱<b>221</b>', '2022-10-13 11:54:42', NULL),
(740, 322, 34, '<b>HDF00322</b> → Added <b>room</b> payment to <b>301 ES</b> using <b>cash</b> amounting ₱<b>1</b>', '2022-10-13 11:54:42', NULL),
(741, 322, 34, '<b>HDF00322</b> → Removed <b>cash</b> payment amounting ₱<b>2,600</b>', '2022-10-13 11:55:15', NULL),
(742, 322, 34, '<b>HDF00322</b> → Removed <b>cash</b> payment amounting ₱<b>-3</b>', '2022-10-13 11:55:18', NULL),
(743, 322, 34, '<b>HDF00322</b> → Removed <b>cash</b> payment amounting ₱<b>221</b>', '2022-10-13 11:55:21', NULL),
(744, 322, 34, '<b>HDF00322</b> → Removed <b>cash</b> payment amounting ₱<b>1</b>', '2022-10-13 11:55:23', NULL),
(745, 322, 34, '<b>HDF00322</b> → Added <b>room</b> payment to <b>304 DK</b> using <b>cash</b> amounting ₱<b>2,600</b>', '2022-10-13 11:55:37', NULL),
(746, 322, 34, '<b>HDF00322</b> → Added <b>room</b> payment to <b>304 DK</b> using <b>cash</b> amounting ₱<b>-3</b>', '2022-10-13 11:55:37', NULL),
(747, 322, 34, '<b>HDF00322</b> → Added <b>room</b> payment to <b>301 ES</b> using <b>cash</b> amounting ₱<b>224</b>', '2022-10-13 11:55:37', NULL),
(748, 322, 34, '<b>HDF00322</b> → Added <b>room</b> payment to <b>301 ES</b> using <b>cash</b> amounting ₱<b>-4,096</b>', '2022-10-13 11:55:37', NULL),
(749, 322, 34, '<b>HDF00322</b> → Removed <b>cash</b> payment amounting ₱<b>2,600</b>', '2022-10-13 11:56:46', NULL),
(750, 322, 34, '<b>HDF00322</b> → Removed <b>cash</b> payment amounting ₱<b>-3</b>', '2022-10-13 11:56:48', NULL),
(751, 322, 34, '<b>HDF00322</b> → Removed <b>cash</b> payment amounting ₱<b>-4,096</b>', '2022-10-13 11:56:52', NULL),
(752, 322, 34, '<b>HDF00322</b> → Removed <b>cash</b> payment amounting ₱<b>224</b>', '2022-10-13 11:56:56', NULL),
(753, 322, 34, '<b>HDF00322</b> → Added <b>room</b> payment to <b>304 DK</b> using <b>cash</b> amounting ₱<b>2,600</b>', '2022-10-13 11:57:08', NULL),
(754, 322, 34, '<b>HDF00322</b> → Added <b>restaurant</b> payment to <b>304 DK</b> using <b>cash</b> amounting ₱<b>-3</b>', '2022-10-13 11:57:08', NULL),
(755, 322, 34, '<b>HDF00322</b> → Added <b>room</b> payment to <b>301 ES</b> using <b>cash</b> amounting ₱<b>224</b>', '2022-10-13 11:57:08', NULL),
(756, 322, 34, '<b>HDF00322</b> → Added <b>restaurant</b> payment to <b>301 ES</b> using <b>cash</b> amounting ₱<b>-4,096</b>', '2022-10-13 11:57:08', NULL),
(757, 322, 34, '<b>HDF00322</b> → Removed <b>cash</b> payment amounting ₱<b>-4,096</b>', '2022-10-13 11:57:57', NULL),
(758, 322, 34, '<b>HDF00322</b> → Removed <b>cash</b> payment amounting ₱<b>2,600</b>', '2022-10-13 11:58:00', NULL),
(759, 322, 34, '<b>HDF00322</b> → Removed <b>cash</b> payment amounting ₱<b>-3</b>', '2022-10-13 11:58:02', NULL),
(760, 322, 34, '<b>HDF00322</b> → Removed <b>cash</b> payment amounting ₱<b>224</b>', '2022-10-13 11:59:03', NULL),
(761, 322, 34, '<b>HDF00322</b> → Added <b>room</b> payment to <b>304 DK</b> using <b>cash</b> amounting ₱<b>2,600</b>', '2022-10-13 12:02:16', NULL),
(762, 322, 34, '<b>HDF00322</b> → Added <b>restaurant</b> payment to <b>304 DK</b> using <b>cash</b> amounting ₱<b>221</b>', '2022-10-13 12:02:16', NULL),
(763, 322, 34, '<b>HDF00322</b> → Removed <b>cash</b> payment amounting ₱<b>2,600</b>', '2022-10-13 12:02:24', NULL),
(764, 322, 34, '<b>HDF00322</b> → Removed <b>cash</b> payment amounting ₱<b>221</b>', '2022-10-13 12:02:28', NULL),
(765, 322, 34, '<b>HDF00322</b> → Removed <b>cash</b> payment amounting ₱<b>9</b>', '2022-10-13 12:02:32', NULL),
(766, 322, 34, '<b>HDF00322</b> → Added <b>room</b> payment to <b>304 DK</b> using <b>cash</b> amounting ₱<b>2,609</b>', '2022-10-13 12:02:40', NULL),
(767, 322, 34, '<b>HDF00322</b> → Added <b>restaurant</b> payment to <b>304 DK</b> using <b>cash</b> amounting ₱<b>221</b>', '2022-10-13 12:02:40', NULL),
(768, 322, 34, '<b>HDF00322</b> → Removed <b>cash</b> payment amounting ₱<b>4</b>', '2022-10-13 12:03:00', NULL),
(769, 322, 34, '<b>HDF00322</b> → Removed <b>cash</b> payment amounting ₱<b>2,609</b>', '2022-10-13 12:03:03', NULL),
(770, 322, 34, '<b>HDF00322</b> → Removed <b>cash</b> payment amounting ₱<b>221</b>', '2022-10-13 12:03:05', NULL),
(771, 322, 34, '<b>HDF00322</b> → Removed <b>cash</b> payment amounting ₱<b>6</b>', '2022-10-13 12:03:08', NULL),
(772, 322, 34, '<b>HDF00322</b> → Removed <b>cash</b> payment amounting ₱<b>5</b>', '2022-10-13 12:03:11', NULL),
(773, 322, 34, '<b>HDF00322</b> → Removed <b>cash</b> payment amounting ₱<b>3</b>', '2022-10-13 12:03:20', NULL),
(774, 322, 34, '<b>HDF00322</b> → Removed <b>cash</b> payment amounting ₱<b>2</b>', '2022-10-13 12:03:22', NULL),
(775, 322, 34, '<b>HDF00322</b> → Removed <b>cash</b> payment amounting ₱<b>1</b>', '2022-10-13 12:03:24', NULL),
(776, 322, 34, '<b>HDF00322</b> → Added <b>room</b> payment to <b>304 DK</b> using <b>cash</b> amounting ₱<b>2,610</b>', '2022-10-13 12:03:37', NULL),
(777, 322, 34, '<b>HDF00322</b> → Added <b>restaurant</b> payment to <b>304 DK</b> using <b>cash</b> amounting ₱<b>225</b>', '2022-10-13 12:03:37', NULL),
(778, 322, 34, '<b>HDF00322</b> → Removed <b>cash</b> payment amounting ₱<b>2,610</b>', '2022-10-13 12:03:41', NULL),
(779, 322, 34, '<b>HDF00322</b> → Removed <b>cash</b> payment amounting ₱<b>225</b>', '2022-10-13 12:03:44', NULL),
(780, 322, 34, '<b>HDF00322</b> → Added <b>room</b> payment to <b>304 DK</b> using <b>cash</b> amounting ₱<b>2,610</b>', '2022-10-13 12:03:49', NULL),
(781, 322, 34, '<b>HDF00322</b> → Added <b>restaurant</b> payment to <b>304 DK</b> using <b>cash</b> amounting ₱<b>225</b>', '2022-10-13 12:03:50', NULL),
(782, 322, 34, '<b>HDF00322</b> → Removed <b>cash</b> payment amounting ₱<b>225</b>', '2022-10-13 12:04:03', NULL),
(783, 322, 34, '<b>HDF00322</b> → Removed <b>cash</b> payment amounting ₱<b>2,610</b>', '2022-10-13 12:04:07', NULL),
(784, 322, 34, '<b>HDF00322</b> → Added <b>room</b> payment to <b>304 DK</b> using <b>cash</b> amounting ₱<b>1</b>', '2022-10-13 12:04:13', NULL),
(785, 322, 34, '<b>HDF00322</b> → Added <b>restaurant</b> payment to <b>304 DK</b> using <b>cash</b> amounting ₱<b>1</b>', '2022-10-13 12:04:14', NULL),
(786, 322, 34, '<b>HDF00322</b> → Removed <b>cash</b> payment amounting ₱<b>1</b>', '2022-10-13 12:05:16', NULL),
(787, 322, 34, '<b>HDF00322</b> → Removed <b>cash</b> payment amounting ₱<b>1</b>', '2022-10-13 12:05:18', NULL),
(788, 322, 34, '<b>HDF00322</b> → Added <b>room</b> payment to <b>304 DK</b> using <b>cash</b> amounting ₱<b>1</b>', '2022-10-13 12:05:25', NULL),
(789, 322, 34, '<b>HDF00322</b> → Added <b>restaurant</b> payment to <b>304 DK</b> using <b>cash</b> amounting ₱<b>0</b>', '2022-10-13 12:05:25', NULL),
(790, 322, 34, '<b>HDF00322</b> → Removed <b>cash</b> payment amounting ₱<b>0</b>', '2022-10-13 12:07:03', NULL),
(791, 322, 34, '<b>HDF00322</b> → Removed <b>cash</b> payment amounting ₱<b>1</b>', '2022-10-13 12:07:06', NULL),
(792, 322, 34, '<b>HDF00322</b> → Added <b>room</b> payment to <b>304 DK</b> using <b>cash</b> amounting ₱<b>1</b>', '2022-10-13 12:07:22', NULL),
(793, 322, 34, '<b>HDF00322</b> → Added <b>restaurant</b> payment to <b>304 DK</b> using <b>cash</b> amounting ₱<b>0</b>', '2022-10-13 12:07:22', NULL),
(794, 322, 34, '<b>HDF00322</b> → Removed <b>cash</b> payment amounting ₱<b>1</b>', '2022-10-13 12:18:06', NULL),
(795, 322, 34, '<b>HDF00322</b> → Removed <b>cash</b> payment amounting ₱<b>0</b>', '2022-10-13 12:18:08', NULL),
(796, 322, 34, '<b>HDF00322</b> → Added <b>1</b> payment to <b> </b> using <b>cash</b> amounting ₱<b></b>', '2022-10-13 12:18:13', NULL),
(797, 322, 34, '<b>HDF00322</b> → Added <b>room</b> payment to <b>304 DK</b> using <b>cash</b> amounting ₱<b>1</b>', '2022-10-13 12:19:53', NULL),
(798, 322, 34, '<b>HDF00322</b> → Added <b>restaurant</b> payment to <b>304 DK</b> using <b>cash</b> amounting ₱<b>0</b>', '2022-10-13 12:19:53', NULL),
(799, 322, 34, '<b>HDF00322</b> → Removed <b>cash</b> payment amounting ₱<b>0</b>', '2022-10-13 12:19:59', NULL),
(800, 322, 34, '<b>HDF00322</b> → Removed <b>cash</b> payment amounting ₱<b>1</b>', '2022-10-13 12:20:02', NULL),
(801, 322, 34, '<b>HDF00322</b> → Added <b>room</b> payment to <b>304 DK</b> using <b>cash</b> amounting ₱<b>1</b>', '2022-10-13 12:20:45', NULL),
(802, 322, 34, '<b>HDF00322</b> → Added <b>restaurant</b> payment to <b>304 DK</b> using <b>cash</b> amounting ₱<b>0</b>', '2022-10-13 12:20:45', NULL),
(803, 322, 34, '<b>HDF00322</b> → Removed <b>cash</b> payment amounting ₱<b>1</b>', '2022-10-13 12:21:18', NULL),
(804, 322, 34, '<b>HDF00322</b> → Removed <b>cash</b> payment amounting ₱<b>0</b>', '2022-10-13 12:21:20', NULL),
(805, 322, 34, '<b>HDF00322</b> → Added <b>room</b> payment to <b>304 DK</b> using <b>cash</b> amounting ₱<b>1</b>', '2022-10-13 12:21:26', NULL),
(806, 322, 34, '<b>HDF00322</b> → Removed <b>cash</b> payment amounting ₱<b>1</b>', '2022-10-13 12:21:29', NULL),
(807, 322, 34, '<b>HDF00322</b> → Added <b>room</b> payment to <b>304 DK</b> using <b>cash</b> amounting ₱<b>2,610</b>', '2022-10-13 12:21:40', NULL),
(808, 322, 34, '<b>HDF00322</b> → Added <b>restaurant</b> payment to <b>304 DK</b> using <b>cash</b> amounting ₱<b>190</b>', '2022-10-13 12:21:41', NULL),
(809, 322, 34, '<b>HDF00322</b> → Removed <b>cash</b> payment amounting ₱<b>2,610</b>', '2022-10-13 12:21:49', NULL),
(810, 322, 34, '<b>HDF00322</b> → Removed <b>cash</b> payment amounting ₱<b>190</b>', '2022-10-13 12:21:52', NULL),
(811, 322, 34, '<b>HDF00322</b> → Added <b>room</b> payment to <b>304 DK</b> using <b>cash</b> amounting ₱<b>370</b>', '2022-10-13 13:34:48', NULL),
(812, 322, 34, '<b>HDF00322</b> → Added <b>room</b> payment to <b>304 DK</b> using <b>cash</b> amounting ₱<b>200</b>', '2022-10-13 13:35:00', NULL),
(813, 322, 34, '<b>HDF00322</b> → Added <b>room</b> payment to <b>304 DK</b> using <b>cash</b> amounting ₱<b>2,040</b>', '2022-10-13 13:35:10', NULL),
(814, 322, 34, '<b>HDF00322</b> → Added <b>restaurant</b> payment to <b>304 DK</b> using <b>cash</b> amounting ₱<b>1</b>', '2022-10-13 13:35:10', NULL),
(815, 322, 34, '<b>HDF00322</b> → Added <b>restaurant</b> payment to <b>304 DK</b> using <b>cash</b> amounting ₱<b>1</b>', '2022-10-13 13:37:43', NULL),
(816, 322, 34, '<b>HDF00322</b> → Added <b>restaurant</b> payment to <b>304 DK</b> using <b>cash</b> amounting ₱<b>223</b>', '2022-10-13 13:37:57', NULL),
(817, 322, 34, '<b>HDF00322</b> → Added <b>coffeeshop</b> payment to <b>304 DK</b> using <b>cash</b> amounting ₱<b>65</b>', '2022-10-13 13:37:57', NULL),
(818, 322, 34, '<b>HDF00322</b> → Added <b>addons</b> payment to <b>304 DK</b> using <b>cash</b> amounting ₱<b>5,011</b>', '2022-10-13 13:37:57', NULL),
(819, 322, 34, '<b>HDF00322</b> → Added <b>room</b> payment to <b>301 ES</b> using <b>cash</b> amounting ₱<b>299</b>', '2022-10-13 13:37:58', NULL),
(820, 322, 34, '<b>HDF00322</b> → Removed <b>cash</b> payment amounting ₱<b>223</b>', '2022-10-13 13:38:16', NULL),
(821, 322, 34, '<b>HDF00322</b> → Removed <b>cash</b> payment amounting ₱<b>65</b>', '2022-10-13 13:38:20', NULL),
(822, 322, 34, '<b>HDF00322</b> → Removed <b>cash</b> payment amounting ₱<b>5,011</b>', '2022-10-13 13:38:23', NULL),
(823, 322, 34, '<b>HDF00322</b> → Removed <b>cash</b> payment amounting ₱<b>299</b>', '2022-10-13 13:38:26', NULL),
(824, 322, 34, '<b>HDF00322</b> → Added <b>restaurant</b> payment to <b>304 DK</b> using <b>cash</b> amounting ₱<b>223</b>', '2022-10-13 13:38:44', NULL),
(825, 322, 34, '<b>HDF00322</b> → Added <b>coffeeshop</b> payment to <b>304 DK</b> using <b>cash</b> amounting ₱<b>65</b>', '2022-10-13 13:38:44', NULL),
(826, 322, 34, '<b>HDF00322</b> → Added <b>addons</b> payment to <b>304 DK</b> using <b>cash</b> amounting ₱<b>5,011</b>', '2022-10-13 13:38:44', NULL),
(827, 322, 34, '<b>HDF00322</b> → Added <b>room</b> payment to <b>301 ES</b> using <b>cash</b> amounting ₱<b>299</b>', '2022-10-13 13:38:45', NULL),
(828, 322, 34, '<b>HDF00322</b> → Removed <b>cash</b> payment amounting ₱<b>5,011</b>', '2022-10-13 13:39:00', NULL),
(829, 322, 34, '<b>HDF00322</b> → Removed <b>cash</b> payment amounting ₱<b>299</b>', '2022-10-13 13:39:03', NULL),
(830, 322, 34, '<b>HDF00322</b> → Removed <b>cash</b> payment amounting ₱<b>223</b>', '2022-10-13 13:39:06', NULL),
(831, 322, 34, '<b>HDF00322</b> → Removed <b>cash</b> payment amounting ₱<b>65</b>', '2022-10-13 13:39:08', NULL),
(832, 322, 34, '<b>HDF00322</b> → Added <b>restaurant</b> payment to <b>304 DK</b> using <b>cash</b> amounting ₱<b>223</b>', '2022-10-13 13:39:52', NULL),
(833, 322, 34, '<b>HDF00322</b> → Added <b>coffeeshop</b> payment to <b>304 DK</b> using <b>cash</b> amounting ₱<b>65</b>', '2022-10-13 13:39:52', NULL),
(834, 322, 34, '<b>HDF00322</b> → Added <b>addons</b> payment to <b>304 DK</b> using <b>cash</b> amounting ₱<b>5,011</b>', '2022-10-13 13:39:52', NULL),
(835, 322, 34, '<b>HDF00322</b> → Added <b>room</b> payment to <b>301 ES</b> using <b>cash</b> amounting ₱<b>299</b>', '2022-10-13 13:39:52', NULL),
(836, 322, 34, '<b>HDF00322</b> → Removed <b>cash</b> payment amounting ₱<b>5,011</b>', '2022-10-13 13:55:48', NULL),
(837, 322, 34, '<b>HDF00322</b> → Removed <b>cash</b> payment amounting ₱<b>299</b>', '2022-10-13 13:56:03', NULL),
(838, 322, 34, '<b>HDF00322</b> → Removed <b>cash</b> payment amounting ₱<b>370</b>', '2022-10-13 13:56:09', NULL),
(839, 322, 34, '<b>HDF00322</b> → Removed <b>cash</b> payment amounting ₱<b>200</b>', '2022-10-13 13:56:20', NULL),
(840, 322, 34, '<b>HDF00322</b> → Removed <b>cash</b> payment amounting ₱<b>2,040</b>', '2022-10-13 13:56:24', NULL),
(841, 322, 34, '<b>HDF00322</b> → Removed <b>cash</b> payment amounting ₱<b>223</b>', '2022-10-13 13:56:27', NULL),
(842, 322, 34, '<b>HDF00322</b> → Removed <b>cash</b> payment amounting ₱<b>1</b>', '2022-10-13 13:56:30', NULL),
(843, 322, 34, '<b>HDF00322</b> → Removed <b>cash</b> payment amounting ₱<b>1</b>', '2022-10-13 13:56:32', NULL),
(844, 322, 34, '<b>HDF00322</b> → Removed <b>cash</b> payment amounting ₱<b>65</b>', '2022-10-13 13:56:34', NULL),
(845, 322, 34, '<b>HDF00322</b> → Added <b>room</b> payment to <b>304 DK</b> using <b>cash</b> amounting ₱<b>2,610</b>', '2022-10-13 13:56:54', NULL),
(846, 322, 34, '<b>HDF00322</b> → Added <b>restaurant</b> payment to <b>304 DK</b> using <b>cash</b> amounting ₱<b>225</b>', '2022-10-13 13:56:54', NULL),
(847, 322, 34, '<b>HDF00322</b> → Added <b>coffeeshop</b> payment to <b>304 DK</b> using <b>cash</b> amounting ₱<b>65</b>', '2022-10-13 13:56:54', NULL),
(848, 322, 34, '<b>HDF00322</b> → Added <b>addons</b> payment to <b>304 DK</b> using <b>cash</b> amounting ₱<b>5,011</b>', '2022-10-13 13:56:54', NULL),
(849, 322, 34, '<b>HDF00322</b> → Added <b>room</b> payment to <b>301 ES</b> using <b>cash</b> amounting ₱<b>299</b>', '2022-10-13 13:56:55', NULL),
(850, 322, 34, '<b>HDF00322</b> → Removed <b>cash</b> payment amounting ₱<b>5,011</b>', '2022-10-13 13:57:09', NULL),
(851, 322, 34, '<b>HDF00322</b> → Added <b>addons</b> payment to <b>304 DK</b> using <b>cash</b> amounting ₱<b>5,011</b>', '2022-10-13 13:57:38', NULL),
(852, 322, 34, '<b>HDF00322</b> → Added <b>room</b> payment to <b>301 ES</b> using <b>cash</b> amounting ₱<b>299</b>', '2022-10-13 13:57:39', NULL),
(853, 322, 34, '<b>HDF00322</b> → Removed <b>cash</b> payment amounting ₱<b>5,011</b>', '2022-10-13 14:00:05', NULL),
(854, 322, 34, '<b>HDF00322</b> → Removed <b>cash</b> payment amounting ₱<b>299</b>', '2022-10-13 14:00:16', NULL),
(855, 322, 34, '<b>HDF00322</b> → Removed <b>cash</b> payment amounting ₱<b>299</b>', '2022-10-13 14:00:19', NULL),
(856, 322, 34, '<b>HDF00322</b> → Added <b>addons</b> payment to <b>304 DK</b> using <b>cash</b> amounting ₱<b>5,011</b>', '2022-10-13 14:00:51', NULL),
(857, 322, 34, '<b>HDF00322</b> → Added <b>room</b> payment to <b>301 ES</b> using <b>cash</b> amounting ₱<b>299</b>', '2022-10-13 14:00:51', NULL),
(858, 322, 34, '<b>HDF00322</b> → Removed <b>cash</b> payment amounting ₱<b>299</b>', '2022-10-13 14:02:10', NULL),
(859, 322, 34, '<b>HDF00322</b> → Removed <b>cash</b> payment amounting ₱<b>5,011</b>', '2022-10-13 14:02:13', NULL),
(860, 322, 34, '<b>HDF00322</b> → Added <b>addons</b> payment to <b>304 DK</b> using <b>cash</b> amounting ₱<b>5,310</b>', '2022-10-13 14:04:12', NULL),
(861, 322, 34, '<b>HDF00322</b> → Removed <b>cash</b> payment amounting ₱<b>5,310</b>', '2022-10-13 14:04:21', NULL),
(862, 322, 34, '<b>301 ES</b> → Removed <b>restaurant</b> charge: Ref. <b>1 Food 1</b> pc for ₱<b>120</b> each', '2022-10-13 14:04:23', NULL),
(863, 322, 34, '<b>HDF00322</b> → Removed <b>cash</b> payment amounting ₱<b>2,610</b>', '2022-10-13 14:04:30', NULL),
(864, 322, 34, '<b>HDF00322</b> → Removed <b>cash</b> payment amounting ₱<b>225</b>', '2022-10-13 14:04:35', NULL),
(865, 322, 34, '<b>HDF00322</b> → Removed <b>cash</b> payment amounting ₱<b>65</b>', '2022-10-13 14:04:38', NULL),
(866, 322, 34, '<b>301 ES</b> → Added <b>5 Additional Amenities</b> - <b>Bottled Water (250 ml)</b> amounting ₱<b>25</b> each', '2022-10-13 14:05:01', NULL),
(867, 322, 34, '<b>304 DK</b> → Removed <b>4</b> <b>Additional Amenities</b> - <b>Bottled Water (500 ml)</b> amounting ₱<b>50</b> each', '2022-10-13 14:05:11', NULL),
(868, 322, 34, '<b>HDF00322</b> → Added <b>room</b> payment to <b>304 DK</b> using <b>cash</b> amounting ₱<b>2,610</b>', '2022-10-13 14:05:26', NULL),
(869, 322, 34, '<b>HDF00322</b> → Added <b>restaurant</b> payment to <b>304 DK</b> using <b>cash</b> amounting ₱<b>225</b>', '2022-10-13 14:05:26', NULL),
(870, 322, 34, '<b>HDF00322</b> → Added <b>coffeeshop</b> payment to <b>304 DK</b> using <b>cash</b> amounting ₱<b>65</b>', '2022-10-13 14:05:26', NULL),
(871, 322, 34, '<b>HDF00322</b> → Added <b>addons</b> payment to <b>304 DK</b> using <b>cash</b> amounting ₱<b>5,110</b>', '2022-10-13 14:05:26', NULL),
(872, 322, 34, '<b>HDF00322</b> → Removed <b>cash</b> payment amounting ₱<b>2,610</b>', '2022-10-13 14:05:37', NULL),
(873, 322, 34, '<b>HDF00322</b> → Removed <b>cash</b> payment amounting ₱<b>225</b>', '2022-10-13 14:05:40', NULL),
(874, 322, 34, '<b>HDF00322</b> → Removed <b>cash</b> payment amounting ₱<b>65</b>', '2022-10-13 14:05:42', NULL),
(875, 322, 34, '<b>HDF00322</b> → Removed <b>cash</b> payment amounting ₱<b>5,110</b>', '2022-10-13 14:05:44', NULL),
(876, 322, 34, '<b>HDF00322</b> → Added <b>room</b> payment to <b>304 DK</b> using <b>cash</b> amounting ₱<b>2,610</b>', '2022-10-13 14:05:54', NULL),
(877, 322, 34, '<b>HDF00322</b> → Added <b>restaurant</b> payment to <b>304 DK</b> using <b>cash</b> amounting ₱<b>225</b>', '2022-10-13 14:05:54', NULL),
(878, 322, 34, '<b>HDF00322</b> → Added <b>coffeeshop</b> payment to <b>304 DK</b> using <b>cash</b> amounting ₱<b>65</b>', '2022-10-13 14:05:55', NULL),
(879, 322, 34, '<b>HDF00322</b> → Added <b>addons</b> payment to <b>304 DK</b> using <b>cash</b> amounting ₱<b>5,110</b>', '2022-10-13 14:05:55', NULL),
(880, 322, 34, '<b>HDF00322</b> → Added <b>room</b> payment to <b>301 ES</b> using <b>cash</b> amounting ₱<b>1</b>', '2022-10-13 14:05:55', NULL),
(881, 322, 34, '<b>HDF00322</b> → Removed <b>cash</b> payment amounting ₱<b>5,110</b>', '2022-10-13 14:05:59', NULL),
(882, 322, 34, '<b>HDF00322</b> → Removed <b>cash</b> payment amounting ₱<b>1</b>', '2022-10-13 14:06:01', NULL),
(883, 322, 34, '<b>HDF00322</b> → Removed <b>cash</b> payment amounting ₱<b>2,610</b>', '2022-10-13 14:06:04', NULL),
(884, 322, 34, '<b>HDF00322</b> → Removed <b>cash</b> payment amounting ₱<b>225</b>', '2022-10-13 14:06:06', NULL),
(885, 322, 34, '<b>HDF00322</b> → Removed <b>cash</b> payment amounting ₱<b>65</b>', '2022-10-13 14:06:08', NULL),
(886, 322, 34, '<b>HDF00322</b> → Added <b>room</b> payment to <b>304 DK</b> using <b>cash</b> amounting ₱<b>2,610</b>', '2022-10-13 14:06:17', NULL),
(887, 322, 34, '<b>HDF00322</b> → Added <b>restaurant</b> payment to <b>304 DK</b> using <b>cash</b> amounting ₱<b>225</b>', '2022-10-13 14:06:17', NULL),
(888, 322, 34, '<b>HDF00322</b> → Added <b>coffeeshop</b> payment to <b>304 DK</b> using <b>cash</b> amounting ₱<b>65</b>', '2022-10-13 14:06:17', NULL),
(889, 322, 34, '<b>HDF00322</b> → Added <b>addons</b> payment to <b>304 DK</b> using <b>cash</b> amounting ₱<b>5,110</b>', '2022-10-13 14:06:18', NULL),
(890, 322, 34, '<b>HDF00322</b> → Added <b>room</b> payment to <b>301 ES</b> using <b>cash</b> amounting ₱<b>4,320</b>', '2022-10-13 14:06:18', NULL),
(891, 322, 34, '<b>HDF00322</b> → Added <b>addons</b> payment to <b>301 ES</b> using <b>cash</b> amounting ₱<b>6,845</b>', '2022-10-13 14:06:18', NULL),
(892, 322, 34, '<b>HDF00322</b> → Removed <b>cash</b> payment amounting ₱<b>5,110</b>', '2022-10-13 14:06:27', NULL),
(893, 322, 34, '<b>HDF00322</b> → Removed <b>cash</b> payment amounting ₱<b>4,320</b>', '2022-10-13 14:06:30', NULL),
(894, 322, 34, '<b>HDF00322</b> → Removed <b>cash</b> payment amounting ₱<b>6,845</b>', '2022-10-13 14:06:32', NULL),
(895, 322, 34, '<b>HDF00322</b> → Removed <b>cash</b> payment amounting ₱<b>2,610</b>', '2022-10-13 14:06:34', NULL),
(896, 322, 34, '<b>HDF00322</b> → Removed <b>cash</b> payment amounting ₱<b>225</b>', '2022-10-13 14:06:42', NULL),
(897, 322, 34, '<b>HDF00322</b> → Removed <b>cash</b> payment amounting ₱<b>65</b>', '2022-10-13 14:06:47', NULL),
(898, 322, 34, '<b>HDF00322</b> → Added <b>room</b> payment to <b>304 DK</b> using <b>cash</b> amounting ₱<b>2,610</b>', '2022-10-13 14:07:18', NULL),
(899, 322, 34, '<b>HDF00322</b> → Added <b>restaurant</b> payment to <b>304 DK</b> using <b>cash</b> amounting ₱<b>225</b>', '2022-10-13 14:07:18', NULL),
(900, 322, 34, '<b>HDF00322</b> → Added <b>coffeeshop</b> payment to <b>304 DK</b> using <b>cash</b> amounting ₱<b>65</b>', '2022-10-13 14:07:18', NULL),
(901, 322, 34, '<b>HDF00322</b> → Added <b>addons</b> payment to <b>304 DK</b> using <b>cash</b> amounting ₱<b>5,110</b>', '2022-10-13 14:07:18', NULL),
(902, 322, 34, '<b>HDF00322</b> → Added <b>room</b> payment to <b>301 ES</b> using <b>cash</b> amounting ₱<b>4,320</b>', '2022-10-13 14:07:18', NULL),
(903, 322, 34, '<b>HDF00322</b> → Added <b>addons</b> payment to <b>301 ES</b> using <b>cash</b> amounting ₱<b>6,845</b>', '2022-10-13 14:07:19', NULL),
(904, 322, 34, '<b>HDF00322</b> → Removed <b>cash</b> payment amounting ₱<b>2,610</b>', '2022-10-13 14:07:28', NULL),
(905, 322, 34, '<b>HDF00322</b> → Removed <b>cash</b> payment amounting ₱<b>5,110</b>', '2022-10-13 14:08:35', NULL),
(906, 322, 34, '<b>HDF00322</b> → Removed <b>cash</b> payment amounting ₱<b>6,845</b>', '2022-10-13 14:08:48', NULL),
(907, 322, 34, '<b>HDF00322</b> → Removed <b>cash</b> payment amounting ₱<b>4,320</b>', '2022-10-13 14:08:53', NULL),
(908, 322, 34, '<b>HDF00322</b> → Removed <b>cash</b> payment amounting ₱<b>225</b>', '2022-10-13 14:08:56', NULL),
(909, 322, 34, '<b>HDF00322</b> → Removed <b>cash</b> payment amounting ₱<b>65</b>', '2022-10-13 14:08:59', NULL),
(910, 322, 34, '<b>301 ES</b> → Removed <b>1</b> <b>Early & Late Charges</b> - <b>Late Check out (Full-day Charge)</b> amounting ₱<b>0</b> each', '2022-10-13 15:08:56', NULL),
(911, 322, 34, '<b>301 ES</b> → Removed <b>5</b> <b>Additional Amenities</b> - <b>Bottled Water (250 ml)</b> amounting ₱<b>25</b> each', '2022-10-13 15:09:12', NULL),
(912, 322, 34, '<b>301 ES</b> → Added <b>2 Additional Amenities</b> - <b>Bottled Water (250 ml)</b> amounting ₱<b>25</b> each', '2022-10-13 15:09:38', NULL),
(913, 322, 34, '<b>HDF00322</b> → Added <b>room</b> payment to <b>304 DK</b> using <b>cash</b> amounting ₱<b>10</b>', '2022-10-13 15:20:26', NULL),
(914, 322, 34, '<b>HDF00322</b> → Added <b>room</b> payment to <b>301 ES</b> using <b>cash</b> amounting ₱<b>20</b>', '2022-10-13 15:21:34', NULL),
(915, 322, 34, '<b>HDF00322</b> → Removed <b>cash</b> payment amounting ₱<b>20</b>', '2022-10-13 15:22:41', NULL),
(916, 322, 34, '<b>HDF00322</b> → Added <b>room</b> payment to <b>304 DK</b> using <b>cash</b> amounting ₱<b>2,600</b>', '2022-10-13 15:30:59', NULL),
(917, 322, 34, '<b>HDF00322</b> → Added <b>restaurant</b> payment to <b>304 DK</b> using <b>cash</b> amounting ₱<b>225</b>', '2022-10-13 15:30:59', NULL),
(918, 322, 34, '<b>HDF00322</b> → Added <b>coffeeshop</b> payment to <b>304 DK</b> using <b>cash</b> amounting ₱<b>65</b>', '2022-10-13 15:30:59', NULL),
(919, 322, 34, '<b>HDF00322</b> → Added <b>addons</b> payment to <b>304 DK</b> using <b>cash</b> amounting ₱<b>5,110</b>', '2022-10-13 15:30:59', NULL);
INSERT INTO `booking_logs` (`booking_log_id`, `booking_id`, `user_id`, `activity`, `booking_log_added`, `booking_log_updated`) VALUES
(920, 322, 34, '<b>HDF00322</b> → Added <b>room</b> payment to <b>301 ES</b> using <b>cash</b> amounting ₱<b>4,320</b>', '2022-10-13 15:31:00', NULL),
(921, 322, 34, '<b>HDF00322</b> → Added <b>addons</b> payment to <b>301 ES</b> using <b>cash</b> amounting ₱<b>2,450</b>', '2022-10-13 15:31:00', NULL),
(922, 322, 34, '<b>HDF00322</b> → Removed <b>cash</b> payment amounting ₱<b>2,450</b>', '2022-10-13 15:36:45', NULL),
(923, 322, 34, '<b>HDF00322</b> → Added <b>addons</b> payment to <b>301 ES</b> using <b>cash</b> amounting ₱<b>2,450</b>', '2022-10-13 15:37:24', NULL),
(924, 322, 34, '<b>HDF00322</b> → Removed <b>cash</b> payment amounting ₱<b>2,450</b>', '2022-10-13 15:39:55', NULL),
(925, 322, 34, '<b>HDF00322</b> → Removed <b>cash</b> payment amounting ₱<b>2,600</b>', '2022-10-13 15:40:35', NULL),
(926, 322, 34, '<b>HDF00322</b> → Removed <b>cash</b> payment amounting ₱<b>225</b>', '2022-10-13 15:40:37', NULL),
(927, 322, 34, '<b>HDF00322</b> → Removed <b>cash</b> payment amounting ₱<b>65</b>', '2022-10-13 15:40:39', NULL),
(928, 322, 34, '<b>HDF00322</b> → Removed <b>cash</b> payment amounting ₱<b>5,110</b>', '2022-10-13 15:40:41', NULL),
(929, 322, 34, '<b>HDF00322</b> → Removed <b>cash</b> payment amounting ₱<b>4,320</b>', '2022-10-13 15:40:43', NULL),
(930, 322, 34, '<b>HDF00322</b> → Removed <b>cash</b> payment amounting ₱<b>10</b>', '2022-10-13 15:40:45', NULL),
(931, 322, 34, '<b>HDF00322</b> → Added <b>room</b> payment to <b>304 DK</b> using <b>cash</b> amounting ₱<b>2,610</b>', '2022-10-13 15:42:01', NULL),
(932, 322, 34, '<b>HDF00322</b> → Added <b>restaurant</b> payment to <b>304 DK</b> using <b>cash</b> amounting ₱<b>225</b>', '2022-10-13 15:42:01', NULL),
(933, 322, 34, '<b>HDF00322</b> → Added <b>coffeeshop</b> payment to <b>304 DK</b> using <b>cash</b> amounting ₱<b>65</b>', '2022-10-13 15:42:01', NULL),
(934, 322, 34, '<b>HDF00322</b> → Added <b>addons</b> payment to <b>304 DK</b> using <b>cash</b> amounting ₱<b>5,110</b>', '2022-10-13 15:42:01', NULL),
(935, 322, 34, '<b>HDF00322</b> → Added <b>room</b> payment to <b>301 ES</b> using <b>cash</b> amounting ₱<b>4,320</b>', '2022-10-13 15:42:01', NULL),
(936, 322, 34, '<b>HDF00322</b> → Added <b>addons</b> payment to <b>301 ES</b> using <b>cash</b> amounting ₱<b>2,450</b>', '2022-10-13 15:42:02', NULL),
(937, 322, 34, '<b>HDF00322</b> → Removed <b>cash</b> payment amounting ₱<b>2,450</b>', '2022-10-13 15:46:53', NULL),
(938, 322, 34, '<b>HDF00322</b> → Added <b>addons</b> payment to <b>301 ES</b> using <b>cash</b> amounting ₱<b>1</b>', '2022-10-13 15:46:59', NULL),
(939, 322, 34, '<b>HDF00322</b> → Added <b>addons</b> payment to <b>301 ES</b> using <b>cash</b> amounting ₱<b>2,449</b>', '2022-10-14 09:59:13', NULL),
(940, 322, 34, '<b>HDF00322</b> → Removed <b>cash</b> payment amounting ₱<b>2,449</b>', '2022-10-14 10:04:30', NULL),
(941, 322, 34, '<b>HDF00322</b> → Removed <b>cash</b> payment amounting ₱<b>1</b>', '2022-10-14 10:04:33', NULL),
(942, 322, 34, '<b>HDF00322</b> → Removed <b>cash</b> payment amounting ₱<b>2,610</b>', '2022-10-14 10:04:36', NULL),
(943, 322, 34, '<b>HDF00322</b> → Removed <b>cash</b> payment amounting ₱<b>225</b>', '2022-10-14 10:04:39', NULL),
(944, 322, 34, '<b>HDF00322</b> → Removed <b>cash</b> payment amounting ₱<b>65</b>', '2022-10-14 10:04:46', NULL),
(945, 322, 34, '<b>HDF00322</b> → Removed <b>cash</b> payment amounting ₱<b>5,110</b>', '2022-10-14 10:04:50', NULL),
(946, 322, 34, '<b>HDF00322</b> → Removed <b>cash</b> payment amounting ₱<b>4,320</b>', '2022-10-14 10:04:53', NULL),
(947, 322, 34, '<b>HDF00322</b> → Added <b>room</b> payment to <b>414 SSK</b> using <b>cash</b> amounting ₱<b>9</b>', '2022-10-14 15:02:28', NULL),
(948, 322, 34, '<b>HDF00322</b> → Added <b>addons</b> payment to <b>414 SSK</b> using <b>cash</b> amounting ₱<b>5,100</b>', '2022-10-14 15:02:28', NULL),
(949, 322, 34, '<b>HDF00322</b> → Removed <b>cash</b> payment amounting ₱<b>9</b>', '2022-10-14 15:06:41', NULL),
(950, 322, 34, '<b>HDF00322</b> → Removed <b>cash</b> payment amounting ₱<b>5,100</b>', '2022-10-14 15:06:43', NULL),
(951, 322, 34, '<b>HDF00322</b> → Added <b>room</b> payment to <b>304 DK</b> using <b>cash</b> amounting ₱<b>2,610</b>', '2022-10-14 15:06:48', NULL),
(952, 322, 34, '<b>HDF00322</b> → Added <b>restaurant</b> payment to <b>304 DK</b> using <b>cash</b> amounting ₱<b>225</b>', '2022-10-14 15:06:49', NULL),
(953, 322, 34, '<b>HDF00322</b> → Added <b>coffeeshop</b> payment to <b>304 DK</b> using <b>cash</b> amounting ₱<b>65</b>', '2022-10-14 15:06:49', NULL),
(954, 322, 34, '<b>HDF00322</b> → Added <b>addons</b> payment to <b>304 DK</b> using <b>cash</b> amounting ₱<b>5,110</b>', '2022-10-14 15:06:49', NULL),
(955, 322, 34, '<b>HDF00322</b> → Added <b>room</b> payment to <b>301 ES</b> using <b>cash</b> amounting ₱<b>4,320</b>', '2022-10-14 15:06:49', NULL),
(956, 322, 34, '<b>HDF00322</b> → Added <b>addons</b> payment to <b>301 ES</b> using <b>cash</b> amounting ₱<b>2,450</b>', '2022-10-14 15:06:49', NULL),
(957, 322, 34, '<b>HDF00322</b> → Added <b>room</b> payment to <b>301 ES</b> using <b>cash</b> amounting ₱<b>4,320</b>', '2022-10-14 15:22:49', NULL),
(958, 322, 34, '<b>HDF00322</b> → Added <b>addons</b> payment to <b>301 ES</b> using <b>cash</b> amounting ₱<b>2,450</b>', '2022-10-14 15:22:49', NULL),
(959, 322, 34, '<b>HDF00322</b> → Removed <b>cash</b> payment amounting ₱<b>4,320</b>', '2022-10-14 15:22:55', NULL),
(960, 322, 34, '<b>HDF00322</b> → Removed <b>cash</b> payment amounting ₱<b>2,450</b>', '2022-10-14 15:22:57', NULL),
(961, 322, 34, '<b>HDF00322</b> → Added <b>room</b> payment to <b>304 DK</b> using <b>cash</b> amounting ₱<b>2,610</b>', '2022-10-14 15:23:02', NULL),
(962, 322, 34, '<b>HDF00322</b> → Added <b>restaurant</b> payment to <b>304 DK</b> using <b>cash</b> amounting ₱<b>225</b>', '2022-10-14 15:23:02', NULL),
(963, 322, 34, '<b>HDF00322</b> → Added <b>coffeeshop</b> payment to <b>304 DK</b> using <b>cash</b> amounting ₱<b>65</b>', '2022-10-14 15:23:02', NULL),
(964, 322, 34, '<b>HDF00322</b> → Added <b>addons</b> payment to <b>304 DK</b> using <b>cash</b> amounting ₱<b>5,110</b>', '2022-10-14 15:23:02', NULL),
(965, 322, 34, '<b>HDF00322</b> → Added <b>room</b> payment to <b>301 ES</b> using <b>cash</b> amounting ₱<b>4,320</b>', '2022-10-14 15:23:02', NULL),
(966, 322, 34, '<b>HDF00322</b> → Added <b>addons</b> payment to <b>301 ES</b> using <b>cash</b> amounting ₱<b>2,450</b>', '2022-10-14 15:23:02', NULL),
(967, 322, 34, '<b>HDF00322</b> → Added <b>room</b> payment to <b>301 ES</b> using <b>card</b> amounting ₱<b>4,320</b>', '2022-10-14 15:23:26', NULL),
(968, 322, 34, '<b>HDF00322</b> → Added <b>addons</b> payment to <b>301 ES</b> using <b>card</b> amounting ₱<b>2,450</b>', '2022-10-14 15:23:26', NULL),
(969, 322, 34, '<b>HDF00322</b> → Removed <b>card</b> payment amounting ₱<b>4,320</b>', '2022-10-14 15:23:33', NULL),
(970, 322, 34, '<b>HDF00322</b> → Removed <b>card</b> payment amounting ₱<b>2,450</b>', '2022-10-14 15:23:35', NULL),
(971, 322, 34, '<b>HDF00322</b> → Added <b>addons</b> payment to <b>304 DK</b> using <b>check</b> amounting ₱<b>1,400</b>', '2022-10-14 15:23:42', NULL),
(972, 322, 34, '<b>HDF00322</b> → Removed <b>check</b> payment amounting ₱<b>1,400</b>', '2022-10-14 15:23:50', NULL),
(973, 322, 34, '<b>HDF00322</b> → Added <b>addons</b> payment to <b>304 DK</b> using <b>cash</b> amounting ₱<b>2,610</b>', '2022-10-14 15:24:16', NULL),
(974, 322, 34, '<b>HDF00322</b> → Removed <b>cash</b> payment amounting ₱<b>2,610</b>', '2022-10-14 15:24:20', NULL),
(975, 322, 34, '<b>HDF00322</b> → Charged this booking to <b>ADAM   HUMPHREYS </b>', '2022-10-14 15:26:01', NULL),
(976, 322, 34, '<b>HDF00322</b> → Added <b>room</b> payment to <b>304 DK</b> using <b>cash</b> amounting ₱<b>2,610</b>', '2022-10-14 15:35:45', NULL),
(977, 322, 34, '<b>HDF00322</b> → Added <b>restaurant</b> payment to <b>304 DK</b> using <b>cash</b> amounting ₱<b>225</b>', '2022-10-14 15:35:46', NULL),
(978, 322, 34, '<b>HDF00322</b> → Added <b>coffeeshop</b> payment to <b>304 DK</b> using <b>cash</b> amounting ₱<b>65</b>', '2022-10-14 15:35:46', NULL),
(979, 322, 34, '<b>HDF00322</b> → Added <b>addons</b> payment to <b>304 DK</b> using <b>cash</b> amounting ₱<b>5,110</b>', '2022-10-14 15:35:46', NULL),
(980, 322, 34, '<b>HDF00322</b> → Added <b>room</b> payment to <b>301 ES</b> using <b>cash</b> amounting ₱<b>4,320</b>', '2022-10-14 15:35:46', NULL),
(981, 322, 34, '<b>HDF00322</b> → Added <b>addons</b> payment to <b>301 ES</b> using <b>cash</b> amounting ₱<b>2,450</b>', '2022-10-14 15:35:46', NULL),
(982, 322, 34, '<b>HDF00322</b> → Removed <b>cash</b> payment amounting ₱<b>65</b>', '2022-10-14 15:54:37', NULL),
(983, 322, 34, '<b>HDF00322</b> → Added refund amount of ₱<b>2</b> to <b>304 DK</b> with a reason of <b></b>', '2022-10-14 16:02:14', NULL),
(984, 322, 34, '<b>HDF00322</b> → Removed <b></b> payment amounting ₱<b>2</b>', '2022-10-14 16:20:55', NULL),
(985, 322, 34, '<b>HDF00322</b> → Removed <b>cash</b> payment amounting ₱<b>5,110</b>', '2022-10-14 16:20:58', NULL),
(986, 322, 34, '<b>HDF00322</b> → Removed <b>cash</b> payment amounting ₱<b>4,320</b>', '2022-10-14 16:20:59', NULL),
(987, 322, 34, '<b>HDF00322</b> → Removed <b>cash</b> payment amounting ₱<b>2,450</b>', '2022-10-14 16:21:01', NULL),
(988, 322, 34, '<b>HDF00322</b> → Removed <b>cash</b> payment amounting ₱<b>2,610</b>', '2022-10-14 16:21:04', NULL),
(989, 322, 34, '<b>HDF00322</b> → Removed <b>cash</b> payment amounting ₱<b>225</b>', '2022-10-14 16:21:06', NULL),
(990, 322, 34, '<b>HDF00322</b> → Added <b>room</b> payment to <b>304 DK</b> using <b>cash</b> amounting ₱<b>2,610</b>', '2022-10-14 16:21:12', NULL),
(991, 322, 34, '<b>HDF00322</b> → Added <b>restaurant</b> payment to <b>304 DK</b> using <b>cash</b> amounting ₱<b>225</b>', '2022-10-14 16:21:12', NULL),
(992, 322, 34, '<b>HDF00322</b> → Added <b>coffeeshop</b> payment to <b>304 DK</b> using <b>cash</b> amounting ₱<b>65</b>', '2022-10-14 16:21:12', NULL),
(993, 322, 34, '<b>HDF00322</b> → Added <b>addons</b> payment to <b>304 DK</b> using <b>cash</b> amounting ₱<b>5,110</b>', '2022-10-14 16:21:12', NULL),
(994, 322, 34, '<b>HDF00322</b> → Added <b>room</b> payment to <b>301 ES</b> using <b>cash</b> amounting ₱<b>4,320</b>', '2022-10-14 16:21:12', NULL),
(995, 322, 34, '<b>HDF00322</b> → Added <b>addons</b> payment to <b>301 ES</b> using <b>cash</b> amounting ₱<b>2,450</b>', '2022-10-14 16:21:13', NULL),
(996, 322, 34, '<b>HDF00322</b> → Removed <b>cash</b> payment amounting ₱<b>2,610</b>', '2022-10-14 16:21:17', NULL),
(997, 322, 34, '<b>HDF00322</b> → Removed <b>cash</b> payment amounting ₱<b>225</b>', '2022-10-14 16:21:19', NULL),
(998, 322, 34, '<b>HDF00322</b> → Removed <b>cash</b> payment amounting ₱<b>65</b>', '2022-10-14 16:21:21', NULL),
(999, 322, 34, '<b>HDF00322</b> → Removed <b>cash</b> payment amounting ₱<b>5,110</b>', '2022-10-14 16:21:23', NULL),
(1000, 322, 34, '<b>HDF00322</b> → Removed <b>cash</b> payment amounting ₱<b>4,320</b>', '2022-10-14 16:21:25', NULL),
(1001, 322, 34, '<b>HDF00322</b> → Removed <b>cash</b> payment amounting ₱<b>2,450</b>', '2022-10-14 16:21:27', NULL),
(1002, 322, 34, '<b>HDF00322</b> → Charged this booking to <b>Francisco Osdon Ibañez </b>', '2022-10-14 16:21:43', NULL),
(1003, 323, 34, 'Booked Francisco Ibañez in room 407', '2022-10-14 16:31:18', NULL);

-- --------------------------------------------------------

--
-- Table structure for table `booking_payment`
--

CREATE TABLE `booking_payment` (
  `booking_payment_id` int(11) NOT NULL,
  `booking_id` int(11) NOT NULL,
  `booked_room_id` int(11) NOT NULL,
  `user_id` int(11) NOT NULL,
  `payment_option` varchar(20) NOT NULL,
  `payment_for` varchar(50) NOT NULL,
  `payment_details` varchar(255) NOT NULL,
  `amount` decimal(11,2) NOT NULL,
  `booking_payment_added` datetime NOT NULL DEFAULT current_timestamp(),
  `booking_payment_updated` datetime DEFAULT NULL ON UPDATE current_timestamp()
) ENGINE=InnoDB DEFAULT CHARSET=utf8mb4;

--
-- Dumping data for table `booking_payment`
--

INSERT INTO `booking_payment` (`booking_payment_id`, `booking_id`, `booked_room_id`, `user_id`, `payment_option`, `payment_for`, `payment_details`, `amount`, `booking_payment_added`, `booking_payment_updated`) VALUES
(1, 19, 0, 0, 'Cash', '', '', '8700.00', '2022-09-14 00:41:42', NULL),
(2, 9, 0, 0, 'Cash', '', '', '5800.00', '2022-09-15 08:43:51', NULL),
(3, 58, 63, 30, 'Cash', 'room', '', '5000.00', '2022-09-23 14:43:43', NULL),
(4, 64, 69, 30, 'Cash', 'room', '', '3020.00', '2022-09-25 12:17:30', NULL),
(5, 64, 69, 30, 'Cash', 'room', '', '20.00', '2022-09-25 12:17:58', NULL),
(6, 64, 70, 30, 'Cash', 'room', '', '2610.00', '2022-09-26 14:19:34', NULL),
(7, 65, 71, 30, 'Cash', 'room', '', '2900.00', '2022-09-26 14:20:36', NULL),
(8, 66, 72, 30, 'Cash', 'room', '', '3800.00', '2022-09-26 14:21:03', NULL),
(9, 119, 134, 30, 'Cash', 'room', '', '2900.00', '2022-09-27 08:29:24', NULL),
(10, 120, 135, 30, 'Cash', 'room', '', '4200.00', '2022-09-27 08:35:40', NULL),
(11, 121, 136, 30, 'Card', 'room', '', '4200.00', '2022-09-27 08:44:46', NULL),
(12, 121, 136, 30, 'Cash', 'room', '', '3112.00', '2022-09-27 11:18:16', NULL),
(13, 133, 148, 30, 'Cash', 'room', '', '5800.00', '2022-09-27 12:58:12', NULL),
(14, 206, 221, 39, 'Cash', 'room', '', '2900.00', '2022-09-30 09:42:21', NULL),
(15, 206, 221, 39, 'Cash', 'addons', '', '560.00', '2022-09-30 09:42:44', NULL),
(16, 207, 222, 39, 'Cash', 'room', '', '2900.00', '2022-09-30 09:52:21', NULL),
(17, 207, 222, 39, 'Cash', 'addons', '', '560.00', '2022-09-30 09:52:34', NULL),
(18, 232, 247, 30, 'Cash', 'room', '', '2900.00', '2022-10-02 08:20:47', NULL),
(19, 237, 252, 39, 'Cash', 'room', '', '2900.00', '2022-10-02 08:23:57', NULL),
(20, 229, 244, 39, 'Cash', 'room', '', '4800.00', '2022-10-02 08:25:35', NULL),
(21, 227, 242, 39, 'Cash', 'room', '', '2900.00', '2022-10-02 10:06:04', NULL),
(22, 234, 249, 39, 'Cash', 'room', '', '2900.00', '2022-10-02 10:07:22', NULL),
(23, 232, 247, 39, 'Cash', 'coffeeshop', '', '979.00', '2022-10-02 10:08:20', NULL),
(24, 213, 228, 39, 'Cash', 'room', '', '2900.00', '2022-10-02 10:10:48', NULL),
(25, 239, 254, 39, 'Cash', 'room', '', '3800.00', '2022-10-02 10:11:54', NULL),
(26, 247, 262, 39, 'Cash', 'room', '', '4200.00', '2022-10-02 10:12:37', NULL),
(27, 241, 256, 39, 'Cash', 'room', '', '4200.00', '2022-10-02 10:15:25', NULL),
(28, 243, 258, 39, 'Cash', 'room', '', '4200.00', '2022-10-02 10:20:37', NULL),
(29, 212, 227, 39, 'Cash', 'room', '', '4800.00', '2022-10-02 10:21:55', NULL),
(30, 292, 312, 18, 'Cash', 'restaurant', '', '1580.00', '2022-10-04 14:26:36', NULL),
(31, 292, 311, 18, 'Cash', 'room', '', '2900.00', '2022-10-04 14:28:01', NULL),
(32, 292, 312, 18, 'Cash', 'room', '', '2900.00', '2022-10-04 14:28:06', NULL),
(33, 292, 310, 18, 'Cash', 'room', '', '3800.00', '2022-10-04 14:28:14', NULL),
(34, 300, 332, 39, 'Card', 'room', '', '3800.00', '2022-10-04 19:50:05', NULL),
(35, 301, 334, 39, 'Card', 'room', '', '5800.00', '2022-10-04 19:52:52', NULL),
(36, 302, 335, 39, 'Cash', 'room', '', '2714.00', '2022-10-04 19:55:44', NULL),
(37, 305, 338, 39, 'Cash', 'room', '', '2900.00', '2022-10-04 20:00:50', NULL),
(38, 307, 340, 39, 'Cash', 'room', '', '2900.00', '2022-10-04 20:02:23', NULL),
(39, 308, 343, 39, 'Cash', 'room', '', '12600.00', '2022-10-04 20:06:11', NULL),
(40, 305, 345, 39, 'Card', 'room', '', '4200.00', '2022-10-04 20:16:37', NULL),
(41, 312, 348, 34, 'Cash', 'advance', '', '0.00', '2022-10-05 16:35:53', NULL),
(43, 315, 351, 34, 'Card', 'advance', '', '300.00', '2022-10-05 17:09:02', NULL),
(44, 316, 352, 34, 'Cash', 'advance', '', '100.00', '2022-10-06 09:54:37', NULL),
(45, 317, 353, 34, 'Card', 'advance', '', '520.00', '2022-10-06 10:26:16', NULL),
(46, 314, 350, 34, 'Cash', 'room', '', '100.00', '2022-10-06 13:43:25', NULL),
(47, 314, 350, 34, 'Cash', 'room', '', '700.00', '2022-10-06 14:29:36', NULL),
(48, 314, 350, 34, 'Cash', 'restaurant', '', '150.00', '2022-10-06 14:30:31', NULL),
(49, 314, 350, 34, 'Cash', 'coffeeshop', '', '50.00', '2022-10-06 14:30:33', NULL),
(50, 314, 350, 34, 'Cash', 'addons', '', '200.00', '2022-10-06 14:30:51', NULL),
(51, 314, 350, 34, 'Cash', 'addons', '', '400.00', '2022-10-06 14:30:53', NULL),
(52, 314, 350, 34, 'Card', 'restaurant', '', '20.00', '2022-10-06 14:31:21', NULL),
(53, 314, 350, 34, 'Card', 'addons', '', '50.00', '2022-10-06 14:31:38', NULL),
(54, 314, 350, 34, 'Card', 'room', '', '300.00', '2022-10-06 14:31:57', NULL),
(55, 314, 350, 34, 'Card', 'coffeeshop', '', '50.00', '2022-10-06 14:32:38', NULL),
(56, 319, 355, 34, 'Cash', 'advance', '', '2000.00', '2022-10-06 16:01:54', NULL),
(57, 321, 357, 34, 'Card', 'advance', '4242', '100.00', '2022-10-10 13:50:22', NULL),
(58, 294, 325, 34, 'Card', 'room', '4455', '150.00', '2022-10-10 13:53:10', NULL),
(59, 294, 325, 34, 'Check', 'restaurant', '123|123|123|2022-10-12', '123.00', '2022-10-10 13:53:22', NULL),
(60, 294, 325, 34, 'Bank Transfer', 'coffeeshop', '123|123|2022-10-04', '123.00', '2022-10-10 13:53:34', NULL),
(61, 294, 325, 34, 'Check', 'addons', 'Francisco Ibañez III|1254123554963|Tacloban City|2022-10-12', '150.00', '2022-10-10 13:58:52', NULL),
(62, 294, 323, 34, 'Bank Transfer', 'coffeeshop', 'Banco De Oro|091501259456|2022-10-18', '520.00', '2022-10-10 14:02:52', NULL),
(63, 294, 326, 34, 'Cash', 'restaurant', '', '2.00', '2022-10-10 14:08:00', NULL),
(64, 318, 354, 34, 'Check', 'coffeeshop', '2|5|2|2022-10-30', '5.00', '2022-10-10 14:15:19', NULL),
(65, 318, 354, 34, 'Bank Transfer', 'restaurant', '100|100|2022-10-03', '100.00', '2022-10-10 14:15:53', NULL);

-- --------------------------------------------------------

--
-- Table structure for table `booking_refund`
--

CREATE TABLE `booking_refund` (
  `booking_refund_id` int(11) NOT NULL,
  `booking_id` int(11) NOT NULL,
  `booked_room_id` int(11) NOT NULL,
  `user_id` int(11) NOT NULL,
  `booking_refund` decimal(11,2) NOT NULL,
  `booking_refund_reason` varchar(255) NOT NULL,
  `booking_refund_added` datetime NOT NULL DEFAULT current_timestamp(),
  `booking_refund_updated` datetime DEFAULT NULL ON UPDATE current_timestamp()
) ENGINE=InnoDB DEFAULT CHARSET=utf8mb4;

--
-- Dumping data for table `booking_refund`
--

INSERT INTO `booking_refund` (`booking_refund_id`, `booking_id`, `booked_room_id`, `user_id`, `booking_refund`, `booking_refund_reason`, `booking_refund_added`, `booking_refund_updated`) VALUES
(1, 133, 148, 30, '2900.00', 'GUEST COMOLAIN THAT HIS ROOM IS NOISY.', '2022-09-28 23:59:45', NULL);

-- --------------------------------------------------------

--
-- Table structure for table `cash`
--

CREATE TABLE `cash` (
  `cash_id` int(11) NOT NULL,
  `cash_amount` decimal(11,2) NOT NULL,
  `cash_added` datetime NOT NULL DEFAULT current_timestamp(),
  `cash_updated` datetime DEFAULT NULL ON UPDATE current_timestamp()
) ENGINE=InnoDB DEFAULT CHARSET=utf8mb4;

--
-- Dumping data for table `cash`
--

INSERT INTO `cash` (`cash_id`, `cash_amount`, `cash_added`, `cash_updated`) VALUES
(1, '0.00', '2022-09-30 15:34:37', NULL),
(2, '2900.00', '2022-10-02 08:20:47', NULL),
(3, '5800.00', '2022-10-02 08:23:57', NULL),
(4, '10600.00', '2022-10-02 08:25:35', NULL),
(5, '13500.00', '2022-10-02 10:06:04', NULL),
(6, '16400.00', '2022-10-02 10:07:22', NULL),
(7, '17379.00', '2022-10-02 10:08:20', NULL),
(8, '20279.00', '2022-10-02 10:10:48', NULL),
(9, '24079.00', '2022-10-02 10:11:54', NULL),
(10, '28279.00', '2022-10-02 10:12:37', NULL),
(11, '32479.00', '2022-10-02 10:15:25', NULL),
(12, '36679.00', '2022-10-02 10:20:37', NULL),
(13, '41479.00', '2022-10-02 10:21:55', NULL),
(14, '43059.00', '2022-10-04 14:26:36', NULL),
(15, '45959.00', '2022-10-04 14:28:01', NULL),
(16, '48859.00', '2022-10-04 14:28:06', NULL),
(17, '52659.00', '2022-10-04 14:28:14', NULL),
(18, '55373.00', '2022-10-04 19:55:44', NULL),
(19, '58273.00', '2022-10-04 20:00:50', NULL),
(20, '61173.00', '2022-10-04 20:02:23', NULL),
(21, '73773.00', '2022-10-04 20:06:11', NULL),
(22, '73773.00', '2022-10-05 16:35:53', NULL),
(23, '73973.00', '2022-10-05 17:08:43', NULL),
(24, '74073.00', '2022-10-06 09:54:37', NULL),
(25, '73873.00', '2022-10-06 13:43:14', NULL),
(26, '73973.00', '2022-10-06 13:43:25', NULL),
(27, '74673.00', '2022-10-06 14:29:36', NULL),
(28, '74823.00', '2022-10-06 14:30:31', NULL),
(29, '74873.00', '2022-10-06 14:30:34', NULL),
(30, '75073.00', '2022-10-06 14:30:51', NULL),
(31, '75473.00', '2022-10-06 14:30:53', NULL),
(32, '77473.00', '2022-10-06 16:01:54', NULL),
(33, '77475.00', '2022-10-10 14:08:00', NULL),
(34, '77476.00', '2022-10-13 11:07:29', NULL),
(35, '77478.00', '2022-10-13 11:07:40', NULL),
(36, '77481.00', '2022-10-13 11:07:44', NULL),
(37, '77485.00', '2022-10-13 11:08:05', NULL),
(38, '77490.00', '2022-10-13 11:08:11', NULL),
(39, '77496.00', '2022-10-13 11:08:16', NULL),
(40, '77505.00', '2022-10-13 11:41:04', NULL),
(41, '77503.00', '2022-10-13 11:41:15', NULL),
(42, '77512.00', '2022-10-13 11:41:23', NULL),
(43, '77510.00', '2022-10-13 11:41:27', NULL),
(44, '77519.00', '2022-10-13 11:43:44', NULL),
(45, '77517.00', '2022-10-13 11:43:49', NULL),
(46, '77526.00', '2022-10-13 11:47:40', NULL),
(47, '77524.00', '2022-10-13 11:47:48', NULL),
(48, '77533.00', '2022-10-13 11:47:55', NULL),
(49, '77754.00', '2022-10-13 11:52:15', NULL),
(50, '77533.00', '2022-10-13 11:52:22', NULL),
(51, '80355.00', '2022-10-13 11:53:56', NULL),
(52, '83177.00', '2022-10-13 11:53:56', NULL),
(53, '85999.00', '2022-10-13 11:53:56', NULL),
(54, '88821.00', '2022-10-13 11:53:56', NULL),
(55, '88820.00', '2022-10-13 11:54:12', NULL),
(56, '88818.00', '2022-10-13 11:54:17', NULL),
(57, '88821.00', '2022-10-13 11:54:20', NULL),
(58, '88599.00', '2022-10-13 11:54:23', NULL),
(59, '91420.00', '2022-10-13 11:54:42', NULL),
(60, '94241.00', '2022-10-13 11:54:42', NULL),
(61, '97062.00', '2022-10-13 11:54:42', NULL),
(62, '99883.00', '2022-10-13 11:54:42', NULL),
(63, '99881.00', '2022-10-13 11:55:15', NULL),
(64, '99884.00', '2022-10-13 11:55:18', NULL),
(65, '99663.00', '2022-10-13 11:55:21', NULL),
(66, '99662.00', '2022-10-13 11:55:23', NULL),
(67, '102483.00', '2022-10-13 11:55:37', NULL),
(68, '105304.00', '2022-10-13 11:55:37', NULL),
(69, '108125.00', '2022-10-13 11:55:37', NULL),
(70, '110946.00', '2022-10-13 11:55:37', NULL),
(71, '110944.00', '2022-10-13 11:56:46', NULL),
(72, '110947.00', '2022-10-13 11:56:48', NULL),
(73, '110951.00', '2022-10-13 11:56:52', NULL),
(74, '110727.00', '2022-10-13 11:56:56', NULL),
(75, '113548.00', '2022-10-13 11:57:08', NULL),
(76, '116369.00', '2022-10-13 11:57:08', NULL),
(77, '119190.00', '2022-10-13 11:57:08', NULL),
(78, '122011.00', '2022-10-13 11:57:08', NULL),
(79, '122015.00', '2022-10-13 11:57:57', NULL),
(80, '122013.00', '2022-10-13 11:58:00', NULL),
(81, '122016.00', '2022-10-13 11:58:02', NULL),
(82, '121792.00', '2022-10-13 11:59:03', NULL),
(83, '124613.00', '2022-10-13 12:02:16', NULL),
(84, '127434.00', '2022-10-13 12:02:16', NULL),
(85, '127432.00', '2022-10-13 12:02:24', NULL),
(86, '127211.00', '2022-10-13 12:02:28', NULL),
(87, '127202.00', '2022-10-13 12:02:32', NULL),
(88, '130022.00', '2022-10-13 12:02:40', NULL),
(89, '132842.00', '2022-10-13 12:02:40', NULL),
(90, '132838.00', '2022-10-13 12:03:00', NULL),
(91, '132836.00', '2022-10-13 12:03:03', NULL),
(92, '132615.00', '2022-10-13 12:03:05', NULL),
(93, '132609.00', '2022-10-13 12:03:08', NULL),
(94, '132604.00', '2022-10-13 12:03:11', NULL),
(95, '132601.00', '2022-10-13 12:03:20', NULL),
(96, '132599.00', '2022-10-13 12:03:22', NULL),
(97, '132598.00', '2022-10-13 12:03:24', NULL),
(98, '135433.00', '2022-10-13 12:03:37', NULL),
(99, '138268.00', '2022-10-13 12:03:37', NULL),
(100, '138266.00', '2022-10-13 12:03:41', NULL),
(101, '138041.00', '2022-10-13 12:03:44', NULL),
(102, '140875.00', '2022-10-13 12:03:49', NULL),
(103, '143709.00', '2022-10-13 12:03:50', NULL),
(104, '143484.00', '2022-10-13 12:04:03', NULL),
(105, '143482.00', '2022-10-13 12:04:07', NULL),
(106, '143483.00', '2022-10-13 12:04:13', NULL),
(107, '143484.00', '2022-10-13 12:04:13', NULL),
(108, '143483.00', '2022-10-13 12:05:16', NULL),
(109, '143482.00', '2022-10-13 12:05:18', NULL),
(110, '143483.00', '2022-10-13 12:05:25', NULL),
(111, '143484.00', '2022-10-13 12:05:25', NULL),
(112, '143484.00', '2022-10-13 12:07:04', NULL),
(113, '143483.00', '2022-10-13 12:07:06', NULL),
(114, '143484.00', '2022-10-13 12:07:22', NULL),
(115, '143485.00', '2022-10-13 12:07:22', NULL),
(116, '143484.00', '2022-10-13 12:18:06', NULL),
(117, '143484.00', '2022-10-13 12:18:08', NULL),
(118, '143485.00', '2022-10-13 12:18:13', NULL),
(119, '143486.00', '2022-10-13 12:19:53', NULL),
(120, '143487.00', '2022-10-13 12:19:53', NULL),
(121, '143487.00', '2022-10-13 12:19:59', NULL),
(122, '143486.00', '2022-10-13 12:20:02', NULL),
(123, '143487.00', '2022-10-13 12:20:45', NULL),
(124, '143488.00', '2022-10-13 12:20:45', NULL),
(125, '143487.00', '2022-10-13 12:21:18', NULL),
(126, '143487.00', '2022-10-13 12:21:21', NULL),
(127, '143488.00', '2022-10-13 12:21:26', NULL),
(128, '143487.00', '2022-10-13 12:21:29', NULL),
(129, '146287.00', '2022-10-13 12:21:40', NULL),
(130, '149087.00', '2022-10-13 12:21:41', NULL),
(131, '149085.00', '2022-10-13 12:21:49', NULL),
(132, '148895.00', '2022-10-13 12:21:52', NULL),
(133, '149265.00', '2022-10-13 13:34:48', NULL),
(134, '149465.00', '2022-10-13 13:35:00', NULL),
(135, '151506.00', '2022-10-13 13:35:10', NULL),
(136, '153547.00', '2022-10-13 13:35:10', NULL),
(137, '153548.00', '2022-10-13 13:37:43', NULL),
(138, '159146.00', '2022-10-13 13:37:57', NULL),
(139, '164744.00', '2022-10-13 13:37:57', NULL),
(140, '170342.00', '2022-10-13 13:37:57', NULL),
(141, '175940.00', '2022-10-13 13:37:57', NULL),
(142, '175717.00', '2022-10-13 13:38:16', NULL),
(143, '175652.00', '2022-10-13 13:38:20', NULL),
(144, '175647.00', '2022-10-13 13:38:23', NULL),
(145, '175348.00', '2022-10-13 13:38:26', NULL),
(146, '180946.00', '2022-10-13 13:38:44', NULL),
(147, '186544.00', '2022-10-13 13:38:44', NULL),
(148, '192142.00', '2022-10-13 13:38:44', NULL),
(149, '197740.00', '2022-10-13 13:38:45', NULL),
(150, '197735.00', '2022-10-13 13:39:00', NULL),
(151, '197436.00', '2022-10-13 13:39:03', NULL),
(152, '197213.00', '2022-10-13 13:39:06', NULL),
(153, '197148.00', '2022-10-13 13:39:08', NULL),
(154, '202746.00', '2022-10-13 13:39:52', NULL),
(155, '208344.00', '2022-10-13 13:39:52', NULL),
(156, '213942.00', '2022-10-13 13:39:52', NULL),
(157, '219540.00', '2022-10-13 13:39:52', NULL),
(158, '219535.00', '2022-10-13 13:55:48', NULL),
(159, '219236.00', '2022-10-13 13:56:03', NULL),
(160, '218866.00', '2022-10-13 13:56:09', NULL),
(161, '218666.00', '2022-10-13 13:56:20', NULL),
(162, '218664.00', '2022-10-13 13:56:24', NULL),
(163, '218441.00', '2022-10-13 13:56:27', NULL),
(164, '218440.00', '2022-10-13 13:56:30', NULL),
(165, '218439.00', '2022-10-13 13:56:32', NULL),
(166, '218374.00', '2022-10-13 13:56:35', NULL),
(167, '226584.00', '2022-10-13 13:56:54', NULL),
(168, '234794.00', '2022-10-13 13:56:54', NULL),
(169, '243004.00', '2022-10-13 13:56:54', NULL),
(170, '251214.00', '2022-10-13 13:56:54', NULL),
(171, '259424.00', '2022-10-13 13:56:54', NULL),
(172, '259419.00', '2022-10-13 13:57:09', NULL),
(173, '264729.00', '2022-10-13 13:57:38', NULL),
(174, '270039.00', '2022-10-13 13:57:39', NULL),
(175, '270034.00', '2022-10-13 14:00:05', NULL),
(176, '269735.00', '2022-10-13 14:00:16', NULL),
(177, '269436.00', '2022-10-13 14:00:19', NULL),
(178, '274746.00', '2022-10-13 14:00:51', NULL),
(179, '280056.00', '2022-10-13 14:00:51', NULL),
(180, '279757.00', '2022-10-13 14:02:10', NULL),
(181, '279752.00', '2022-10-13 14:02:13', NULL),
(182, '285062.00', '2022-10-13 14:04:12', NULL),
(183, '285057.00', '2022-10-13 14:04:21', NULL),
(184, '285055.00', '2022-10-13 14:04:30', NULL),
(185, '284830.00', '2022-10-13 14:04:35', NULL),
(186, '284765.00', '2022-10-13 14:04:38', NULL),
(187, '292775.00', '2022-10-13 14:05:26', NULL),
(188, '300785.00', '2022-10-13 14:05:26', NULL),
(189, '308795.00', '2022-10-13 14:05:26', NULL),
(190, '316805.00', '2022-10-13 14:05:26', NULL),
(191, '316803.00', '2022-10-13 14:05:38', NULL),
(192, '316578.00', '2022-10-13 14:05:40', NULL),
(193, '316513.00', '2022-10-13 14:05:42', NULL),
(194, '316508.00', '2022-10-13 14:05:44', NULL),
(195, '324519.00', '2022-10-13 14:05:54', NULL),
(196, '332530.00', '2022-10-13 14:05:54', NULL),
(197, '340541.00', '2022-10-13 14:05:55', NULL),
(198, '348552.00', '2022-10-13 14:05:55', NULL),
(199, '356563.00', '2022-10-13 14:05:55', NULL),
(200, '356558.00', '2022-10-13 14:05:59', NULL),
(201, '356557.00', '2022-10-13 14:06:01', NULL),
(202, '356555.00', '2022-10-13 14:06:04', NULL),
(203, '356330.00', '2022-10-13 14:06:06', NULL),
(204, '356265.00', '2022-10-13 14:06:08', NULL),
(205, '375440.00', '2022-10-13 14:06:17', NULL),
(206, '394615.00', '2022-10-13 14:06:17', NULL),
(207, '413790.00', '2022-10-13 14:06:17', NULL),
(208, '432965.00', '2022-10-13 14:06:18', NULL),
(209, '452140.00', '2022-10-13 14:06:18', NULL),
(210, '471315.00', '2022-10-13 14:06:18', NULL),
(211, '471310.00', '2022-10-13 14:06:27', NULL),
(212, '471306.00', '2022-10-13 14:06:30', NULL),
(213, '471300.00', '2022-10-13 14:06:32', NULL),
(214, '471298.00', '2022-10-13 14:06:34', NULL),
(215, '471073.00', '2022-10-13 14:06:42', NULL),
(216, '471008.00', '2022-10-13 14:06:47', NULL),
(217, '490184.00', '2022-10-13 14:07:18', NULL),
(218, '509360.00', '2022-10-13 14:07:18', NULL),
(219, '528536.00', '2022-10-13 14:07:18', NULL),
(220, '547712.00', '2022-10-13 14:07:18', NULL),
(221, '566888.00', '2022-10-13 14:07:18', NULL),
(222, '586064.00', '2022-10-13 14:07:18', NULL),
(223, '586062.00', '2022-10-13 14:07:28', NULL),
(224, '580952.00', '2022-10-13 14:08:35', NULL),
(225, '574107.00', '2022-10-13 14:08:48', NULL),
(226, '569787.00', '2022-10-13 14:08:53', NULL),
(227, '569562.00', '2022-10-13 14:08:56', NULL),
(228, '569497.00', '2022-10-13 14:08:59', NULL),
(229, '569507.00', '2022-10-13 15:20:26', NULL),
(230, '569527.00', '2022-10-13 15:21:34', NULL),
(231, '569507.00', '2022-10-13 15:22:41', NULL),
(232, '584277.00', '2022-10-13 15:30:59', NULL),
(233, '599047.00', '2022-10-13 15:30:59', NULL),
(234, '613817.00', '2022-10-13 15:30:59', NULL),
(235, '628587.00', '2022-10-13 15:30:59', NULL),
(236, '643357.00', '2022-10-13 15:31:00', NULL),
(237, '658127.00', '2022-10-13 15:31:00', NULL),
(238, '655677.00', '2022-10-13 15:36:45', NULL),
(239, '658127.00', '2022-10-13 15:37:24', NULL),
(240, '655677.00', '2022-10-13 15:39:55', NULL),
(241, '653077.00', '2022-10-13 15:40:35', NULL),
(242, '652852.00', '2022-10-13 15:40:37', NULL),
(243, '652787.00', '2022-10-13 15:40:39', NULL),
(244, '647677.00', '2022-10-13 15:40:41', NULL),
(245, '643357.00', '2022-10-13 15:40:43', NULL),
(246, '643347.00', '2022-10-13 15:40:45', NULL),
(247, '658127.00', '2022-10-13 15:42:01', NULL),
(248, '672907.00', '2022-10-13 15:42:01', NULL),
(249, '687687.00', '2022-10-13 15:42:01', NULL),
(250, '702467.00', '2022-10-13 15:42:01', NULL),
(251, '717247.00', '2022-10-13 15:42:01', NULL),
(252, '732027.00', '2022-10-13 15:42:02', NULL),
(253, '729577.00', '2022-10-13 15:46:53', NULL),
(254, '729578.00', '2022-10-13 15:46:59', NULL),
(255, '732027.00', '2022-10-14 09:59:13', NULL),
(256, '729578.00', '2022-10-14 10:04:30', NULL),
(257, '729577.00', '2022-10-14 10:04:33', NULL),
(258, '726967.00', '2022-10-14 10:04:36', NULL),
(259, '726742.00', '2022-10-14 10:04:39', NULL),
(260, '726677.00', '2022-10-14 10:04:46', NULL),
(261, '721567.00', '2022-10-14 10:04:50', NULL),
(262, '717247.00', '2022-10-14 10:04:53', NULL),
(263, '732027.00', '2022-10-14 15:02:28', NULL),
(264, '746807.00', '2022-10-14 15:02:28', NULL),
(265, '746798.00', '2022-10-14 15:06:41', NULL),
(266, '741698.00', '2022-10-14 15:06:43', NULL),
(267, '756478.00', '2022-10-14 15:06:48', NULL),
(268, '771258.00', '2022-10-14 15:06:48', NULL),
(269, '786038.00', '2022-10-14 15:06:49', NULL),
(270, '800818.00', '2022-10-14 15:06:49', NULL),
(271, '815598.00', '2022-10-14 15:06:49', NULL),
(272, '830378.00', '2022-10-14 15:06:49', NULL),
(273, '837148.00', '2022-10-14 15:22:49', NULL),
(274, '843918.00', '2022-10-14 15:22:49', NULL),
(275, '839598.00', '2022-10-14 15:22:55', NULL),
(276, '837148.00', '2022-10-14 15:22:57', NULL),
(277, '851928.00', '2022-10-14 15:23:02', NULL),
(278, '866708.00', '2022-10-14 15:23:02', NULL),
(279, '881488.00', '2022-10-14 15:23:02', NULL),
(280, '896268.00', '2022-10-14 15:23:02', NULL),
(281, '911048.00', '2022-10-14 15:23:02', NULL),
(282, '925828.00', '2022-10-14 15:23:02', NULL),
(283, '928438.00', '2022-10-14 15:24:16', NULL),
(284, '925828.00', '2022-10-14 15:24:20', NULL),
(285, '940608.00', '2022-10-14 15:35:45', NULL),
(286, '955388.00', '2022-10-14 15:35:45', NULL),
(287, '970168.00', '2022-10-14 15:35:46', NULL),
(288, '984948.00', '2022-10-14 15:35:46', NULL),
(289, '999728.00', '2022-10-14 15:35:46', NULL),
(290, '1014508.00', '2022-10-14 15:35:46', NULL),
(291, '1014443.00', '2022-10-14 15:54:37', NULL),
(292, '1009333.00', '2022-10-14 16:20:58', NULL),
(293, '1005013.00', '2022-10-14 16:21:00', NULL),
(294, '1002563.00', '2022-10-14 16:21:01', NULL),
(295, '999953.00', '2022-10-14 16:21:04', NULL),
(296, '999728.00', '2022-10-14 16:21:06', NULL),
(297, '1014508.00', '2022-10-14 16:21:12', NULL),
(298, '1029288.00', '2022-10-14 16:21:12', NULL),
(299, '1044068.00', '2022-10-14 16:21:12', NULL),
(300, '1058848.00', '2022-10-14 16:21:12', NULL),
(301, '1073628.00', '2022-10-14 16:21:12', NULL),
(302, '1088408.00', '2022-10-14 16:21:13', NULL),
(303, '1085798.00', '2022-10-14 16:21:18', NULL),
(304, '1085573.00', '2022-10-14 16:21:19', NULL),
(305, '1085508.00', '2022-10-14 16:21:21', NULL),
(306, '1080398.00', '2022-10-14 16:21:23', NULL),
(307, '1076078.00', '2022-10-14 16:21:25', NULL),
(308, '1073628.00', '2022-10-14 16:21:27', NULL);

-- --------------------------------------------------------

--
-- Table structure for table `categories`
--

CREATE TABLE `categories` (
  `category_id` int(11) NOT NULL,
  `category` varchar(150) NOT NULL,
  `category_added` datetime NOT NULL DEFAULT current_timestamp(),
  `category_updated` datetime DEFAULT NULL ON UPDATE current_timestamp()
) ENGINE=InnoDB DEFAULT CHARSET=utf8mb4;

--
-- Dumping data for table `categories`
--

INSERT INTO `categories` (`category_id`, `category`, `category_added`, `category_updated`) VALUES
(1, 'Broken / Damaged Item(s)', '2022-08-16 11:17:38', NULL),
(2, 'Additional Amenities', '2022-08-16 11:17:59', NULL),
(3, 'Lost Item(s)', '2022-08-16 11:18:05', NULL),
(4, 'Stained Item(s)', '2022-08-16 11:18:15', NULL),
(5, 'Early & Late Charges', '2022-08-16 11:18:34', '2022-08-16 15:43:14'),
(14, 'Swimming Pool', '2022-09-15 16:58:13', NULL),
(15, 'Others', '2022-09-27 11:05:15', NULL);

-- --------------------------------------------------------

--
-- Table structure for table `charges`
--

CREATE TABLE `charges` (
  `charge_id` int(11) NOT NULL,
  `category_id` int(11) NOT NULL,
  `charge` varchar(50) NOT NULL,
  `charge_amount` decimal(11,2) NOT NULL,
  `charge_added` datetime NOT NULL DEFAULT current_timestamp(),
  `charge_updated` datetime DEFAULT NULL ON UPDATE current_timestamp()
) ENGINE=InnoDB DEFAULT CHARSET=utf8mb4;

--
-- Dumping data for table `charges`
--

INSERT INTO `charges` (`charge_id`, `category_id`, `charge`, `charge_amount`, `charge_added`, `charge_updated`) VALUES
(1, 1, 'Broken Glass (Dental Glass)', '70.00', '2022-08-16 16:06:41', '2022-08-16 16:07:07'),
(2, 1, 'Cup', '70.00', '2022-08-16 16:09:37', NULL),
(3, 1, 'Lamp Shade', '1500.00', '2022-08-16 16:09:45', NULL),
(4, 1, 'Curtain', '2000.00', '2022-08-16 16:09:55', NULL),
(5, 1, 'Wall Décor', '350.00', '2022-08-16 16:10:05', '2022-08-16 16:11:04'),
(6, 1, 'Damage Chair', '350.00', '2022-08-16 16:12:28', NULL),
(7, 1, 'Damaged Wall (Stickers from parties)', '800.00', '2022-08-16 16:12:44', NULL),
(8, 2, 'Towel', '75.00', '2022-08-16 16:35:49', NULL),
(9, 2, 'Pillow', '35.00', '2022-08-16 16:35:54', NULL),
(10, 2, 'Dental Kit', '20.00', '2022-08-16 16:35:58', NULL),
(11, 2, 'Bottled Water (500 ml)', '50.00', '2022-08-16 16:36:17', '2022-09-15 16:58:06'),
(12, 2, 'Bottled Water (250 ml)', '25.00', '2022-08-16 16:36:23', '2022-09-15 16:58:02'),
(13, 2, 'Soap', '10.00', '2022-08-16 16:36:28', NULL),
(14, 2, 'Shampoo & Conditioner', '35.00', '2022-08-16 16:36:37', NULL),
(15, 2, 'Lotion', '35.00', '2022-08-16 16:36:44', NULL),
(16, 2, 'Vanity Kit', '20.00', '2022-08-16 16:36:53', NULL),
(17, 2, 'Linen/Sheet', '100.00', '2022-08-16 16:36:58', NULL),
(18, 2, 'Comforter', '100.00', '2022-08-16 16:37:03', NULL),
(19, 2, 'Slippers', '30.00', '2022-08-16 16:37:09', '2022-09-15 16:59:40'),
(20, 3, 'Keycard', '350.00', '2022-08-16 16:37:17', NULL),
(21, 3, 'Towel', '350.00', '2022-08-16 16:37:51', NULL),
(22, 3, 'Bathmat', '100.00', '2022-08-16 16:37:56', NULL),
(23, 3, 'Hanger', '80.00', '2022-08-16 16:38:02', NULL),
(24, 3, 'Flashlight', '100.00', '2022-08-16 16:38:09', NULL),
(25, 3, 'Remote', '500.00', '2022-08-16 16:38:12', NULL),
(26, 3, 'Linen', '1000.00', '2022-08-16 16:38:18', NULL),
(27, 3, 'Comforter', '2500.00', '2022-08-16 16:38:25', NULL),
(28, 4, 'Linens', '250.00', '2022-08-16 16:38:52', NULL),
(29, 4, 'Towel', '200.00', '2022-08-16 16:38:59', NULL),
(30, 4, 'Bathmat', '100.00', '2022-08-16 16:39:08', NULL),
(31, 4, 'Smoking inside the room', '2500.00', '2022-08-16 16:39:21', NULL),
(32, 5, 'Early Check In', '560.00', '2022-08-16 16:39:59', '2022-09-09 10:10:06'),
(33, 5, 'Late Check Out', '560.00', '2022-08-16 16:40:06', '2022-09-10 11:08:28'),
(39, 5, 'Late Check out (Full-day Charge)', '0.00', '2022-09-12 14:51:58', '2022-09-12 14:52:09'),
(42, 14, 'Adult', '250.00', '2022-09-15 16:59:59', NULL),
(43, 14, 'Kids', '200.00', '2022-09-15 17:00:10', NULL),
(44, 15, 'Laundry', '180.00', '2022-09-27 11:05:30', NULL);

-- --------------------------------------------------------

--
-- Table structure for table `charges_food`
--

CREATE TABLE `charges_food` (
  `charges_food_id` int(11) NOT NULL,
  `booked_room_id` int(11) NOT NULL,
  `charge_type` varchar(20) NOT NULL,
  `particulars` varchar(255) NOT NULL,
  `reference` varchar(150) NOT NULL,
  `charges_food_quantity` int(11) NOT NULL DEFAULT 1,
  `charges_food_amount` decimal(11,2) NOT NULL,
  `charges_food_added` datetime NOT NULL DEFAULT current_timestamp(),
  `charges_food_updated` datetime DEFAULT NULL ON UPDATE current_timestamp()
) ENGINE=InnoDB DEFAULT CHARSET=utf8mb4;

--
-- Dumping data for table `charges_food`
--

INSERT INTO `charges_food` (`charges_food_id`, `booked_room_id`, `charge_type`, `particulars`, `reference`, `charges_food_quantity`, `charges_food_amount`, `charges_food_added`, `charges_food_updated`) VALUES
(1, 63, 'Restaurant', 'cakes', 'sber', 1, '250.00', '2022-09-23 14:42:27', NULL),
(2, 135, 'Coffeeshop', 'BEVERAGE', '15232', 1, '155.00', '2022-09-27 08:33:29', NULL),
(3, 135, 'Restaurant', 'MEALS ', '10226', 1, '1946.00', '2022-09-27 08:34:08', NULL),
(4, 136, 'Coffeeshop', 'SNACKS', '15230', 1, '340.00', '2022-09-27 08:40:05', NULL),
(5, 136, 'Coffeeshop', 'SNACKS ', '15226', 1, '585.00', '2022-09-27 08:40:43', NULL),
(6, 136, 'Coffeeshop', 'SNACKS', '15200', 1, '350.00', '2022-09-27 08:41:20', NULL),
(7, 136, 'Restaurant', 'MEAL', '10200', 1, '192.00', '2022-09-27 08:41:58', NULL),
(8, 136, 'Restaurant', 'MEAL', '10229', 1, '320.00', '2022-09-27 08:42:36', NULL),
(9, 136, 'Restaurant', 'SNACK', '15234', 1, '120.00', '2022-09-27 08:43:08', NULL),
(10, 312, 'Restaurant', 'food', 'awerawver', 1, '1580.00', '2022-10-04 14:26:08', NULL),
(11, 350, 'Restaurant', 'Food', '', 1, '500.00', '2022-10-06 14:30:18', NULL),
(12, 350, 'Coffeeshop', 'Creamylatte', '', 1, '250.00', '2022-10-06 14:30:22', NULL),
(15, 360, 'Restaurant', 'Food', '', 1, '220.00', '2022-10-10 16:00:33', NULL),
(16, 360, 'Restaurant', 'Water', '', 1, '5.00', '2022-10-10 16:00:40', NULL),
(17, 360, 'Coffeeshop', 'Creamylatte', '', 1, '50.00', '2022-10-10 16:20:35', NULL),
(18, 360, 'Coffeeshop', 'Sugar', '', 1, '15.00', '2022-10-10 16:20:42', NULL);

-- --------------------------------------------------------

--
-- Table structure for table `charges_other`
--

CREATE TABLE `charges_other` (
  `charges_other_id` int(11) NOT NULL,
  `booked_room_id` int(11) NOT NULL,
  `charge_id` int(11) NOT NULL,
  `charge_quantity` int(11) NOT NULL,
  `charges_other_added` datetime NOT NULL DEFAULT current_timestamp(),
  `charges_other_updated` datetime DEFAULT NULL ON UPDATE current_timestamp()
) ENGINE=InnoDB DEFAULT CHARSET=utf8mb4;

--
-- Dumping data for table `charges_other`
--

INSERT INTO `charges_other` (`charges_other_id`, `booked_room_id`, `charge_id`, `charge_quantity`, `charges_other_added`, `charges_other_updated`) VALUES
(1, 1, 32, 1, '2022-09-13 11:53:42', NULL),
(2, 60, 32, 1, '2022-09-20 06:57:44', NULL),
(3, 61, 32, 1, '2022-09-20 06:59:21', NULL),
(4, 63, 31, 1, '2022-09-23 14:41:35', NULL),
(5, 63, 6, 1, '2022-09-23 14:42:50', NULL),
(7, 59, 32, 1, '2022-09-24 07:56:06', NULL),
(8, 67, 32, 1, '2022-09-24 10:57:25', NULL),
(9, 68, 32, 1, '2022-09-24 11:00:58', NULL),
(11, 79, 32, 1, '2022-09-27 08:24:26', NULL),
(12, 78, 32, 1, '2022-09-27 08:24:37', NULL),
(13, 136, 12, 4, '2022-09-27 08:44:09', NULL),
(14, 138, 32, 1, '2022-09-27 09:03:19', NULL),
(16, 140, 32, 1, '2022-09-27 09:10:52', NULL),
(17, 141, 32, 1, '2022-09-27 09:11:26', NULL),
(18, 142, 32, 1, '2022-09-27 09:13:29', NULL),
(19, 143, 32, 1, '2022-09-27 09:15:36', NULL),
(20, 144, 32, 1, '2022-09-27 09:16:31', NULL),
(21, 145, 32, 1, '2022-09-27 09:17:32', NULL),
(22, 146, 32, 1, '2022-09-27 09:18:02', NULL),
(23, 147, 32, 1, '2022-09-27 09:18:47', NULL),
(25, 149, 32, 1, '2022-09-27 09:22:30', NULL),
(26, 150, 32, 1, '2022-09-27 09:24:48', NULL),
(27, 129, 32, 1, '2022-09-27 09:27:34', NULL),
(28, 151, 32, 1, '2022-09-27 09:31:20', NULL),
(29, 136, 44, 1, '2022-09-27 11:08:01', NULL),
(30, 199, 32, 1, '2022-09-29 10:17:54', NULL),
(31, 200, 32, 1, '2022-09-29 10:19:47', NULL),
(32, 201, 32, 1, '2022-09-29 10:21:38', NULL),
(33, 202, 32, 1, '2022-09-29 10:23:02', NULL),
(34, 204, 32, 1, '2022-09-29 10:31:34', NULL),
(35, 206, 32, 1, '2022-09-29 10:41:26', NULL),
(36, 209, 32, 1, '2022-09-30 08:32:58', NULL),
(37, 210, 32, 1, '2022-09-30 08:33:59', NULL),
(38, 211, 32, 1, '2022-09-30 08:35:26', NULL),
(39, 212, 32, 1, '2022-09-30 08:37:30', NULL),
(40, 213, 32, 1, '2022-09-30 08:38:55', NULL),
(41, 214, 32, 1, '2022-09-30 08:40:53', NULL),
(42, 215, 32, 1, '2022-09-30 08:42:12', NULL),
(43, 216, 32, 1, '2022-09-30 08:43:12', NULL),
(44, 217, 32, 1, '2022-09-30 08:45:09', NULL),
(45, 218, 32, 1, '2022-09-30 08:45:55', NULL),
(46, 219, 32, 1, '2022-09-30 08:46:46', NULL),
(47, 220, 32, 1, '2022-09-30 08:47:37', NULL),
(48, 221, 32, 1, '2022-09-30 09:41:03', NULL),
(49, 222, 32, 1, '2022-09-30 09:52:04', NULL),
(50, 223, 32, 1, '2022-09-30 10:55:33', NULL),
(51, 236, 32, 1, '2022-10-01 07:22:44', NULL),
(52, 237, 32, 1, '2022-10-01 07:23:05', NULL),
(53, 238, 32, 1, '2022-10-01 07:23:41', NULL),
(54, 239, 32, 1, '2022-10-01 07:24:49', NULL),
(55, 240, 32, 1, '2022-10-01 07:25:10', NULL),
(56, 241, 32, 1, '2022-10-01 07:25:51', NULL),
(58, 243, 32, 1, '2022-10-01 07:29:16', NULL),
(60, 245, 32, 1, '2022-10-01 08:22:42', NULL),
(61, 246, 32, 1, '2022-10-01 08:25:24', NULL),
(63, 248, 32, 1, '2022-10-01 08:29:59', NULL),
(65, 250, 32, 1, '2022-10-01 08:41:39', NULL),
(66, 251, 32, 1, '2022-10-01 08:42:22', NULL),
(68, 253, 32, 1, '2022-10-01 08:46:23', NULL),
(70, 255, 32, 1, '2022-10-01 11:10:58', NULL),
(72, 257, 32, 1, '2022-10-01 11:13:50', NULL),
(74, 315, 32, 1, '2022-10-06 09:20:41', NULL),
(75, 314, 32, 1, '2022-10-06 09:25:31', NULL),
(76, 313, 32, 1, '2022-10-06 09:37:50', NULL),
(77, 360, 11, 2, '2022-10-10 16:12:26', NULL),
(82, 360, 39, 1, '2022-10-10 16:43:48', NULL),
(84, 359, 12, 2, '2022-10-13 15:09:38', NULL);

-- --------------------------------------------------------

--
-- Table structure for table `discounts`
--

CREATE TABLE `discounts` (
  `discount_id` int(11) NOT NULL,
  `discount_type` varchar(200) DEFAULT NULL,
  `percentage` int(200) DEFAULT NULL,
  `date_modified` timestamp NOT NULL DEFAULT current_timestamp()
) ENGINE=InnoDB DEFAULT CHARSET=latin1;

--
-- Dumping data for table `discounts`
--

INSERT INTO `discounts` (`discount_id`, `discount_type`, `percentage`, `date_modified`) VALUES
(1, 'N/A', 0, '2020-01-28 09:16:28'),
(2, 'PWD', 20, '2020-02-06 13:08:21'),
(3, 'Senior Citizen', 20, '2020-03-07 08:45:28'),
(4, 'VIP-A', 10, '2022-05-28 06:25:46'),
(5, 'VIP-B', 20, '2022-05-28 09:48:13'),
(6, 'Corporate', 10, '2022-05-28 09:49:15'),
(7, 'Owner-A', 10, '2022-05-28 09:50:27'),
(8, 'Owner-B', 20, '2022-05-28 09:50:35'),
(9, 'Owner-C', 30, '2022-05-28 09:51:00');

-- --------------------------------------------------------

--
-- Table structure for table `expenses`
--

CREATE TABLE `expenses` (
  `expense_id` int(11) NOT NULL,
  `expense_amount` decimal(11,2) NOT NULL,
  `expense_type` varchar(150) NOT NULL,
  `expense_remarks` varchar(255) NOT NULL,
  `expense_date` date NOT NULL,
  `expense_added` datetime NOT NULL DEFAULT current_timestamp(),
  `expense_updated` datetime DEFAULT NULL ON UPDATE current_timestamp()
) ENGINE=InnoDB DEFAULT CHARSET=utf8mb4;

--
-- Dumping data for table `expenses`
--

INSERT INTO `expenses` (`expense_id`, `expense_amount`, `expense_type`, `expense_remarks`, `expense_date`, `expense_added`, `expense_updated`) VALUES
(1, '5000.00', 'Event', 'lechon', '2022-10-04', '2022-10-04 14:27:22', NULL),
(2, '1000.00', 'Otilla\'s', 'tissue', '2022-10-04', '2022-10-04 14:29:16', NULL),
(3, '100.00', 'Hotel', 'Hehe', '2022-10-05', '2022-10-06 13:41:32', NULL),
(4, '50.00', 'Pool', '', '2022-10-06', '2022-10-06 14:16:13', NULL),
(5, '120.00', 'Hotel', '', '2022-10-06', '2022-10-06 14:34:23', NULL),
(6, '200.00', 'Event', '25', '2022-10-06', '2022-10-06 14:36:05', NULL),
(7, '20.00', 'Resto', '20', '2022-10-06', '2022-10-06 14:40:53', NULL),
(8, '30.00', 'Otilla\'s', '30', '2022-10-06', '2022-10-06 14:40:57', NULL);

-- --------------------------------------------------------

--
-- Table structure for table `guests`
--

CREATE TABLE `guests` (
  `guest_id` int(11) NOT NULL,
  `first_name` varchar(150) NOT NULL,
  `middle_name` varchar(150) NOT NULL,
  `last_name` varchar(150) NOT NULL,
  `suffix` varchar(20) NOT NULL,
  `plate_no` varchar(20) NOT NULL,
  `company_name` varchar(255) NOT NULL,
  `company_address` varchar(255) NOT NULL,
  `contact` varchar(20) NOT NULL,
  `email` varchar(100) NOT NULL,
  `address` varchar(255) NOT NULL,
  `birthday` varchar(20) NOT NULL,
  `nationality` varchar(100) NOT NULL,
  `cash` decimal(11,2) NOT NULL,
  `last_checkin` datetime DEFAULT NULL,
  `guest_disabled` tinyint(4) NOT NULL,
  `guest_added` datetime NOT NULL DEFAULT current_timestamp(),
  `guest_updated` datetime DEFAULT NULL ON UPDATE current_timestamp()
) ENGINE=InnoDB DEFAULT CHARSET=utf8mb4;

--
-- Dumping data for table `guests`
--

INSERT INTO `guests` (`guest_id`, `first_name`, `middle_name`, `last_name`, `suffix`, `plate_no`, `company_name`, `company_address`, `contact`, `email`, `address`, `birthday`, `nationality`, `cash`, `last_checkin`, `guest_disabled`, `guest_added`, `guest_updated`) VALUES
(1, 'Francsico', 'Osdons', 'Ibañez', 'III', '4459348', 'WSM IT Services', 'Cebu City', '09150125942', 'foibanez@gmail.com', 'Tacloban City', '08/31/1993', 'Spanish', '0.00', '2022-10-10 14:40:01', 0, '2022-09-07 15:43:07', '2022-10-10 14:40:01'),
(2, 'Ryan', 'Quinto', 'Rarugal', '', '', '', '', '09456259886', '', '', '', '', '0.00', '2022-10-06 09:54:37', 0, '2022-09-07 16:05:46', '2022-10-06 09:54:37'),
(3, 'Elpidio', '', 'Villarosa', '', '', '', '', '09652584147', '', '', '', '', '0.00', '2022-10-06 10:26:16', 0, '2022-09-07 16:06:19', '2022-10-06 10:26:16'),
(4, 'Francisco', 'Osdon', 'Ibañez', '', '', '', '', '09150125942', 'foibanez@gmail.com', '', '', '', '0.00', '2022-10-14 16:31:18', 0, '2022-09-07 16:33:20', '2022-10-14 16:31:18'),
(5, 'Jovin', '', 'Maneja', '', '', '', '', '09154512658', 'jovinmaneja@gmail.com', '', '', '', '0.00', '2022-10-06 16:01:54', 0, '2022-09-07 16:57:48', '2022-10-06 16:01:54'),
(9, 'Rod', '', 'Bongosia', '', '', '', '', '09652584147', '', '', '', '', '0.00', '2022-09-13 11:17:56', 0, '2022-09-09 10:35:42', '2022-09-13 11:17:56'),
(13, 'Airene', '', 'Bajado', '', '', '', '', '09171234567', '', '', '', '', '0.00', '2022-09-10 11:02:15', 0, '2022-09-09 10:56:35', '2022-09-10 11:02:15'),
(14, 'Department', 'of', 'Health', '', '', 'Department of Health', 'RO8', '09171234567', '', '', '', '', '0.00', '2022-09-10 18:05:37', 0, '2022-09-09 15:56:49', '2022-09-10 18:05:37'),
(15, 'Fernado', '', 'Egano', '', '', '', '', '09061234567', '', '', '', '', '0.00', '2022-09-10 10:01:38', 0, '2022-09-10 17:56:04', '2022-09-10 10:01:38'),
(16, 'Department of Argarian', '', 'Reform', '', '', '', '', '09171234567', '', '', '', '', '0.00', '2022-09-10 11:13:41', 0, '2022-09-10 11:11:18', '2022-09-10 11:13:41'),
(17, 'Adelon', 'Obejas', 'Zeta', '', '', '', '', '09273330678', '', '', '', '', '0.00', '2022-09-13 16:21:42', 0, '2022-09-13 16:21:42', '2022-09-14 14:03:20'),
(18, 'JESSA MAE', '', 'LAGUNZAD', '', '', '', '', '09498860138', '', '', '', '', '0.00', '2022-09-13 16:33:59', 0, '2022-09-13 16:33:11', '2022-09-16 20:36:41'),
(19, 'Nino', '', 'Mataro', '', '', '', '', '09482103213', '', 'san jose tacloban city', '', '', '0.00', '2022-09-13 16:37:06', 0, '2022-09-13 16:37:06', '2022-09-14 14:02:11'),
(20, 'Iglesia', 'Ni', 'Cristo', '', '', '', '', '09517584811', '', 'Tanauan, Leyte', '06/08/1974', '', '0.00', '2022-09-13 16:42:16', 0, '2022-09-13 16:39:16', '2022-09-14 14:01:28'),
(21, 'Wilford Alexandrei', '', 'Ramos', '', '', '', '', '09674106618', '', '', '', '', '0.00', '2022-09-13 16:43:51', 0, '2022-09-13 16:43:51', '2022-09-14 14:02:49'),
(22, 'Raphael', '', 'Go', '', '', '', '', '09176542660', '', '', '', '', '0.00', '2022-09-13 16:50:25', 0, '2022-09-13 16:50:25', '2022-09-14 14:01:39'),
(23, 'ROLANDO', '', 'GALANO', '', '', '', '', '09177718190', '', '', '', '', '0.00', '2022-09-13 19:54:24', 0, '2022-09-13 19:50:14', '2022-09-13 19:54:24'),
(24, 'Alan Jose', '', 'Aroy', '', '', '', '', '09177954961', '', '', '', '', '0.00', '2022-09-13 21:38:06', 0, '2022-09-13 21:38:06', '2022-09-14 14:00:55'),
(25, 'ROLANDO', '', 'FALLON', '', '', '', '', '09568448169', '', '', '09/15/2022', '', '0.00', '2022-09-15 19:47:38', 0, '2022-09-13 21:39:57', '2022-09-15 20:15:28'),
(26, 'Ramil', '', 'Laceras', '', '', '', '', '09085277117', '', '', '', '', '0.00', '2022-09-13 21:44:37', 0, '2022-09-13 21:44:37', '2022-09-14 14:01:49'),
(27, 'Geralyn', '', 'Macasabuang', '', '', '', '', '09159814640', '', '', '', '', '0.00', '2022-09-13 21:46:43', 0, '2022-09-13 21:46:43', '2022-09-14 14:01:58'),
(28, 'Tess', '', 'Collins', '', '', '', '', '09777185647', '', '', '', '', '0.00', '2022-09-13 21:47:44', 0, '2022-09-13 21:47:44', '2022-09-14 14:01:12'),
(29, 'ADELLE', '', 'CASTILLO', '', '', '', '', '09478107905', '', '', '', '', '0.00', '2022-09-13 21:48:27', 0, '2022-09-13 21:48:27', '2022-09-15 13:18:08'),
(30, 'Goo', '', 'Bee', '', '', '', '', '09176286987', '', '', '', '', '0.00', '2022-09-13 21:50:51', 0, '2022-09-13 21:50:51', '2022-09-14 14:01:04'),
(31, 'LIGASPI ', '', 'JUVY', '', '', '', '', '09709963361', '', '', '', '', '0.00', '2022-09-14 00:40:49', 0, '2022-09-14 00:40:49', '2022-09-14 00:40:49'),
(32, 'ZAC', '', 'ZACATE', '', '', '', '', '09761373102', '', '', '', '', '0.00', '2022-09-15 17:03:36', 0, '2022-09-15 14:09:52', '2022-09-15 20:01:32'),
(33, 'ARCHIE', '', 'SECTET', '', '', '', '', '09777185647', '', '', '', '', '0.00', '2022-09-15 14:26:57', 0, '2022-09-15 14:26:57', '2022-09-15 14:26:57'),
(34, 'ERLINDA ', '', 'RANCHEZ', '', '', '', '', '09452501101', '', '', '', '', '0.00', '2022-09-15 19:41:33', 0, '2022-09-15 19:38:46', '2022-09-15 19:41:33'),
(35, 'ECOSSENTIAL', '', 'FOOD', '', '', '', '', '090666830414', '', '', '', '', '0.00', '2022-09-15 19:43:40', 0, '2022-09-15 19:43:40', '2022-09-15 19:43:40'),
(37, 'FRANCES', '', 'MACALINGGA', '', '', '', '', '09359826674', '', '', '', '', '0.00', '2022-09-15 19:45:20', 0, '2022-09-15 19:45:20', '2022-09-15 19:45:20'),
(38, 'KIARRA', '', 'FORMANES', '', '', '', '', '09489169128', '', '', '', '', '0.00', '2022-09-15 19:49:09', 0, '2022-09-15 19:49:09', '2022-09-15 19:49:09'),
(47, 'CINDY', '', 'CAPATE', '', '', '', '', '09305543767', '', '', '', '', '0.00', '2022-09-15 20:09:43', 0, '2022-09-15 20:09:43', '2022-09-15 20:09:43'),
(52, 'rosario', '', 'abonis', '', '', '', '', '09991575753', '', '', '', '', '0.00', '2022-09-16 20:40:52', 0, '2022-09-16 20:39:13', '2022-09-16 20:40:52'),
(54, 'LGU', '', 'TALALORA', '', '', '', '', '09761373102', '', '', '', '', '0.00', '2022-09-20 06:59:21', 0, '2022-09-20 06:59:21', '2022-09-20 06:59:21'),
(55, 'SHAWN', '', 'PAMGIT', '', '', '', '', '09761373102', '', '', '', '', '0.00', '2022-09-22 12:18:30', 0, '2022-09-22 12:18:30', '2022-09-22 12:18:30'),
(56, 'JULIET JOCELYN', '', 'GUARINO', '', '', '', '', '09103194178', '', '', '', '', '0.00', '2022-09-24 07:16:24', 0, '2022-09-24 07:16:24', '2022-09-24 07:16:24'),
(57, 'ELMER', '', 'BERONIO', '', '', '', '', '09423340315', '', '', '', '', '0.00', '2022-09-24 10:57:25', 0, '2022-09-24 10:57:25', '2022-09-24 10:57:25'),
(58, 'LERMA', '', 'AMOS', '', '', '', '', '09489075525', '', '', '', '', '0.00', '2022-09-24 11:00:58', 0, '2022-09-24 11:00:58', '2022-09-24 11:00:58'),
(59, 'MA. SHEREM', '', 'LUMERAN', '', '', '', '', '09177717474', '', '', '', '', '0.00', '2022-09-25 11:37:07', 0, '2022-09-25 11:37:07', '2022-09-25 11:37:07'),
(60, 'WINLOVE', '', 'BALLON', '', '', '', '', '09700364116', '', '', '', '', '0.00', '2022-09-25 14:32:49', 0, '2022-09-25 14:32:49', '2022-09-25 14:32:49'),
(61, 'KAREN KAY', '', 'ABEJERO', '', '', '', '', '09951883950', '', '', '', '', '0.00', '2022-09-25 15:27:23', 0, '2022-09-25 15:27:23', '2022-09-25 15:27:23'),
(62, 'SUSANA', '', 'ABERIA', '', '', '', '', '09063292980', '', '', '', '', '0.00', '2022-09-26 14:23:22', 0, '2022-09-26 14:23:22', '2022-09-26 14:23:22'),
(63, 'LITO', '', 'BAJADO', '', '', '', '', '09754409307', '', '', '', '', '0.00', '2022-09-26 14:24:57', 0, '2022-09-26 14:24:57', '2022-09-26 14:24:57'),
(64, 'RESTITUO', '', 'BAJADO', '', '', '', '', '09276421279', '', '', '', '', '0.00', '2022-09-26 14:25:53', 0, '2022-09-26 14:25:53', '2022-09-26 14:25:53'),
(65, 'RAYNITA', '', 'ABOY', '', '', '', '', '09278773475', '', '', '', '', '0.00', '2022-09-26 14:26:41', 0, '2022-09-26 14:26:41', '2022-09-26 14:26:41'),
(66, 'ALEXANDER', '', 'DOCABO', '', '', '', '', '09177150061', '', '', '', '', '0.00', '2022-09-26 14:31:38', 0, '2022-09-26 14:31:38', '2022-09-26 14:31:38'),
(67, 'MYRA', '', 'CAMPANI', '', '', '', '', '09154483420', '', '', '', '', '0.00', '2022-09-26 14:33:06', 0, '2022-09-26 14:33:06', '2022-09-26 14:33:06'),
(68, 'ATTY. JOSE CRISOSTOMO ', ' ', 'GUADES', '', '', '', '', '09177018767', '', '', '', '', '0.00', '2022-09-30 08:35:26', 0, '2022-09-26 14:36:41', '2022-09-30 08:36:38'),
(69, 'JERICH NELSOM', '', 'MONTES', '', '', '', '', '09171067659', '', '', '', '', '0.00', '2022-09-26 22:00:58', 0, '2022-09-26 14:37:34', '2022-09-26 22:00:58'),
(70, 'ANNA LISA', '', 'DAGUINOD', '', '', '', '', '09474822720', '', '', '', '', '0.00', '2022-09-26 14:38:22', 0, '2022-09-26 14:38:22', '2022-09-26 14:38:22'),
(71, 'ALBERT', '', 'AFABLE', '', '', '', '', '09177086362', '', '', '', '', '0.00', '2022-09-26 14:39:01', 0, '2022-09-26 14:39:01', '2022-09-26 14:39:01'),
(72, 'DALMACIO', '', 'PAJANUSTAN', '', '', '', '', '09173096488', '', '', '', '', '0.00', '2022-09-26 14:40:39', 0, '2022-09-26 14:40:39', '2022-09-26 14:40:39'),
(73, 'suzette', '', 'ogayo', '', '', '', '', '09761373102', '', '', '', '', '0.00', '2022-09-26 22:19:14', 0, '2022-09-26 22:19:14', '2022-09-26 22:19:14'),
(75, 'NELVIN ', '', 'CABATINGAN', '', '', '', '', '09662785553', '', '', '', '', '0.00', '2022-09-26 22:21:56', 0, '2022-09-26 22:21:56', '2022-10-01 16:33:32'),
(77, 'INTERNATIONAL', '', 'JUSTICE', '', '', '', '', '09761373102', '', '', '', '', '0.00', '2022-09-26 22:23:25', 0, '2022-09-26 22:23:25', '2022-09-26 22:23:25'),
(82, 'NELLY', '', 'FABELLA', '', '', '', '', '09265940526', '', '', '', '', '0.00', '2022-09-26 22:26:45', 0, '2022-09-26 22:26:45', '2022-09-26 22:26:45'),
(86, 'ELAINE', '', 'TY', '', '', '', '', '09178860848', '', '', '', '', '0.00', '2022-09-26 22:29:24', 0, '2022-09-26 22:29:24', '2022-09-26 22:29:24'),
(87, 'FUENTES', '', 'FEMAR', '', '', '', '', '09991575753', '', '', '', '', '0.00', '2022-09-26 22:30:43', 0, '2022-09-26 22:30:43', '2022-10-01 16:35:39'),
(88, 'DOH', '', 'DOH', '', '', '', '', '09777185647', '', '', '', '', '0.00', '2022-10-04 15:03:48', 0, '2022-09-26 22:44:13', '2022-10-04 15:03:48'),
(91, 'ROGER', '', 'LAMONTE', '', '', '', '', '09561493004', '', '', '', '', '0.00', '2022-10-05 16:07:58', 0, '2022-09-26 22:56:13', '2022-10-05 16:07:58'),
(92, 'MAYOR. GODOFREDO', '', 'GARADO', '', '', '', '', '09771102768', '', '', '', '', '0.00', '2022-09-27 07:35:09', 0, '2022-09-27 07:35:09', '2022-09-27 07:35:09'),
(93, 'RONEBETH', '', 'COTIN', '', '', '', '', '09663028498', '', '', '', '', '0.00', '2022-09-27 07:38:49', 0, '2022-09-27 07:38:49', '2022-09-27 07:38:49'),
(94, 'AZURA ', '', 'PASCUAL', '', '', '', '', '0000000000', '', '', '', '', '0.00', '2022-09-27 07:42:03', 0, '2022-09-27 07:42:03', '2022-09-27 07:42:03'),
(95, 'JIA', '', 'ROMERO', '', '', '', '', '0905834841', '', '', '', '', '0.00', '2022-09-27 07:43:13', 0, '2022-09-27 07:43:13', '2022-09-27 07:43:13'),
(96, 'RICHELLE', '', 'CODILLO', '', '', '', '', '09959256964', '', '', '', '', '0.00', '2022-09-27 07:45:51', 0, '2022-09-27 07:45:51', '2022-09-27 07:45:51'),
(97, 'MA. JESSELYN', '', 'SABORIJES', '', '', '', '', '09975828181', '', '', '', '', '0.00', '2022-09-27 07:47:53', 0, '2022-09-27 07:47:53', '2022-09-27 07:47:53'),
(98, 'MA. GINA', '', 'SUASBA', '', '', '', '', '09065049728', '', '', '', '', '0.00', '2022-09-27 07:49:13', 0, '2022-09-27 07:49:13', '2022-09-27 07:49:13'),
(99, 'FINEIL', '', 'LUSTE', '', '', '', '', '09755904528', '', '', '', '', '0.00', '2022-09-27 07:51:05', 0, '2022-09-27 07:51:05', '2022-09-27 07:51:05'),
(100, 'KEVIN', '', 'MONTALLANA', '', '', '', '', '09457885057', '', '', '', '', '0.00', '2022-09-27 07:53:39', 0, '2022-09-27 07:53:39', '2022-09-27 07:53:39'),
(101, 'REYNALDO', '', 'COLINA', '', '', '', '', '09753006256', '', '', '', '', '0.00', '2022-09-27 07:55:16', 0, '2022-09-27 07:55:16', '2022-09-27 07:55:16'),
(102, 'APURA', '', 'TEODORO ERIC', '', '', '', '', '09151435678', '', '', '', '', '0.00', '2022-09-27 07:58:19', 0, '2022-09-27 07:58:19', '2022-09-27 07:58:19'),
(103, 'SACO', '', 'GLADIS', '', '', '', '', '09472802584', '', '', '', '', '0.00', '2022-09-27 07:59:33', 0, '2022-09-27 07:59:33', '2022-09-27 07:59:33'),
(104, 'ERMA', '', 'MOSENDE', '', '', '', '', '09154781310', '', '', '', '', '0.00', '2022-09-27 08:01:04', 0, '2022-09-27 08:01:04', '2022-09-27 08:01:04'),
(105, 'BONIFACIO', '', 'CALOS', '', '', '', '', '09264112292', '', '', '', '', '0.00', '2022-09-27 08:02:32', 0, '2022-09-27 08:02:32', '2022-09-27 08:02:32'),
(106, 'ERWIN', '', 'SESIO', '', '', '', '', '09668532620', '', '', '', '', '0.00', '2022-09-27 08:04:51', 0, '2022-09-27 08:04:51', '2022-09-27 08:04:51'),
(107, 'FRANCISCO', '', 'ROSAROSO', '', '', '', '', '09205883686', '', '', '', '', '0.00', '2022-09-27 08:06:05', 0, '2022-09-27 08:06:05', '2022-09-27 08:06:05'),
(108, 'DOROTHY', '', 'ARTUGUE', '', '', '', '', '09361795869', '', '', '', '', '0.00', '2022-09-27 08:07:53', 0, '2022-09-27 08:07:53', '2022-09-27 08:07:53'),
(109, 'FENIZA', '', 'ROSABETH', '', '', '', '', '09361700191', '', '', '', '', '0.00', '2022-09-27 08:12:42', 0, '2022-09-27 08:12:42', '2022-09-27 08:12:42'),
(110, 'ZESSTTE', '', 'BERTOS', '', '', '', '', '09075996151', '', '', '', '', '0.00', '2022-09-27 08:13:54', 0, '2022-09-27 08:13:54', '2022-09-27 08:13:54'),
(111, 'ANNIE', '', 'ABELLA', '', '', '', '', '09974231404', '', '', '', '', '0.00', '2022-09-27 08:14:57', 0, '2022-09-27 08:14:57', '2022-09-27 08:14:57'),
(112, 'RODOLFO', '', 'UNAY', '', '', '', '', '09481212345', '', '', '', '', '0.00', '2022-09-27 08:28:45', 0, '2022-09-27 08:28:45', '2022-09-27 08:29:04'),
(113, 'JOEL ', '', 'BABARIN', '', '', '', '', '09177528695', '', '', '', '', '0.00', '2022-09-27 08:31:38', 0, '2022-09-27 08:31:38', '2022-09-27 08:31:38'),
(114, 'RIVA', '', 'MANRIQUE', '', '', '', '', '09970818830', '', '', '', '', '0.00', '2022-09-27 08:38:35', 0, '2022-09-27 08:38:35', '2022-09-27 08:38:35'),
(115, 'WHELAN', '', 'BADEN', '', '', '', '', '0', '', '', '', '', '0.00', '2022-09-29 10:21:38', 0, '2022-09-27 08:47:38', '2022-09-29 10:51:11'),
(116, 'AGRICULTURE', '', 'TRAINING', '', '', '', '', '09068217802', '', '', '', '', '0.00', '2022-09-27 09:03:19', 0, '2022-09-27 09:03:19', '2022-09-27 09:03:19'),
(118, 'PBSP', '', '.', '', '', '', '', '09760125426', '', '', '', '', '0.00', '2022-09-27 09:10:52', 0, '2022-09-27 09:10:52', '2022-09-27 09:10:52'),
(122, 'SUSAN', '', 'BACAYO', '', '', '', '', '09655612523', '', '', '', '', '0.00', '2022-09-27 09:16:31', 0, '2022-09-27 09:16:31', '2022-09-27 09:16:31'),
(126, 'BRYAN', '', 'KIN G', '', '', '', '', '09151835350', '', '', '', '', '0.00', '2022-09-27 12:47:50', 0, '2022-09-27 09:21:11', '2022-09-27 12:47:50'),
(127, 'CHARGES LEO ', '', 'ABELLA', '', '', '', '', '09178501931', '', '', '', '', '0.00', '2022-09-27 09:22:30', 0, '2022-09-27 09:22:30', '2022-09-27 09:22:30'),
(128, 'LGU', '', 'MAYDOLONG', '', '', '', '', 'MISS ROSE', '', '', '', '', '0.00', '2022-09-27 09:24:48', 0, '2022-09-27 09:24:48', '2022-09-27 09:24:48'),
(129, 'JOSEPH', '', 'MARCON', '', '', '', '', '09970818830', '', '', '', '', '0.00', '2022-09-27 09:31:20', 0, '2022-09-27 09:31:20', '2022-09-27 09:31:20'),
(130, 'RAMIL', '', 'TANDOC', '', '', '', '', '09287537410', '', '', '', '', '0.00', '2022-09-27 13:37:57', 0, '2022-09-27 13:37:57', '2022-09-27 13:37:57'),
(131, 'HERMINON ', '', 'GULMATICO', '', '', '', '', '09156311313', '', '', '', '', '0.00', '2022-09-27 15:50:21', 0, '2022-09-27 15:50:21', '2022-09-27 15:50:21'),
(134, 'DELLE TRICY MICOLE', '', 'CAFE', '', '', '', '', '09815953572', '', '', '', '', '0.00', '2022-09-27 16:04:40', 0, '2022-09-27 16:04:40', '2022-09-27 16:04:40'),
(138, 'MARY JANE ', '', 'TRINKS ', '', '', '', '', '09155278200', '', '', '', '', '0.00', '2022-09-27 16:12:05', 0, '2022-09-27 16:12:05', '2022-09-27 16:12:05'),
(140, 'GERLIE ', '', 'LOYOLA', '', '', '', '', '09362613261', '', '', '', '', '0.00', '2022-09-27 16:14:10', 0, '2022-09-27 16:14:10', '2022-09-27 16:14:10'),
(141, 'SAMUEL ', '', 'OBAYAN', '', '', '', '', '09171534943', '', '', '', '', '0.00', '2022-09-27 16:15:07', 0, '2022-09-27 16:15:07', '2022-09-27 16:15:07'),
(142, 'JOHN RUSSEL ', '', 'PERAS', '', '', '', '', '09158155856', '', '', '', '', '0.00', '2022-09-27 16:17:41', 0, '2022-09-27 16:17:41', '2022-09-27 16:17:41'),
(143, 'LEYTE ', '', 'DIVISION ', '', '', '', '', '0', '', '', '', '', '0.00', '2022-09-27 16:18:58', 0, '2022-09-27 16:18:58', '2022-09-27 16:18:58'),
(148, 'LGU ', '', 'BABATNGON', '', '', '', '', '0', '', '', '', '', '0.00', '2022-09-27 16:58:17', 0, '2022-09-27 16:58:17', '2022-10-05 15:54:27'),
(153, 'REYNANTE', '', 'RAMILO', '', '', '', '', 'adamhumphreys@hcbl.l', '', '', '', '', '0.00', '2022-09-27 17:41:19', 0, '2022-09-27 17:41:19', '2022-09-27 17:41:19'),
(154, 'ADAM ', '', 'HUMPHREYS', '', '', '', '', 'adamhumphreys@hcbl.l', '', '', '', '', '0.00', '2022-09-27 17:42:29', 0, '2022-09-27 17:42:29', '2022-09-27 17:42:29'),
(160, 'PRECOUS NADINE ', '', 'NAPOLI', '', '', '', '', '09363886508', '', '', '', '', '0.00', '2022-09-30 08:46:46', 0, '2022-09-27 19:39:45', '2022-09-30 08:46:46'),
(164, 'RHEA ', '', 'DEZALESA', '', '', '', '', '09273176279', '', '', '', '', '0.00', '2022-09-29 10:31:34', 0, '2022-09-27 20:03:56', '2022-09-29 10:31:34'),
(165, 'ETHEL ', '', 'DACURAWAT', '', '', '', '', '09291011009', '', '', '', '', '0.00', '2022-09-29 10:41:26', 0, '2022-09-27 20:05:00', '2022-09-30 08:49:02'),
(167, 'ROSITA', '', 'VARIS', '', '', '', '', '09777557186', '', '', '', '', '0.00', '2022-09-27 20:07:00', 0, '2022-09-27 20:07:00', '2022-09-27 20:07:00'),
(168, 'GEORGE ', '', 'DELA CRUZ', '', '', '', '', '0', '', '', '', '', '0.00', '2022-09-27 20:21:46', 0, '2022-09-27 20:21:46', '2022-09-27 20:21:46'),
(169, 'NIKA ', '', 'CANEDO', '', '', '', '', '09171602663', '', '', '', '', '0.00', '2022-09-27 20:22:53', 0, '2022-09-27 20:22:53', '2022-09-27 20:22:53'),
(170, 'LISA', '', 'GON-GON', '', '', '', '', '09474862686', '', '', '', '', '0.00', '2022-09-27 20:26:19', 0, '2022-09-27 20:26:19', '2022-09-27 20:26:19'),
(171, 'SHERYL', 'MAKABENTA', 'BAUTISTA', '', '', '', '', '09358641760', '', '', '', '', '0.00', '2022-09-29 10:17:54', 0, '2022-09-29 10:17:54', '2022-09-29 11:17:44'),
(173, 'TALITA', '', 'ARPON ', '', '', '', '', '09452294143', '', '', '', '', '0.00', '2022-09-29 10:35:47', 0, '2022-09-29 10:35:47', '2022-09-29 10:35:47'),
(175, 'MELANIE', '', 'MANITANI', '', '', '', '', '09171064597', '', '', '', '', '0.00', '2022-09-29 10:48:55', 0, '2022-09-29 10:48:55', '2022-09-29 10:48:55'),
(177, 'MARIFE', '', 'CUYOS', '', '', '', '', '(0961) 796 1964', '', '', '', '', '0.00', '2022-09-30 08:33:59', 0, '2022-09-30 08:33:59', '2022-09-30 08:33:59'),
(178, 'THEA ', '', 'ARPON', '', '', '', '', '09055448965', '', '', '', '', '0.00', '2022-09-30 08:37:30', 0, '2022-09-30 08:37:30', '2022-09-30 08:37:30'),
(179, 'ROSE MAE ', '', 'CADIS ', '', '', '', '', '09532631545', '', '', '', '', '0.00', '2022-09-30 08:38:55', 0, '2022-09-30 08:38:55', '2022-09-30 08:38:55'),
(180, 'IMELDA ', '', 'SINGSON', '', '', '', '', '0', '', '', '', '', '0.00', '2022-09-30 08:40:53', 0, '2022-09-30 08:40:53', '2022-09-30 08:40:53'),
(182, 'LUCY', '', 'ALAS', '', '', '', '', '0', '', '', '', '', '0.00', '2022-09-30 10:55:33', 0, '2022-09-30 08:43:12', '2022-09-30 12:08:36'),
(183, 'CHARLIE ', '', 'TY', '', '', '', '', '09365382281', '', '', '', '', '0.00', '2022-09-30 08:45:09', 0, '2022-09-30 08:45:09', '2022-09-30 08:45:09'),
(184, 'ELVIRA ', '', 'LAZARRA', '', '', '', '', '09563654726', '', '', '', '', '0.00', '2022-09-30 08:47:37', 0, '2022-09-30 08:47:37', '2022-09-30 08:47:37'),
(185, 'SOFRONIO', '', 'GABUNAOAS', '', '', '', '', '0', '', '', '', '', '0.00', NULL, 0, '2022-09-30 12:06:54', '2022-09-30 12:08:49'),
(186, 'RONA ROSA MAE', '', 'MILITANTE', '', '', '', '', '0', '', '', '', '', '0.00', NULL, 0, '2022-09-30 12:07:40', '2022-09-30 12:09:02'),
(188, 'JOSHUA', '', 'BANTE', '', '', '', '', '09491314306', '', '', '', '', '0.00', '2022-10-01 04:28:00', 0, '2022-10-01 04:26:27', '2022-10-01 17:36:47'),
(189, 'TERESA', '', 'ABALOS', '', '', '', '', '0', '', '', '', '', '0.00', '2022-10-01 08:20:11', 0, '2022-10-01 04:40:15', '2022-10-02 10:21:41'),
(191, 'DARWIN', '', 'CUENVA', '', '', '', '', '09150293668', '', '', '', '', '0.00', '2022-10-01 04:43:57', 0, '2022-10-01 04:42:57', '2022-10-01 16:25:08'),
(192, 'NATHAN', '', 'ANSON', '', '', '', '', '09674754159', '', '', '', '', '0.00', '2022-10-01 04:46:06', 0, '2022-10-01 04:46:06', '2022-10-01 20:52:57'),
(193, 'RITCHIE', '', 'VELASCO', '', '', '', '', '09616514263', '', '', '', '', '0.00', '2022-10-01 04:46:59', 0, '2022-10-01 04:46:59', '2022-10-01 04:46:59'),
(194, 'WENCESLAO', '', 'CATANGAY JR.', '', '', '', '', '09176260904', '', '', '', '', '0.00', '2022-10-01 04:48:24', 0, '2022-10-01 04:48:24', '2022-10-01 16:27:09'),
(195, 'REGIE JAY', '', 'CERENO', '', '', '', '', '09394561570', '', '', '', '', '0.00', '2022-10-01 04:50:15', 0, '2022-10-01 04:50:15', '2022-10-01 04:50:15'),
(196, 'SHIRLYN ', '', 'CATALOGO', '', '', '', '', '09354182025', '', '', '', '', '0.00', '2022-10-01 04:52:54', 0, '2022-10-01 04:52:54', '2022-10-01 11:01:18'),
(197, 'joseph vincent', '', 'maneja', '', '', '', '', '09171234567', '', '', '', '', '0.00', '2022-10-01 07:24:49', 0, '2022-10-01 07:24:49', '2022-10-01 07:24:49'),
(198, 'jovin', '', 'sedurante', '', '', '', '', '09171234567', '', '', '', '', '0.00', '2022-10-01 07:25:10', 1, '2022-10-01 07:25:10', '2022-10-01 07:26:55'),
(200, 'ZIDNEY ', '', 'ALZATE', '', '', '', '', '09487596496', '', '', '', '', '0.00', '2022-10-01 07:28:12', 0, '2022-10-01 07:28:12', '2022-10-02 10:05:41'),
(201, 'DAVES', '', 'ADONO', '', '', '', '', '09176523618', '', '', '', '', '0.00', '2022-10-01 08:22:42', 0, '2022-10-01 07:29:16', '2022-10-01 08:22:42'),
(202, 'DANIEL ', '', 'CABIGON', '', '', '', '', '09171050929', '', '', '', '', '0.00', '2022-10-01 08:25:24', 0, '2022-10-01 08:25:24', '2022-10-01 08:25:24'),
(203, 'JULUIS RAMON ', '', 'BASKE', '', '', '', '', '0975813932', '', '', '', '', '0.00', '2022-10-01 08:29:00', 0, '2022-10-01 08:29:00', '2022-10-01 08:29:00'),
(204, 'FRANKIE ', '', 'LONGARA', '', '', '', '', '09957625085', '', '', '', '', '0.00', '2022-10-01 08:29:59', 0, '2022-10-01 08:29:59', '2022-10-01 08:29:59'),
(206, 'CONNIE', '', 'LELIS', '', '', '', '', '0909277718120', '', '', '', '', '0.00', '2022-10-01 08:41:39', 0, '2022-10-01 08:41:39', '2022-10-01 16:47:18'),
(207, 'LILIA/PHILIP ', '', 'CUENVA', '', '', '', '', '09279965283', '', '', '', '', '0.00', '2022-10-01 08:42:22', 0, '2022-10-01 08:42:22', '2022-10-01 08:42:22'),
(208, 'GWENDOLYN ', '', 'REMANDIMAN ', '', '', '', '', '09171392722', '', '', '', '', '0.00', '2022-10-01 08:43:52', 0, '2022-10-01 08:43:52', '2022-10-01 08:43:52'),
(209, 'VANESSA', '', 'ALINSAB', '', '', '', '', '09178801670', '', '', '', '', '0.00', '2022-10-01 08:46:23', 0, '2022-10-01 08:46:23', '2022-10-01 16:30:01'),
(210, 'BANNY', '', 'LABAGALA', '', '', '', '', '09206037396', '', '', '', '', '0.00', '2022-10-01 08:47:28', 0, '2022-10-01 08:47:28', '2022-10-01 08:47:28'),
(211, 'JOCELYN', '', 'PEREZ', '', '', '', '', '09150293668', '', '', '', '', '0.00', '2022-10-01 11:10:58', 0, '2022-10-01 11:10:58', '2022-10-01 16:34:51'),
(212, 'MICA ', '', 'OBZONAR', '', '', '', '', '09776451604', '', '', '', '', '0.00', '2022-10-01 11:12:54', 0, '2022-10-01 11:12:54', '2022-10-01 11:12:54'),
(213, 'JV ', '', 'OVEÑA', '', '', '', '', '09177118975', '', '', '', '', '0.00', '2022-10-01 11:13:50', 0, '2022-10-01 11:13:49', '2022-10-01 11:13:50'),
(216, 'JOSE ALBERTO', '', 'ALER', '', '', '', '', '09615091256', '', '', '', '', '0.00', '2022-10-01 16:17:43', 0, '2022-10-01 16:17:43', '2022-10-01 16:17:43'),
(217, 'MYLENE', '', 'CHAPMAN ', '', '', '', '', '09279024661', '', '', '', '', '0.00', '2022-10-01 16:31:18', 0, '2022-10-01 16:31:18', '2022-10-01 16:31:18'),
(218, 'MAUREEN', '', 'OVON', '', '', '', '', '09761373102', '', '', '', '', '0.00', '2022-10-01 16:36:50', 0, '2022-10-01 16:36:50', '2022-10-01 16:36:50'),
(219, 'JOSE NINO', '', 'MASOLAS', '', '', '', '', '09760125426', '', '', '', '', '0.00', '2022-10-01 16:37:57', 0, '2022-10-01 16:37:57', '2022-10-01 16:37:57'),
(221, 'DILG', '', 'DILG', '', '', '', '', '09192864008', '', '', '', '', '0.00', '2022-10-04 19:44:32', 0, '2022-10-02 20:39:06', '2022-10-04 19:44:32'),
(226, 'MERCY', '', 'TAN', '', '', '', '', '09051952430', '', '', '', '', '0.00', '2022-10-02 20:44:44', 0, '2022-10-02 20:44:44', '2022-10-02 20:44:44'),
(227, 'JEAN', '', 'JEAN', '', '', '', '', '09190008860', '', '', '', '', '0.00', '2022-10-02 20:45:29', 0, '2022-10-02 20:45:29', '2022-10-02 20:45:29'),
(231, 'VANISA', '', 'ALINSAB', '', '', '', '', '09761373102', '', '', '', '', '0.00', '2022-10-02 20:48:43', 0, '2022-10-02 20:48:43', '2022-10-02 20:48:43'),
(243, 'BUSINESS', '', 'REVIEW', '', '', '', '', 'C/O MS.JEAN', '', '', '', '', '0.00', '2022-10-03 20:53:29', 0, '2022-10-03 20:53:29', '2022-10-03 20:53:29'),
(249, 'MARVIN', '', 'MARCOS', '', '', '', '', '09761373102', '', '', '', '', '0.00', '2022-10-03 21:05:47', 0, '2022-10-03 21:05:47', '2022-10-03 21:05:47'),
(261, 'Jose Vicente ', 'C. ', 'Estella ', 'Jr.', '', '', '', '09474825335', '', '', '', '', '0.00', '2022-10-04 16:32:08', 0, '2022-10-04 16:31:12', '2022-10-04 16:32:08'),
(263, 'UNFPA/ MS BETH', '', 'ORTIZ', '', '', '', '', '09178318307', '', '', '', '', '0.00', '2022-10-04 19:57:53', 0, '2022-10-04 19:47:34', '2022-10-04 20:17:11'),
(264, 'RICHMOND', '', 'SANTOS', '', '', '', '', '09173041090', '', '', '', '', '0.00', '2022-10-04 19:49:27', 0, '2022-10-04 19:49:27', '2022-10-04 19:49:27'),
(265, 'XUNRONG', '', 'ZOU', '', '', '', '', '0917932223', '', '', '', '', '0.00', '2022-10-04 19:51:22', 0, '2022-10-04 19:51:22', '2022-10-04 19:51:22'),
(266, 'LEONORA', '', 'ESCOLLANTE', '', '', '', '', '09273836348', '', '', '', '', '0.00', '2022-10-04 19:54:02', 0, '2022-10-04 19:54:02', '2022-10-04 19:54:53'),
(267, 'BERNARDINO', '', 'YU VEGA', '', '', '', '', '09176381040', '', '', '', '', '0.00', '2022-10-04 19:56:51', 0, '2022-10-04 19:56:51', '2022-10-04 19:56:51'),
(268, 'ELNITA', '', 'EGANA', '', '', '', '', '09098625191', '', '', '', '', '0.00', '2022-10-04 20:00:38', 0, '2022-10-04 20:00:38', '2022-10-04 20:00:38'),
(269, 'DA', '', 'DA', '', '', '', '', '0', '', '', '', '', '0.00', '2022-10-04 20:01:25', 0, '2022-10-04 20:01:25', '2022-10-04 20:01:25'),
(270, 'MARY', '', 'ABALOS', '', '', '', '', '09161035613', '', '', '', '', '0.00', '2022-10-04 20:02:09', 0, '2022-10-04 20:02:09', '2022-10-04 20:02:09'),
(271, 'MAC ', '', 'BUILDERS', '', '', '', '', '09212329228', '', '', '', '', '0.00', '2022-10-04 20:03:05', 0, '2022-10-04 20:03:05', '2022-10-04 20:03:05'),
(272, 'AVA SHARON', '', 'BATAY-AN (DOH)', '', '', '', '', '09088831914', '', '', '', '', '0.00', '2022-10-04 20:15:07', 0, '2022-10-04 20:15:07', '2022-10-04 20:15:07');

-- --------------------------------------------------------

--
-- Table structure for table `notification`
--

CREATE TABLE `notification` (
  `id` int(11) NOT NULL,
  `content` text DEFAULT NULL,
  `user` varchar(200) DEFAULT NULL,
  `type` varchar(200) DEFAULT NULL,
  `date_entered` datetime NOT NULL DEFAULT current_timestamp(),
  `redirection` varchar(200) NOT NULL,
  `send_from` varchar(200) NOT NULL,
  `send_to` varchar(200) NOT NULL
) ENGINE=InnoDB DEFAULT CHARSET=latin1;

-- --------------------------------------------------------

--
-- Table structure for table `prices`
--

CREATE TABLE `prices` (
  `price_id` int(11) NOT NULL,
  `description` varchar(100) NOT NULL,
  `price` decimal(11,2) NOT NULL,
  `price_added` datetime NOT NULL DEFAULT current_timestamp(),
  `price_updated` datetime DEFAULT NULL ON UPDATE current_timestamp()
) ENGINE=InnoDB DEFAULT CHARSET=utf8mb4;

--
-- Dumping data for table `prices`
--

INSERT INTO `prices` (`price_id`, `description`, `price`, `price_added`, `price_updated`) VALUES
(1, 'Bed', '1000.00', '2022-08-11 11:00:08', '2022-08-30 10:20:53'),
(2, 'Person', '700.00', '2022-08-11 11:07:28', '2022-08-30 10:20:57');

-- --------------------------------------------------------

--
-- Table structure for table `remittances`
--

CREATE TABLE `remittances` (
  `remittance_id` int(11) NOT NULL,
  `user_id` int(11) NOT NULL,
  `remitted_amount` decimal(11,2) NOT NULL,
  `remittance_note` varchar(255) NOT NULL,
  `remittance_date` date DEFAULT NULL,
  `remittance_added` datetime NOT NULL DEFAULT current_timestamp(),
  `remittance_updated` datetime DEFAULT NULL ON UPDATE current_timestamp()
) ENGINE=InnoDB DEFAULT CHARSET=utf8mb4;

-- --------------------------------------------------------

--
-- Table structure for table `rooms`
--

CREATE TABLE `rooms` (
  `id` int(11) NOT NULL,
  `room_number` int(11) NOT NULL,
  `room_type_id` int(11) NOT NULL,
  `room_status_id` int(11) NOT NULL DEFAULT 1,
  `last_updated_by` varchar(255) NOT NULL,
  `room_modified` timestamp NOT NULL DEFAULT current_timestamp()
) ENGINE=InnoDB DEFAULT CHARSET=latin1;

--
-- Dumping data for table `rooms`
--

INSERT INTO `rooms` (`id`, `room_number`, `room_type_id`, `room_status_id`, `last_updated_by`, `room_modified`) VALUES
(29, 406, 11, 8, '', '2021-06-07 03:50:31'),
(30, 405, 11, 8, 'House Keeping', '2021-06-07 03:50:44'),
(31, 306, 11, 8, 'House Keeping', '2021-06-07 07:21:48'),
(32, 305, 11, 8, 'House Keeping', '2021-06-07 07:22:41'),
(33, 206, 11, 8, 'House Keeping', '2021-06-07 09:38:29'),
(34, 205, 11, 8, '', '2021-12-30 12:51:43'),
(35, 202, 12, 8, 'House Keeping', '2021-12-30 13:22:02'),
(36, 203, 12, 8, 'House Keeping', '2021-12-30 13:22:12'),
(37, 402, 12, 8, 'House Keeping', '2021-12-30 13:22:27'),
(38, 403, 12, 8, 'House Keeping', '2021-12-30 13:22:41'),
(39, 408, 12, 8, '', '2021-12-30 13:23:05'),
(40, 409, 12, 8, '', '2021-12-30 13:23:14'),
(41, 302, 12, 8, 'House Keeping', '2021-12-30 13:23:29'),
(42, 303, 12, 8, 'House Keeping', '2021-12-30 13:23:38'),
(43, 308, 12, 8, 'House Keeping', '2021-12-30 13:23:45'),
(44, 309, 12, 8, 'House Keeping', '2021-12-30 13:23:53'),
(45, 208, 12, 8, 'House Keeping', '2021-12-30 13:24:20'),
(46, 209, 12, 8, 'House Keeping', '2021-12-30 13:24:31'),
(47, 401, 13, 8, 'House Keeping', '2021-12-30 13:25:54'),
(48, 201, 13, 4, 'House Keeping', '2021-12-30 13:25:57'),
(49, 410, 13, 4, '', '2021-12-30 13:26:02'),
(50, 210, 13, 8, 'House Keeping', '2021-12-30 13:26:11'),
(51, 301, 13, 8, '', '2021-12-30 13:26:12'),
(52, 310, 13, 8, '', '2021-12-30 13:26:24'),
(53, 412, 14, 8, 'House Keeping', '2021-12-30 13:27:36'),
(54, 414, 14, 8, 'House Keeping', '2021-12-30 13:27:47'),
(55, 413, 14, 8, 'House Keeping', '2021-12-30 13:27:48'),
(56, 415, 14, 8, 'House Keeping', '2021-12-30 13:27:59'),
(57, 204, 15, 8, 'House Keeping', '2022-05-27 09:58:08'),
(58, 304, 15, 8, 'House Keeping', '2022-05-27 09:58:16'),
(59, 404, 15, 8, 'House Keeping', '2022-05-27 09:58:39'),
(60, 207, 15, 8, 'House Keeping', '2022-05-27 09:58:47'),
(61, 307, 15, 8, '', '2022-05-27 09:59:03'),
(62, 407, 15, 8, 'House Keeping', '2022-05-27 09:59:10'),
(63, 411, 16, 4, 'House Keeping', '2022-05-27 10:04:36'),
(64, 416, 16, 8, 'House Keeping', '2022-05-27 10:04:54');

-- --------------------------------------------------------

--
-- Table structure for table `room_statuses`
--

CREATE TABLE `room_statuses` (
  `id` int(11) NOT NULL,
  `name` text DEFAULT NULL,
  `description` varchar(255) NOT NULL,
  `icon` varchar(20) NOT NULL
) ENGINE=InnoDB DEFAULT CHARSET=latin1;

--
-- Dumping data for table `room_statuses`
--

INSERT INTO `room_statuses` (`id`, `name`, `description`, `icon`) VALUES
(1, 'VC', 'Vacant Clean', 'bed'),
(2, 'RC', 'Room Check', 'check'),
(3, 'VD', 'Vacant Dirty', 'thumbs-down'),
(4, 'VCI', 'Vacant Clean Inspected', 'thumbs-up'),
(5, 'MUR', 'Make-up Room', 'recycle'),
(6, 'OOS', 'Out-of-service', 'times'),
(7, 'OOO', 'Out-of-order', 'times'),
(8, 'O', 'Occupied', 'bed');

-- --------------------------------------------------------

--
-- Table structure for table `room_type`
--

CREATE TABLE `room_type` (
  `id` int(11) NOT NULL,
  `rank` int(11) NOT NULL,
  `room_type` varchar(200) DEFAULT NULL,
  `room_type_abbr` varchar(10) NOT NULL,
  `pricing_type` varchar(200) NOT NULL DEFAULT '0',
  `pricing_breakfast` varchar(200) NOT NULL DEFAULT '0',
  `max_persons` tinyint(4) NOT NULL,
  `breakfast` tinyint(4) NOT NULL DEFAULT 2,
  `details` varchar(500) NOT NULL,
  `amenities` varchar(200) NOT NULL,
  `upload_file` varchar(200) NOT NULL,
  `room_type_added` datetime NOT NULL DEFAULT current_timestamp()
) ENGINE=InnoDB DEFAULT CHARSET=latin1;

--
-- Dumping data for table `room_type`
--

INSERT INTO `room_type` (`id`, `rank`, `room_type`, `room_type_abbr`, `pricing_type`, `pricing_breakfast`, `max_persons`, `breakfast`, `details`, `amenities`, `upload_file`, `room_type_added`) VALUES
(11, 3, 'Executive Room / Family Room', 'ER', '3800', '0', 3, 2, 'This is our Executive Room which offers one king size and single bed. This is a great room to stay in as it boasts both a large size and a lovely view. The perfect combination of prestigiousness great for those seeking comfort with an ideal price. ', '• 1 King Bed & 1 Single Beds\n• Refrigerator\n• Air Conditioner\n• Phone\n• Wardrobe Closet\n• Flat Iron\n• Flat TV\n• Hot & Cold Shower\n• Study Table\n• WiFi Access\n• Keetle\n• Safety Deposit Box', '225972478.jpg', '2020-03-11 19:29:02'),
(12, 2, 'Deluxe (Twin)', 'DT', '2900', '0', 3, 2, 'The Deluxe Twin is the most economic room the hotel has to offer. Despite it being economic, the room showcases elegance and simplicity that makes it seem otherwise. It still provides much comfort and would be great for those not looking to spend too much. ', '• Twin Single Beds\n• Refrigerator\n• Air Conditioner\n• Phone\n• Wardrobe Closet\n• Flat Iron\n• Flat TV\n• Hot & Cold Shower\n• Study Table\n• WiFi Access\n• Keetle\n• Safety Deposit Box', '18500860441.jpg', '2020-03-11 19:29:35'),
(13, 6, 'Executive Suite', 'ES', '4800', '0', 3, 2, 'The Executive Suite is our largest and most decorative room. This room that has a personal living room connecting to the bedroom aims to give maximum comfort and satisfaction to a large group of family and friends. This room also offers all the best facilities the hotel can give to ensure you are given the premium experience faithful to your standards. (With extra bed up to 5 persons)', '• King Bed\r\n• Refrigerator\r\n• Air Conditioner\r\n• Phone\r\n• Wardrobe Closet\r\n• Flat Iron\r\n• Flat TV\r\n• Hot & Cold Shower\r\n• Study Table\r\n• WiFi Access\r\n• Keetle\r\n• Safety Deposit Box\r\n• Sofa Bed\r\n• Coff', '320312340.jpg', '2020-03-11 19:30:17'),
(14, 5, 'Seaside Suite (King)', 'SSK', '4200', '0', 2, 2, 'This is our Seaside Suite (King) equipped with the best view among the rooms. Enjoy the astonishing view of the sunrise, Downtown Tacloban City, Cancabato Bay, Hotel Pool, and more. Ideal for those who appreciate wondrous sights with a relaxing ambience. ', '• King Bed\n• Refrigerator\n• Air Conditioner\n• Phone\n• Wardrobe Closet\n• Flat Iron\n• Flat TV\n• Hot & Cold Shower\n• Study Table\n• WiFi Access\n• Keetle\n• Safety Deposit Box', '1303469912.jpg', '2020-03-11 19:30:58'),
(15, 1, 'Deluxe (King)', 'DK', '2900', '0', 2, 2, 'The Deluxe King is the most economic room the hotel has to offer. Despite it being economic, the room showcases elegance and simplicity that makes it seem otherwise. It still provides much comfort and would be great for those not looking to spend too much. ', '• King Bed\r\n• Refrigerator\r\n• Air Conditioner\r\n• Phone\r\n• Wardrobe Closet\r\n• Flat Iron\r\n• Flat TV\r\n• Hot & Cold Shower\r\n• Study Table\r\n• WiFi Access\r\n• Keetle\r\n• Safety Deposit Box', '1850086044.jpg', '2022-01-07 20:21:30'),
(16, 4, 'Seaside Suite Twin', 'SST', '4200', '0', 2, 2, 'This is our Seaside Suite (Twin) equipped with the best view among the rooms. Enjoy the astonishing view of the sunrise, Downtown Tacloban City, Cancabato Bay, Hotel Pool, and more. Ideal for those who appreciate wondrous sights with a relaxing ambience. ', '• Refrigerator\n• Air Conditioner\n• Phone\n• Wardrobe Closet\n• Flat Iron\n• Flat TV\n• Hot & Cold Shower\n• Study Table\n• WiFi Access\n• Keetle\n• Safety Deposit Box', '13034699121.jpg', '2022-01-07 20:21:30');

-- --------------------------------------------------------

--
-- Table structure for table `sales`
--

CREATE TABLE `sales` (
  `sales_id` int(11) NOT NULL,
  `sales_amount` decimal(11,2) NOT NULL,
  `sales_type` varchar(150) NOT NULL,
  `sales_date` date NOT NULL,
  `sales_added` datetime NOT NULL DEFAULT current_timestamp(),
  `sales_updated` datetime DEFAULT NULL ON UPDATE current_timestamp()
) ENGINE=InnoDB DEFAULT CHARSET=utf8mb4;

--
-- Dumping data for table `sales`
--

INSERT INTO `sales` (`sales_id`, `sales_amount`, `sales_type`, `sales_date`, `sales_added`, `sales_updated`) VALUES
(1, '100.00', 'Event', '2022-10-05', '2022-10-06 11:32:42', NULL),
(2, '200.00', 'Pool', '2022-10-05', '2022-10-06 11:32:54', '2022-10-06 14:27:07'),
(3, '2000.00', 'Event', '2022-10-06', '2022-10-06 14:35:49', NULL),
(4, '450.00', 'Pool', '2022-10-06', '2022-10-06 14:39:43', NULL),
(5, '1000.00', 'Event', '2022-10-06', '2022-10-06 16:02:45', NULL),
(6, '2500.00', 'Pool', '2022-10-06', '2022-10-06 16:03:55', NULL);

-- --------------------------------------------------------

--
-- Table structure for table `users`
--

CREATE TABLE `users` (
  `id` int(11) NOT NULL,
  `name` varchar(200) DEFAULT NULL,
  `username` varchar(200) DEFAULT NULL,
  `password` varchar(200) DEFAULT '12345',
  `user_type` varchar(200) DEFAULT NULL,
  `contact` varchar(200) NOT NULL,
  `email` varchar(200) NOT NULL,
  `status` varchar(200) NOT NULL DEFAULT 'Active',
  `image_source` varchar(200) NOT NULL,
  `last_login` datetime DEFAULT NULL,
  `user_added` datetime NOT NULL DEFAULT current_timestamp(),
  `user_modified` datetime DEFAULT NULL ON UPDATE current_timestamp()
) ENGINE=InnoDB DEFAULT CHARSET=latin1;

--
-- Dumping data for table `users`
--

INSERT INTO `users` (`id`, `name`, `username`, `password`, `user_type`, `contact`, `email`, `status`, `image_source`, `last_login`, `user_added`, `user_modified`) VALUES
(12, 'Daboy Villarosa', 'daboy', '$2y$10$uFZfAFMiB0FOLqkOo2L.uOXjezVMU2fBsMdO/zvaqCjd73RROBtai', 'Admin', '09123465875', 'daboysh24@gmail.com', 'Active', 'logo.jpg', '2022-10-04 15:06:42', '2020-02-14 16:25:05', '2022-10-04 15:06:42'),
(18, 'Jessica Soho', 'frontdesk', '$2y$10$Y57tqNuR9/bqehWEoaAuduIr6uNwJEeCU2HgO9evuYHHxmbKf4soe', 'Front Desk', '09123456789', 'hoteldefidesfrontdesk@gmail.com', 'Active', 'logo1.jpg', '2022-10-04 14:56:26', '2020-03-12 00:38:03', '2022-10-04 14:56:26'),
(19, 'coffee', 'cof', '$2y$10$EtsP0qtT5yECre2BBta77.eSw2GLIZu6gKUxCJqHxBke1c9yl8Q82', 'Coffee Shop', 'coffee', 'cof', 'Active', '244023881.jpg', NULL, '2020-03-12 10:10:21', NULL),
(20, 'res', 'res', '$2y$10$8mMqeSlWpdNaovpqiOKyXOwSa64WJjZc3prZ2NrSmA2A1ALIPo6Mq', 'Restaurant', '134', 'res', 'InActive', '557925857.jpeg', NULL, '2020-03-12 10:16:33', NULL),
(22, 'House Keeping', 'housekeeping', '$2y$10$6vQ8U6upVWga6vGGRxotpeGH7DG5A/NsnDuZaL7ponRz.oUOvrz5K', 'Housekeeping', '1234567890', 'jovinmaneja@gmail.com', 'Active', 'logo3.jpg', '2022-10-04 15:07:39', '2021-01-26 18:09:07', '2022-10-04 15:07:39'),
(23, 'daboy', 'superadmin', '$2y$10$R2I4duImcFgA/6WSC8X/8eZxLQDI3YpzbXNui9EPt6BmEnqIWxAEm', 'Superadmin', '', '', 'Active', '', NULL, '2022-01-15 21:53:34', NULL),
(24, 'Jovin Maneja', 'jovin.maneja', '$2y$10$IGZY7mfInQg/5w/A/DyDOuISmcT0caE5WvcYD7E0k8RzNX2YPBHYC', 'Superadmin', '09173084243', '', 'Active', '1431324490.jpg', '2022-10-04 15:07:06', '2022-01-15 22:19:29', '2022-10-04 15:07:06'),
(25, 'Veronica Palicte', 'nica.palicte', '$2y$10$PBUZLJulsjScmuVx5Wor..28CNkg0PImw3uq1x9Y2PzFo2p5FzZMu', 'Front Desk', '09556892169', 'palicteveronica231998', 'InActive', '', NULL, '2022-05-27 19:07:06', '2022-09-13 16:13:11'),
(26, 'Riza Garcia', 'riza.garcia', '$2y$10$lKJtrMng4LMH1NSCCBs7/uRvtd10VWSGGU8IUkQRsKrRTUrx11EGK', 'Front Desk', '09777186329', 'garciariza2691@gmail.com', 'InActive', '', NULL, '2022-05-27 19:07:44', '2022-09-13 16:13:00'),
(27, 'Les Ligutan', 'les.ligutan', '$2y$10$K/enTf19O.b69EYCKdW10O0NybXN/CYqKwSiAFE.RhekrjlSiJWdO', 'Front Desk', '09774848718', 'lislehligutan25@gmail.com', 'InActive', '', NULL, '2022-05-27 19:08:30', '2022-09-13 16:12:39'),
(28, 'Ryan Anicete', 'ryan.anicete', '$2y$10$GK.rbcZ11WvWkiT.ltRbeO1L.UiZRLq0Gmp0Favx.UK6bfrz190dC', 'Housekeeping', '09751853302', 'sample@sample.com', 'Active', '', NULL, '2022-05-27 19:09:39', NULL),
(29, 'Fredo Royo', 'fredo.royo', '$2y$10$cE5ZEEFQ1rpARLe56goBSusG5Po4hIpr/w4C8nCYtzcOQjXUmB2Pm', 'Housekeeping', '09501922943', 'sample@sample.com', 'Active', '', NULL, '2022-05-27 19:10:19', NULL),
(30, 'Fernando Egano Jr', 'fernando.egano', '$2y$10$oBT3PPqWKJYZj/BlpYmh9ePizRgO301f85QAyBsf9Uvfq7bYcFpna', 'Front Desk', '09063950232', 'mrwawie17@gmail.com', 'Active', '', '2022-10-02 06:32:38', '2022-05-27 19:21:12', '2022-10-02 06:32:38'),
(31, 'Carlos Ortiz', 'carlos.ortiz', '$2y$10$uy4WsiZLRSYD6eE7HPM.yOhzoEBhj4hRKoFBC4fV22emlPLGo74/m', 'Admin', '09985559294', 'jcofoodspottac@yahoo.com', 'Active', '', NULL, '2022-05-28 18:41:35', '2022-09-14 14:07:29'),
(32, 'Gene Kenneth Daban', 'genekenneth.daban', '$2y$10$ZXdUwnMKGsslAXboYq.bn.M9y5GDYdwB5oJP4GpGcLbOv3UHUYRCW', 'Front Desk', '09952396645', 'genekenneth123@gmail.com', 'InActive', '', NULL, '2022-05-30 09:12:39', '2022-09-13 16:12:24'),
(33, 'Jovin Maneja', 'frontdesk.jovin', '$2y$10$WQS5iiniYTj9g0cxvz42/ui3kZRX9n5MwQRRXMMcs.AamOzKY57I.', 'Front Desk', '09171234567', 'jovinmaneja@gmail.com', 'Active', '', NULL, '2022-07-01 11:01:10', NULL),
(34, 'Francisco Ibañez III', 'franz', '$2y$10$IIYxxh5Q1CgCUdicKsVtIeWmSHD/k.ocRL0QrWbSRWnYd1Twrqrn2', 'Superadmin', '09150125942', 'foibanez@gmail.com', 'Active', 'logo4.jpg', '2022-10-14 14:57:37', '2022-08-31 09:56:06', '2022-10-14 14:57:37'),
(35, 'test', 'test', '$2y$10$8zox4qxdbc5.yg8PJHjbWuNG2a0qMf4YnwQZgyOiVgOU7K4WEXd5S', 'Restaurant', 'test', 'test1@gmail.com', 'Active', '', NULL, '2022-08-31 09:59:53', NULL),
(36, 'regine m. hecto', 'regine.hecto', '$2y$10$hMAhoJJ6j/kzlNvVmLTwZu2wJMPG3F7ZaNwsGkPMvN8v1P6/QKCPy', 'Front Desk', '09121618371', 'reginemagayones10@yahoo.com', 'Active', '', '2022-10-04 15:02:41', '2022-09-13 15:57:30', '2022-10-04 15:02:41'),
(37, 'archie hermosora', 'archie.hermosora', '$2y$10$IPT253Sv9DiBqIb/Ii7CCeKu3soQYYd3iKzte5ArivgqEzr6dznmi', 'Front Desk', '09302366155', 'archieherms09@gmail.com', 'Active', '', '2022-10-04 04:26:26', '2022-09-13 15:59:46', '2022-10-04 04:26:26'),
(38, 'JAN RINA ADA', 'janrina.ada', '$2y$10$fQxTwY99hCPz3UNhnp7TtOHDr/pO8XGPivC4NCfhUoKCbwE9.VgKq', 'Front Desk', '09057617051', 'janrinaada22@gmail.com', 'Active', '', '2022-09-26 22:04:10', '2022-09-13 16:04:40', '2022-09-26 22:04:10'),
(39, 'Lian Faye M. Daga', 'lianfaye.daga', '$2y$10$3XTVxV0p1P1xAF9RtO1.Q.ZAwAw1I/hI2nOG2eQAA0qPoUjv1gvGG', 'Front Desk', '09954033742', 'lianfayedaga@gmail.com', 'Active', '', '2022-10-04 19:38:35', '2022-09-13 16:06:38', '2022-10-04 19:38:35'),
(40, 'niel jhun p. planes', 'nieljhun.planes', '$2y$10$9g45boep25h2MSh2ywikwe8tXwhg6LJ.8gGN0zgVMhZRViLWzj.JS', 'Front Desk', '09451184656', 'nieljhunplanes30@gmail.com', 'Active', '', '2022-09-29 14:20:29', '2022-09-13 16:19:19', '2022-09-29 14:20:29'),
(41, 'Airene', 'airene.bajado', '$2y$10$O07N1eZ6t2F3z7.BdlR/9.D4tsR28gNGLQq6x/rZOVxtiSWpQ/kcK', 'Admin', 'Bajado', 'airenebajado@gmail.com', 'Active', '', '2022-10-04 16:28:47', '2022-09-14 14:07:19', '2022-10-04 16:28:47');

-- --------------------------------------------------------

--
-- Table structure for table `user_logs`
--

CREATE TABLE `user_logs` (
  `id` int(11) NOT NULL,
  `user_id` int(11) NOT NULL,
  `content` varchar(500) CHARACTER SET utf8mb4 DEFAULT NULL,
  `log_type` int(200) NOT NULL,
  `ip_address` varchar(50) NOT NULL,
  `date_entered` datetime NOT NULL DEFAULT current_timestamp()
) ENGINE=InnoDB DEFAULT CHARSET=latin1;

--
-- Dumping data for table `user_logs`
--

INSERT INTO `user_logs` (`id`, `user_id`, `content`, `log_type`, `ip_address`, `date_entered`) VALUES
(1, 34, 'User logged out', 1, '127.0.0.1', '2022-09-13 11:39:26'),
(2, 18, 'Booked Ryan Rarugal in room 201', 0, '119.92.137.197', '2022-09-13 11:53:42'),
(3, 12, 'User logged in', 1, '122.3.206.239', '2022-09-13 15:56:17'),
(4, 12, 'Added a new user account for regine m. hecto', 2, '122.3.206.239', '2022-09-13 15:57:30'),
(5, 12, 'Added a new user account for archie hermosora', 2, '122.3.206.239', '2022-09-13 15:59:46'),
(6, 12, 'Reset user password of Fernando Egano Jr', 4, '122.3.206.239', '2022-09-13 16:02:14'),
(7, 12, 'Added a new user account for JAN RINA ADA', 2, '122.3.206.239', '2022-09-13 16:04:40'),
(8, 12, 'Added a new user account for Lian Faye M. Daga', 2, '122.3.206.239', '2022-09-13 16:06:38'),
(9, 12, 'Updated user status', 4, '122.3.206.239', '2022-09-13 16:12:24'),
(10, 12, 'Updated user status for Gene Kenneth Daban to inactive', 4, '122.3.206.239', '2022-09-13 16:12:24'),
(11, 12, 'Updated user status', 4, '122.3.206.239', '2022-09-13 16:12:39'),
(12, 12, 'Updated user status for Les Ligutan to inactive', 4, '122.3.206.239', '2022-09-13 16:12:39'),
(13, 12, 'Updated user status', 4, '122.3.206.239', '2022-09-13 16:13:00'),
(14, 12, 'Updated user status for Riza Garcia to inactive', 4, '122.3.206.239', '2022-09-13 16:13:00'),
(15, 12, 'Updated user status', 4, '122.3.206.239', '2022-09-13 16:13:11'),
(16, 12, 'Updated user status for Veronica Palicte to inactive', 4, '122.3.206.239', '2022-09-13 16:13:11'),
(17, 12, 'User logged out', 1, '122.3.206.239', '2022-09-13 16:17:41'),
(18, 12, 'User logged in', 1, '122.3.206.239', '2022-09-13 16:17:56'),
(19, 12, 'Added a new user account for niel jhun p. planes', 2, '122.3.206.239', '2022-09-13 16:19:19'),
(20, 12, 'User logged out', 1, '122.3.206.239', '2022-09-13 16:19:41'),
(21, 40, 'User logged in', 1, '122.3.206.239', '2022-09-13 16:20:04'),
(22, 40, 'Booked adelon zeta in room 404', 0, '122.3.206.239', '2022-09-13 16:21:42'),
(23, 40, 'User logged out', 1, '122.3.206.239', '2022-09-13 16:21:59'),
(24, 36, 'User logged in', 1, '122.3.206.239', '2022-09-13 16:22:16'),
(25, 36, 'Cancelled a booking: #HDF00001', 4, '122.3.206.239', '2022-09-13 16:22:45'),
(26, 36, 'Reserved elaine sarabia in room 414', 0, '122.3.206.239', '2022-09-13 16:33:11'),
(27, 36, 'Reserved elaine sarabia in room 415', 0, '122.3.206.239', '2022-09-13 16:33:59'),
(28, 36, 'Updated reservation details of <b> elaine  sarabia ', 4, '122.3.206.239', '2022-09-13 16:34:34'),
(29, 36, 'Updated reservation details of <b> elaine  sarabia ', 4, '122.3.206.239', '2022-09-13 16:34:55'),
(30, 36, 'Booked nino mataro in room 201', 0, '122.3.206.239', '2022-09-13 16:37:06'),
(31, 36, '<b>HDF00005</b> → Updated guest details', 0, '122.3.206.239', '2022-09-13 16:37:26'),
(32, 36, 'Booked iglesia ni cristo in room 202', 0, '122.3.206.239', '2022-09-13 16:39:16'),
(33, 36, '<b>203 DT</b> → Booked room for <b>1 night</b> from <b>09/13/2022</b> to <b>09/14/2022</b>', 0, '122.3.206.239', '2022-09-13 16:39:32'),
(34, 36, '<b>HDF00006</b> → Updated guest details', 0, '122.3.206.239', '2022-09-13 16:40:19'),
(35, 36, 'Booked wilford alexandrei ramos in room 204', 0, '122.3.206.239', '2022-09-13 16:42:16'),
(36, 36, 'Cancelled a booking: #HDF00007', 4, '122.3.206.239', '2022-09-13 16:43:09'),
(37, 36, 'Booked wilford alexandrei ramos in room 204', 0, '122.3.206.239', '2022-09-13 16:43:51'),
(38, 36, '<b>207 DK</b> → Booked room for <b>1 night</b> from <b>09/13/2022</b> to <b>09/14/2022</b>', 0, '122.3.206.239', '2022-09-13 16:44:24'),
(39, 36, '<b>207 DK</b> → Set <b>amarelle joseph santiago</b> / 09153110328 /  as occupant', 0, '122.3.206.239', '2022-09-13 16:45:53'),
(40, 36, '<b>203 DT</b> → Set <b>ferdinand p. lagoc</b> /  /  as occupant', 0, '122.3.206.239', '2022-09-13 16:46:34'),
(41, 36, '<b>202 DT</b> → Set <b>ferdinand p. lagoc</b> /  /  as occupant', 0, '122.3.206.239', '2022-09-13 16:46:39'),
(42, 36, 'Booked raphael go in room 208', 0, '122.3.206.239', '2022-09-13 16:50:25'),
(43, 36, '<b>209 DT</b> → Booked room for <b>1 night</b> from <b>09/13/2022</b> to <b>09/14/2022</b>', 0, '122.3.206.239', '2022-09-13 16:50:53'),
(44, 36, '<b>209 DT</b> → Set <b>garry ong</b> /  /  as occupant', 0, '122.3.206.239', '2022-09-13 16:51:18'),
(45, 36, '<b>208 DT</b> → Set <b>garry ong</b> /  /  as occupant', 0, '122.3.206.239', '2022-09-13 16:51:23'),
(46, 12, 'User logged in', 1, '119.92.137.197', '2022-09-13 17:36:46'),
(47, 36, 'User logged in', 1, '122.3.206.239', '2022-09-13 19:50:43'),
(48, 36, 'Booked RYAN  NANEA in room 304', 0, '122.3.206.239', '2022-09-13 19:54:24'),
(49, 36, 'User logged out', 1, '122.3.206.239', '2022-09-13 19:59:32'),
(50, 36, 'User logged in', 1, '122.3.206.239', '2022-09-13 21:35:40'),
(51, 36, 'Booked alan jose aroy in room 307', 0, '122.3.206.239', '2022-09-13 21:38:06'),
(52, 36, '<b>HDF00012</b> → Updated guest details', 0, '122.3.206.239', '2022-09-13 21:38:24'),
(53, 36, 'Booked jayson  pigot in room 403', 0, '122.3.206.239', '2022-09-13 21:39:57'),
(54, 36, '<b>HDF00013</b> → Updated guest details', 0, '122.3.206.239', '2022-09-13 21:40:09'),
(55, 36, 'Booked ramil laceras in room 412', 0, '122.3.206.239', '2022-09-13 21:44:37'),
(56, 36, 'Booked geralyn macasabuang in room 413', 0, '122.3.206.239', '2022-09-13 21:46:43'),
(57, 36, 'Booked tess collins in room 414', 0, '122.3.206.239', '2022-09-13 21:47:44'),
(58, 36, 'Booked engr acosta in room 415', 0, '122.3.206.239', '2022-09-13 21:48:27'),
(59, 36, 'Booked goo bee in room 416', 0, '122.3.206.239', '2022-09-13 21:50:51'),
(60, 30, 'User logged in', 1, '122.3.206.239', '2022-09-14 00:39:51'),
(61, 30, 'Booked LIGASPI  JUVY in room 409', 0, '122.3.206.239', '2022-09-14 00:40:49'),
(62, 30, '<b>407 DK</b> → Booked room for <b>1 night</b> from <b>09/13/2022</b> to <b>09/14/2022</b>', 0, '122.3.206.239', '2022-09-14 00:41:20'),
(63, 30, '<b>408 DT</b> → Booked room for <b>1 night</b> from <b>09/13/2022</b> to <b>09/14/2022</b>', 0, '122.3.206.239', '2022-09-14 00:41:32'),
(64, 30, '<b>HDF00019</b> → Added <b>cash</b> payment amounting ₱<b>8,700</b>', 0, '122.3.206.239', '2022-09-14 00:41:42'),
(65, 18, 'User logged in', 1, '119.92.137.197', '2022-09-14 09:22:47'),
(66, 18, 'User logged in', 1, '119.92.137.197', '2022-09-14 09:42:47'),
(67, 18, 'User logged in', 1, '119.92.137.197', '2022-09-14 13:58:31'),
(68, 18, 'Updated guest details of Engr  Acosta', 0, '119.92.137.197', '2022-09-14 14:00:44'),
(69, 18, 'Updated guest details of Alan Jose  Aroy', 0, '119.92.137.197', '2022-09-14 14:00:55'),
(70, 18, 'Updated guest details of Goo  Bee', 0, '119.92.137.197', '2022-09-14 14:01:04'),
(71, 18, 'Updated guest details of Tess  Collins', 0, '119.92.137.197', '2022-09-14 14:01:12'),
(72, 18, 'Updated guest details of Iglesia Ni Cristo', 0, '119.92.137.197', '2022-09-14 14:01:28'),
(73, 18, 'Updated guest details of Raphael  Go', 0, '119.92.137.197', '2022-09-14 14:01:38'),
(74, 18, 'Updated guest details of Ramil  Laceras', 0, '119.92.137.197', '2022-09-14 14:01:49'),
(75, 18, 'Updated guest details of Geralyn  Macasabuang', 0, '119.92.137.197', '2022-09-14 14:01:58'),
(76, 18, 'Updated guest details of Nino  Mataro', 0, '119.92.137.197', '2022-09-14 14:02:11'),
(77, 18, 'Updated guest details of Jayson   Pigot', 0, '119.92.137.197', '2022-09-14 14:02:37'),
(78, 18, 'Updated guest details of Wilford Alexandrei  Ramos', 0, '119.92.137.197', '2022-09-14 14:02:49'),
(79, 18, 'Updated guest details of Elaine  Sarabia', 0, '119.92.137.197', '2022-09-14 14:03:01'),
(80, 18, 'Updated guest details of Adelon Obejas Zeta', 0, '119.92.137.197', '2022-09-14 14:03:20'),
(81, 18, 'User logged out', 1, '119.92.137.197', '2022-09-14 14:06:41'),
(82, 12, 'User logged in', 1, '119.92.137.197', '2022-09-14 14:06:47'),
(83, 12, 'Added a new user account for Airene', 2, '119.92.137.197', '2022-09-14 14:07:19'),
(84, 12, 'Reset user password of Carlos Ortiz', 4, '119.92.137.197', '2022-09-14 14:07:29'),
(85, 12, 'User logged out', 1, '119.92.137.197', '2022-09-14 14:08:48'),
(86, 18, 'User logged in', 1, '175.176.65.250', '2022-09-14 22:57:45'),
(87, 30, 'User logged in', 1, '122.3.206.239', '2022-09-15 07:10:35'),
(88, 30, 'User logged in', 1, '122.3.206.239', '2022-09-15 08:17:31'),
(89, 30, '<b>HDF00009</b> → Added <b>cash</b> payment amounting ₱<b>5,800</b>', 0, '122.3.206.239', '2022-09-15 08:43:51'),
(90, 30, '<b>HDF00009</b> → Successfully completed order!', 0, '122.3.206.239', '2022-09-15 08:43:57'),
(91, 39, 'User logged in', 1, '122.3.206.239', '2022-09-15 13:14:06'),
(92, 39, '<b>HDF00020</b> → Updated guest details', 0, '122.3.206.239', '2022-09-15 13:18:08'),
(93, 39, 'User logged out', 1, '122.3.206.239', '2022-09-15 14:07:03'),
(94, 37, 'User logged in', 1, '122.3.206.239', '2022-09-15 14:08:14'),
(95, 37, 'Booked MARLENE DENZON in room 206', 0, '122.3.206.239', '2022-09-15 14:09:52'),
(96, 37, '<b>HDF00021</b> → Updated notes', 0, '122.3.206.239', '2022-09-15 14:25:49'),
(97, 37, 'Reserved ARCHIE SECTET in room 202', 0, '122.3.206.239', '2022-09-15 14:26:57'),
(98, 37, 'Updated reservation details of <b> ARCHIE  SECTET ', 4, '122.3.206.239', '2022-09-15 14:27:10'),
(99, 37, 'Updated reservation details of <b> ARCHIE  SECTET ', 4, '122.3.206.239', '2022-09-15 14:27:18'),
(100, 37, 'Updated reservation details of <b> ARCHIE  SECTET ', 4, '122.3.206.239', '2022-09-15 14:27:44'),
(101, 37, 'Cancelled a reservation: #HDF00022', 4, '122.3.206.239', '2022-09-15 14:28:26'),
(102, 37, '<b>HDF00021</b> → Updated notes', 0, '122.3.206.239', '2022-09-15 14:29:35'),
(103, 18, 'User logged in', 1, '119.92.137.197', '2022-09-15 15:40:11'),
(104, 18, 'Reserved Jovin Maneja in room 202', 0, '119.92.137.197', '2022-09-15 15:44:38'),
(105, 18, 'Cancelled a reservation: #HDF00023', 4, '119.92.137.197', '2022-09-15 15:45:04'),
(106, 18, 'User logged in', 1, '119.92.137.197', '2022-09-15 16:02:11'),
(107, 18, 'Reserved Jovin Maneja in room 202', 0, '119.92.137.197', '2022-09-15 16:02:47'),
(108, 18, 'Updated reservation details of <b> Jovin  Maneja ', 4, '119.92.137.197', '2022-09-15 16:03:10'),
(109, 12, 'User logged in', 1, '49.145.96.9', '2022-09-15 16:03:43'),
(110, 18, 'Cancelled a reservation: #HDF00024', 4, '119.92.137.197', '2022-09-15 16:08:55'),
(111, 18, 'User logged in', 1, '119.92.137.197', '2022-09-15 16:54:58'),
(112, 18, 'Reserved Jovin Maneja in room 203', 0, '119.92.137.197', '2022-09-15 16:55:33'),
(113, 18, 'Cancelled a reservation: #HDF00026', 4, '119.92.137.197', '2022-09-15 16:56:20'),
(114, 18, 'User logged out', 1, '119.92.137.197', '2022-09-15 16:56:38'),
(115, 12, 'User logged in', 1, '119.92.137.197', '2022-09-15 16:56:47'),
(116, 12, 'Updated a charge, Bottled Water (250 ml) amounting ₱25', 4, '119.92.137.197', '2022-09-15 16:58:02'),
(117, 12, 'Updated a charge, Bottled Water (500 ml) amounting ₱50', 4, '119.92.137.197', '2022-09-15 16:58:06'),
(118, 12, 'Added a new category, Swimming Pool', 2, '119.92.137.197', '2022-09-15 16:58:13'),
(119, 12, 'Updated a charge, Slippers amounting ₱30', 4, '119.92.137.197', '2022-09-15 16:59:40'),
(120, 12, 'Added a new charge, Adult amounting ₱250', 2, '119.92.137.197', '2022-09-15 16:59:59'),
(121, 12, 'Added a new charge, Kids amounting ₱200', 2, '119.92.137.197', '2022-09-15 17:00:10'),
(122, 37, 'User logged in', 1, '122.3.206.239', '2022-09-15 17:01:18'),
(123, 37, 'Checked in a reservation: #HDF00025', 0, '122.3.206.239', '2022-09-15 17:02:35'),
(124, 37, 'Reserved ROSE ANN GO in room 302', 0, '122.3.206.239', '2022-09-15 17:03:36'),
(125, 37, 'Checked in a reservation: #HDF00027', 0, '122.3.206.239', '2022-09-15 17:04:02'),
(126, 37, '<b>HDF00027</b> → Updated guest details', 0, '122.3.206.239', '2022-09-15 17:04:57'),
(127, 37, '<b>HDF00027</b> → Updated guest details', 0, '122.3.206.239', '2022-09-15 17:05:01'),
(128, 18, 'User logged in', 1, '119.92.137.197', '2022-09-15 17:13:26'),
(129, 18, 'Reserved Jovin Maneja in room 205', 0, '119.92.137.197', '2022-09-15 17:13:43'),
(130, 18, 'Cancelled a reservation: #HDF00028', 4, '119.92.137.197', '2022-09-15 17:13:51'),
(131, 18, 'Booked Jovin Maneja in room 202', 0, '119.92.137.197', '2022-09-15 17:37:23'),
(132, 18, 'Cancelled a booking: #HDF00029', 4, '119.92.137.197', '2022-09-15 17:37:38'),
(133, 18, 'Reserved Jovin Maneja in room 202', 0, '119.92.137.197', '2022-09-15 17:37:48'),
(134, 18, 'Cancelled a reservation: #HDF00030', 4, '119.92.137.197', '2022-09-15 17:37:56'),
(135, 18, 'User logged in', 1, '49.145.96.9', '2022-09-15 17:51:14'),
(136, 18, 'User logged out', 1, '49.145.96.9', '2022-09-15 17:53:36'),
(137, 34, 'User logged in', 1, '49.145.96.9', '2022-09-15 17:53:56'),
(138, 34, 'User logged out', 1, '49.145.96.9', '2022-09-15 17:58:41'),
(139, 18, 'User logged in', 1, '49.145.96.9', '2022-09-15 17:58:44'),
(140, 18, 'User logged out', 1, '49.145.96.9', '2022-09-15 17:58:49'),
(141, 12, 'User logged in', 1, '49.145.96.9', '2022-09-15 17:58:51'),
(142, 12, 'User logged out', 1, '49.145.96.9', '2022-09-15 17:59:32'),
(143, 34, 'User logged in', 1, '49.145.96.9', '2022-09-15 17:59:56'),
(144, 34, 'Reserved Francisco Ibañez in room 415', 0, '49.145.96.9', '2022-09-15 18:31:38'),
(145, 34, 'Cancelled a reservation: #HDF00031', 4, '49.145.96.9', '2022-09-15 18:31:56'),
(146, 37, 'User logged in', 1, '122.3.206.239', '2022-09-15 19:35:24'),
(147, 37, 'Reserved ERLINDA  RANCHEZ in room 205', 0, '122.3.206.239', '2022-09-15 19:38:46'),
(148, 37, 'Checked in a reservation: #HDF00032', 0, '122.3.206.239', '2022-09-15 19:39:29'),
(149, 37, 'Booked TURLA JUVEN JR. in room 210', 0, '122.3.206.239', '2022-09-15 19:41:33'),
(150, 37, '<b>210 ES</b> → Updated extras: <b>02 extra beds</b> and <b>0 extra persons</b>', 0, '122.3.206.239', '2022-09-15 19:41:50'),
(151, 37, 'Booked ECOSSENTIAL FOOD in room 305', 0, '122.3.206.239', '2022-09-15 19:43:40'),
(152, 37, 'Booked ECOSSENTIAL FOOD in room 306', 0, '122.3.206.239', '2022-09-15 19:44:29'),
(153, 37, 'Booked FRANCES MACALINGGA in room 307', 0, '122.3.206.239', '2022-09-15 19:45:20'),
(154, 37, 'Booked ROY  FLOR in room 405', 0, '122.3.206.239', '2022-09-15 19:47:38'),
(155, 37, 'Booked KIARRA FORMANES in room 406', 0, '122.3.206.239', '2022-09-15 19:49:09'),
(156, 37, 'Booked ZOC 09489169128 in room 202', 0, '122.3.206.239', '2022-09-15 19:52:04'),
(157, 37, 'Booked ZAC ZACATE in room 203', 0, '122.3.206.239', '2022-09-15 19:53:05'),
(158, 37, '<b>HDF00039</b> → Updated guest details', 0, '122.3.206.239', '2022-09-15 19:53:28'),
(159, 37, '<b>HDF00025</b> → Updated guest details', 0, '122.3.206.239', '2022-09-15 19:54:19'),
(160, 37, '<b>HDF00021</b> → Updated guest details', 0, '122.3.206.239', '2022-09-15 19:55:52'),
(161, 37, 'Booked ADELLE CASTILLO in room 208', 0, '122.3.206.239', '2022-09-15 19:57:00'),
(162, 37, 'Booked ZAC ZACATE in room 209', 0, '122.3.206.239', '2022-09-15 19:57:53'),
(163, 37, '<b>HDF00021</b> → Updated notes', 0, '122.3.206.239', '2022-09-15 19:59:23'),
(164, 37, '<b>HDF00027</b> → Updated guest details', 0, '122.3.206.239', '2022-09-15 20:01:32'),
(165, 37, 'Booked ZAC ZACATE in room 303', 0, '122.3.206.239', '2022-09-15 20:04:01'),
(166, 37, 'Booked ZAC ZACATE in room 304', 0, '122.3.206.239', '2022-09-15 20:04:27'),
(167, 37, 'Booked ZAC ZACATE in room 308', 0, '122.3.206.239', '2022-09-15 20:06:30'),
(168, 37, 'Booked ZAC ZACATE in room 309', 0, '122.3.206.239', '2022-09-15 20:07:54'),
(169, 37, 'Booked CINDY CAPATE in room 402', 0, '122.3.206.239', '2022-09-15 20:09:43'),
(170, 37, '<b>403 DT</b> → Changed room from <b>DT 403</b> 2 nights 09/13/2022 - 09/15/2022 to <b>403 DT</b> 3 nights 09/13/2022 - 09/16/2022', 0, '122.3.206.239', '2022-09-15 20:13:27'),
(171, 37, '<b>HDF00013</b> → Updated guest details', 0, '122.3.206.239', '2022-09-15 20:15:28'),
(172, 37, '<b>403 DT</b> → Set room discount of <b>0% (N/A)</b>', 0, '122.3.206.239', '2022-09-15 20:15:35'),
(173, 37, '<b>403 DT</b> → Set room discount of <b>0% (N/A)</b>', 0, '122.3.206.239', '2022-09-15 20:15:47'),
(174, 37, 'Booked ZAC ZACATE in room 404', 0, '122.3.206.239', '2022-09-15 20:17:47'),
(175, 37, 'Booked ZAC ZACATE in room 407', 0, '122.3.206.239', '2022-09-15 20:20:11'),
(176, 37, 'Booked ZAC ZACATE in room 408', 0, '122.3.206.239', '2022-09-15 20:20:50'),
(177, 37, 'Booked ZAC ZACATE in room 409', 0, '122.3.206.239', '2022-09-15 20:21:14'),
(178, 30, 'User logged in', 1, '122.3.206.239', '2022-09-16 08:19:37'),
(179, 18, 'User logged in', 1, '119.92.137.197', '2022-09-16 16:47:38'),
(180, 37, 'User logged in', 1, '122.3.206.239', '2022-09-16 20:35:50'),
(181, 37, 'Updated reservation details of <b> JESSA MAE  LAGUNZAD ', 4, '122.3.206.239', '2022-09-16 20:36:41'),
(182, 37, 'Updated reservation details of <b> JESSA MAE  LAGUNZAD ', 4, '122.3.206.239', '2022-09-16 20:36:49'),
(183, 37, 'Updated reservation details of <b> JESSA MAE  LAGUNZAD ', 4, '122.3.206.239', '2022-09-16 20:37:02'),
(184, 37, 'Updated reservation details of <b> JESSA MAE  LAGUNZAD ', 4, '122.3.206.239', '2022-09-16 20:37:28'),
(185, 37, 'Updated reservation details of <b> JESSA MAE  LAGUNZAD ', 4, '122.3.206.239', '2022-09-16 20:37:41'),
(186, 37, 'Updated reservation details of <b> JESSA MAE  LAGUNZAD ', 4, '122.3.206.239', '2022-09-16 20:37:58'),
(187, 37, 'Reserved rosario abonis in room 203', 0, '122.3.206.239', '2022-09-16 20:39:13'),
(188, 37, 'Updated reservation details of <b> JESSA MAE  LAGUNZAD ', 4, '122.3.206.239', '2022-09-16 20:39:35'),
(189, 37, 'Updated reservation details of <b> JESSA MAE  LAGUNZAD ', 4, '122.3.206.239', '2022-09-16 20:39:43'),
(190, 37, 'Updated reservation details of <b> rosario  abonis ', 4, '122.3.206.239', '2022-09-16 20:39:54'),
(191, 37, 'Updated reservation details of <b> rosario  abonis ', 4, '122.3.206.239', '2022-09-16 20:39:58'),
(192, 37, 'Reserved JENNY GERVACIO in room 204', 0, '122.3.206.239', '2022-09-16 20:40:52'),
(193, 37, 'Updated reservation details of <b> rosario  abonis ', 4, '122.3.206.239', '2022-09-16 20:41:42'),
(194, 37, 'Updated reservation details of <b> rosario  abonis ', 4, '122.3.206.239', '2022-09-16 20:42:13'),
(195, 37, 'Updated reservation details of <b> rosario  abonis ', 4, '122.3.206.239', '2022-09-16 22:24:03'),
(196, 37, 'Updated reservation details of <b> rosario  abonis ', 4, '122.3.206.239', '2022-09-16 22:24:03'),
(197, 37, 'Updated reservation details of <b> rosario  abonis ', 4, '122.3.206.239', '2022-09-16 22:24:09'),
(198, 37, 'Updated reservation details of <b> rosario  abonis ', 4, '122.3.206.239', '2022-09-16 22:24:23'),
(199, 37, 'Updated reservation details of <b> rosario  abonis ', 4, '122.3.206.239', '2022-09-16 22:24:38'),
(200, 36, 'User logged in', 1, '122.3.206.239', '2022-09-18 11:05:49'),
(201, 37, 'User logged in', 1, '122.3.206.239', '2022-09-19 15:45:20'),
(202, 37, 'Updated reservation details of <b> JESSA MAE  LAGUNZAD ', 4, '122.3.206.239', '2022-09-19 15:45:51'),
(203, 37, 'Updated reservation details of <b> rosario  abonis ', 4, '122.3.206.239', '2022-09-19 15:46:01'),
(204, 37, 'Updated reservation details of <b> rosario  abonis ', 4, '122.3.206.239', '2022-09-19 15:46:06'),
(205, 30, 'User logged in', 1, '122.3.206.239', '2022-09-20 06:56:10'),
(206, 30, 'Reserved LGU TALALORA in room 201', 0, '122.3.206.239', '2022-09-20 06:57:44'),
(207, 30, 'Updated reservation details of <b> LGU  TALALORA ', 4, '122.3.206.239', '2022-09-20 06:57:56'),
(208, 30, 'Cancelled a reservation: #HDF00055', 4, '122.3.206.239', '2022-09-20 06:58:27'),
(209, 30, 'Reserved LGU TALALORA in room 201', 0, '122.3.206.239', '2022-09-20 06:59:21'),
(210, 34, 'User logged in', 1, '49.145.96.9', '2022-09-21 00:52:26'),
(211, 30, 'User logged in', 1, '122.3.206.239', '2022-09-22 12:17:47'),
(212, 30, 'Reserved SHAWN PAMGIT in room 202', 0, '122.3.206.239', '2022-09-22 12:18:30'),
(213, 30, 'Cancelled a reservation: #HDF00057', 4, '122.3.206.239', '2022-09-22 12:19:05'),
(214, 34, 'User logged in', 1, '119.92.137.197', '2022-09-23 11:59:45'),
(215, 34, 'User logged out', 1, '119.92.137.197', '2022-09-23 12:00:11'),
(216, 34, 'User logged in', 1, '119.92.137.197', '2022-09-23 13:15:31'),
(217, 18, 'User logged in', 1, '119.92.137.197', '2022-09-23 13:18:09'),
(218, 30, 'User logged in', 1, '122.3.206.239', '2022-09-23 13:51:19'),
(219, 41, 'User logged in', 1, '122.3.206.239', '2022-09-23 14:26:08'),
(220, 41, 'User logged out', 1, '122.3.206.239', '2022-09-23 14:29:14'),
(221, 30, '<b>408 DT</b> → Checked out room <b>1 night</b> from <b>09/13/2022</b> to <b>09/14/2022</b>', 0, '122.3.206.239', '2022-09-23 14:40:07'),
(222, 30, 'Booked Jovin Maneja in room 201', 0, '122.3.206.239', '2022-09-23 14:40:58'),
(223, 30, '<b>201 ES</b> → Added <b>1 Stained Item(s)</b> - <b>Smoking inside the room</b> amounting ₱<b>2,500</b> each', 0, '122.3.206.239', '2022-09-23 14:41:35'),
(224, 30, '<b>201 ES</b> → Added <b>Restaurant</b> charge: <b>Ref. sber cakes </b> pcs for ₱<b>250</b> each', 0, '122.3.206.239', '2022-09-23 14:42:27'),
(225, 30, '<b>201 ES</b> → Added <b>1 Broken / Damaged Item(s)</b> - <b>Damage Chair</b> amounting ₱<b>350</b> each', 0, '122.3.206.239', '2022-09-23 14:42:50'),
(226, 30, '<b>HDF00058</b> → Added <b>room</b> payment to <b>201 ES</b> using <b>cash</b> amounting ₱<b>5,000</b>', 0, '122.3.206.239', '2022-09-23 14:43:43'),
(227, 30, 'User logged out', 1, '122.3.206.239', '2022-09-23 14:45:38'),
(228, 30, 'User logged in', 1, '122.3.206.239', '2022-09-23 14:46:02'),
(229, 30, 'User logged out', 1, '122.3.206.239', '2022-09-23 14:46:42'),
(230, 34, 'User logged in', 1, '119.92.137.197', '2022-09-23 15:40:05'),
(231, 18, 'User logged in', 1, '119.92.137.197', '2022-09-23 15:43:21'),
(232, 39, 'User logged in', 1, '122.3.206.239', '2022-09-24 07:12:45'),
(233, 39, 'Reserved JULIET JOCELYN GUARINO in room 305', 0, '122.3.206.239', '2022-09-24 07:16:24'),
(234, 18, 'User logged in', 1, '119.92.137.197', '2022-09-24 07:53:09'),
(235, 18, 'Checked in a reservation: #HDF00059', 0, '119.92.137.197', '2022-09-24 07:56:06'),
(236, 18, '<b>305 ER</b> → Removed <b>1</b> <b>Early & Late Charges</b> - <b>Early Check In</b> amounting ₱<b>560</b> each', 0, '119.92.137.197', '2022-09-24 07:57:00'),
(237, 18, 'Cancelled a booking: #HDF00058', 4, '119.92.137.197', '2022-09-24 08:02:34'),
(238, 39, 'User logged in', 1, '122.3.206.239', '2022-09-24 10:53:46'),
(239, 39, 'Reserved ELMER BERONIO in room 306', 0, '122.3.206.239', '2022-09-24 10:57:25'),
(240, 39, 'Updated reservation details of <b> JULIET JOCELYN  GUARINO ', 4, '122.3.206.239', '2022-09-24 10:57:35'),
(241, 18, 'User logged in', 1, '119.92.137.197', '2022-09-24 11:00:44'),
(242, 39, 'Reserved LERMA AMOS in room 205', 0, '122.3.206.239', '2022-09-24 11:00:58'),
(243, 39, 'Cancelled a reservation: #HDF00061', 4, '122.3.206.239', '2022-09-24 11:01:33'),
(244, 30, 'User logged in', 1, '122.3.206.239', '2022-09-25 11:35:18'),
(245, 30, 'Reserved MA. SHEREM LUMERAN in room 206', 0, '122.3.206.239', '2022-09-25 11:37:07'),
(246, 30, 'Checked in a reservation: #HDF00064', 0, '122.3.206.239', '2022-09-25 12:15:18'),
(247, 30, '<b>207 DK</b> → Booked room for <b>1 night</b> from <b>09/25/2022</b> to <b>09/26/2022</b>', 0, '122.3.206.239', '2022-09-25 12:16:00'),
(248, 30, '<b>206 ER</b> → Set room discount of <b>20% (PWD)</b>', 0, '122.3.206.239', '2022-09-25 12:16:15'),
(249, 30, '<b>206 ER</b> → Removed <b>1</b> <b>Early & Late Charges</b> - <b>Early Check In</b> amounting ₱<b>560</b> each', 0, '122.3.206.239', '2022-09-25 12:16:39'),
(250, 30, '<b>HDF00064</b> → Updated notes to <b>WALK-IN PAID ROOM IN ADVANCE WITH PWD DISCOUNT\r\nNO EARLY CHECK-IN FEE DUE TO GUEST CHECK-IN @12NOON.</b>', 0, '122.3.206.239', '2022-09-25 12:17:15'),
(251, 30, '<b>HDF00064</b> → Added <b>room</b> payment to <b>206 ER</b> using <b>cash</b> amounting ₱<b>3,020</b>', 0, '122.3.206.239', '2022-09-25 12:17:30'),
(252, 30, '<b>HDF00064</b> → Added <b>room</b> payment to <b>206 ER</b> using <b>cash</b> amounting ₱<b>20</b>', 0, '122.3.206.239', '2022-09-25 12:17:58'),
(253, 30, '<b>HDF00064</b> → Updated notes to <b>WALK-IN PAID ROOM IN ADVANCE WITH PWD DISCOUNT\r\nNO EARLY CHECK-IN FEE DUE TO GUEST CHECK-IN @12NOON.\r\n\r\n207 NYP TO CHECK IF THEY HAVE CORP DISCOUNT UNDER FWD.</b>', 0, '122.3.206.239', '2022-09-25 12:19:21'),
(254, 18, 'User logged in', 1, '110.54.231.128', '2022-09-25 12:26:05'),
(255, 30, 'Booked WINLOVE BALLON in room 402', 0, '122.3.206.239', '2022-09-25 14:32:49'),
(256, 30, 'User logged out', 1, '122.3.206.239', '2022-09-25 14:33:04'),
(257, 39, 'User logged in', 1, '122.3.206.239', '2022-09-25 14:33:15'),
(258, 39, 'Booked KAREN KAY ABEJERO in room 406', 0, '122.3.206.239', '2022-09-25 15:27:23'),
(259, 39, '<b>HDF00065</b> → Updated notes to <b>CHANGE P200</b>', 0, '122.3.206.239', '2022-09-25 15:28:16'),
(260, 30, 'User logged in', 1, '122.3.206.239', '2022-09-26 13:23:38'),
(261, 30, '<b>207 DK</b> → Set room discount of <b>10% (Owner-A)</b>', 0, '122.3.206.239', '2022-09-26 14:18:10'),
(262, 30, '<b>HDF00064</b> → Added <b>room</b> payment to <b>207 DK</b> using <b>cash</b> amounting ₱<b>2,610</b>', 0, '122.3.206.239', '2022-09-26 14:19:34'),
(263, 30, '<b>HDF00064</b> → Successfully completed order!', 0, '122.3.206.239', '2022-09-26 14:19:54'),
(264, 30, '<b>HDF00065</b> → Added <b>room</b> payment to <b>402 DT</b> using <b>cash</b> amounting ₱<b>2,900</b>', 0, '122.3.206.239', '2022-09-26 14:20:36'),
(265, 30, '<b>HDF00065</b> → Successfully completed order!', 0, '122.3.206.239', '2022-09-26 14:20:39'),
(266, 30, '<b>HDF00066</b> → Added <b>room</b> payment to <b>406 ER</b> using <b>cash</b> amounting ₱<b>3,800</b>', 0, '122.3.206.239', '2022-09-26 14:21:03'),
(267, 30, '<b>HDF00066</b> → Successfully completed order!', 0, '122.3.206.239', '2022-09-26 14:21:08'),
(268, 30, 'Booked SUSANA ABERIA in room 308', 0, '122.3.206.239', '2022-09-26 14:23:22'),
(269, 30, 'User logged out', 1, '122.3.206.239', '2022-09-26 14:23:25'),
(270, 39, 'User logged in', 1, '122.3.206.239', '2022-09-26 14:23:58'),
(271, 39, 'Booked LITO BAJADO in room 306', 0, '122.3.206.239', '2022-09-26 14:24:57'),
(272, 39, 'Booked RESTITUO BAJADO in room 305', 0, '122.3.206.239', '2022-09-26 14:25:53'),
(273, 39, 'Booked RAYNITA ABOY in room 407', 0, '122.3.206.239', '2022-09-26 14:26:41'),
(274, 39, 'Booked ALEXANDER DOCABO in room 406', 0, '122.3.206.239', '2022-09-26 14:31:38'),
(275, 39, 'Booked MYRA CAMPANI in room 404', 0, '122.3.206.239', '2022-09-26 14:33:06'),
(276, 39, 'Booked CHRISTINE BAGAS in room 205', 0, '122.3.206.239', '2022-09-26 14:36:41'),
(277, 39, 'Booked JERICH NELSOM MONTES in room 206', 0, '122.3.206.239', '2022-09-26 14:37:34'),
(278, 39, 'Booked ANNA LISA DAGUINOD in room 307', 0, '122.3.206.239', '2022-09-26 14:38:22'),
(279, 39, 'Booked ALBERT AFABLE in room 405', 0, '122.3.206.239', '2022-09-26 14:39:01'),
(280, 39, 'Booked DALMACIO PAJANUSTAN in room 401', 0, '122.3.206.239', '2022-09-26 14:40:39'),
(281, 39, '<b>HDF00077</b> → Updated notes to <b>C/O PAFES</b>', 0, '122.3.206.239', '2022-09-26 14:42:00'),
(282, 39, '<b>HDF00073</b> → Updated notes to <b>C/O LGU MAYDOLONG</b>', 0, '122.3.206.239', '2022-09-26 14:42:44'),
(283, 39, '<b>HDF00074</b> → Updated notes to <b>C/O LGU MAYDOLONG</b>', 0, '122.3.206.239', '2022-09-26 14:42:58'),
(284, 39, '<b>HDF00069</b> → Updated notes to <b>C/O LGU MAYDOLONG</b>', 0, '122.3.206.239', '2022-09-26 14:43:12'),
(285, 39, '<b>HDF00068</b> → Updated notes to <b>C/O LGU MAYDOLONG</b>', 0, '122.3.206.239', '2022-09-26 14:44:46'),
(286, 39, '<b>HDF00075</b> → Updated notes to <b>C/O LGU MAYDOLONG</b>', 0, '122.3.206.239', '2022-09-26 14:45:13'),
(287, 39, '<b>HDF00067</b> → Updated notes to <b>C/O LGU MAYDOLONG</b>', 0, '122.3.206.239', '2022-09-26 14:45:34'),
(288, 39, '<b>HDF00072</b> → Updated notes to <b>C/O LGU MAYDOLONG</b>', 0, '122.3.206.239', '2022-09-26 14:45:48'),
(289, 39, '<b>HDF00076</b> → Updated notes to <b>C/O LGU MAYDOLONG</b>', 0, '122.3.206.239', '2022-09-26 14:46:05'),
(290, 39, '<b>HDF00071</b> → Updated notes to <b>C/O LGU MAYDOLONG</b>', 0, '122.3.206.239', '2022-09-26 14:46:20'),
(291, 39, '<b>HDF00070</b> → Updated notes to <b>C/O LGU MAYDOLONG</b>', 0, '122.3.206.239', '2022-09-26 14:46:31'),
(292, 36, 'User logged in', 1, '122.3.206.239', '2022-09-26 21:51:48'),
(293, 36, 'Reserved CHRISTINE BAGAS in room 205', 0, '122.3.206.239', '2022-09-26 21:59:14'),
(294, 36, 'Reserved JERICH NELSOM MONTES in room 206', 0, '122.3.206.239', '2022-09-26 22:00:58'),
(295, 36, 'Updated reservation details of <b> JERICH NELSOM  MONTES ', 4, '122.3.206.239', '2022-09-26 22:01:07'),
(296, 36, 'User logged out', 1, '122.3.206.239', '2022-09-26 22:03:19'),
(297, 39, 'User logged in', 1, '122.3.206.239', '2022-09-26 22:03:45'),
(298, 39, 'User logged out', 1, '122.3.206.239', '2022-09-26 22:03:59'),
(299, 38, 'User logged in', 1, '122.3.206.239', '2022-09-26 22:04:10'),
(300, 38, 'User logged out', 1, '122.3.206.239', '2022-09-26 22:04:37'),
(301, 36, 'User logged in', 1, '122.3.206.239', '2022-09-26 22:17:36'),
(302, 36, 'Reserved suzette ogayo in room 201', 0, '122.3.206.239', '2022-09-26 22:19:14'),
(303, 36, 'Updated reservation details of <b> suzette  ogayo ', 4, '122.3.206.239', '2022-09-26 22:19:34'),
(304, 36, 'Reserved elaine  ty in room 305', 0, '122.3.206.239', '2022-09-26 22:20:36'),
(305, 36, 'Reserved jean jean in room 408', 0, '122.3.206.239', '2022-09-26 22:21:56'),
(306, 36, 'Reserved international justice in room 202', 0, '122.3.206.239', '2022-09-26 22:22:48'),
(307, 36, 'Reserved INTERNATIONAL JUSTICE in room 203', 0, '122.3.206.239', '2022-09-26 22:23:25'),
(308, 36, 'Reserved INTERNATIONAL JUSTICE in room 204', 0, '122.3.206.239', '2022-09-26 22:23:55'),
(309, 36, 'Reserved INTERNATIONAL JUSTICE in room 207', 0, '122.3.206.239', '2022-09-26 22:24:21'),
(310, 36, 'Reserved INTERNATIONAL JUSTICE in room 208', 0, '122.3.206.239', '2022-09-26 22:25:05'),
(311, 36, 'Reserved INTERNATIONAL JUSTICE in room 209', 0, '122.3.206.239', '2022-09-26 22:25:35'),
(312, 36, 'Reserved NELLY FABELLA in room 301', 0, '122.3.206.239', '2022-09-26 22:26:45'),
(313, 36, 'Reserved INTERNATIONAL JUSTICE in room 302', 0, '122.3.206.239', '2022-09-26 22:27:29'),
(314, 36, 'Reserved INTERNATIONAL JUSTICE in room 303', 0, '122.3.206.239', '2022-09-26 22:28:03'),
(315, 36, 'Reserved INTERNATIONAL JUSTICE in room 304', 0, '122.3.206.239', '2022-09-26 22:28:37'),
(316, 36, 'Reserved ELAINE TY in room 306', 0, '122.3.206.239', '2022-09-26 22:29:24'),
(317, 36, 'Reserved NOCKOLAS HOYLE in room 410', 0, '122.3.206.239', '2022-09-26 22:30:43'),
(318, 36, 'Reserved DOH DOH in room 205', 0, '122.3.206.239', '2022-09-26 22:44:13'),
(319, 36, 'Reserved ROGER LAPONTE in room 201', 0, '122.3.206.239', '2022-09-26 22:48:28'),
(320, 36, 'Reserved ROGER LAPONTE in room 210', 0, '122.3.206.239', '2022-09-26 22:50:47'),
(321, 36, 'Reserved ROGER LAMONTE in room 310', 0, '122.3.206.239', '2022-09-26 22:56:13'),
(322, 30, 'User logged in', 1, '122.3.206.239', '2022-09-27 07:15:46'),
(323, 30, 'Booked MAYOR. GODOFREDO GARADO in room 412', 0, '122.3.206.239', '2022-09-27 07:35:09'),
(324, 30, 'Booked RONEBETH COTIN in room 209', 0, '122.3.206.239', '2022-09-27 07:38:49'),
(325, 30, 'Booked AZURA  PASCUAL in room 408', 0, '122.3.206.239', '2022-09-27 07:42:03'),
(326, 30, 'Booked JIA ROMERO in room 415', 0, '122.3.206.239', '2022-09-27 07:43:13'),
(327, 30, 'Booked RICHELLE CODILLO in room 210', 0, '122.3.206.239', '2022-09-27 07:45:51'),
(328, 30, 'Booked MA. JESSELYN SABORIJES in room 302', 0, '122.3.206.239', '2022-09-27 07:47:53'),
(329, 30, 'Booked MA. GINA SUASBA in room 410', 0, '122.3.206.239', '2022-09-27 07:49:13'),
(330, 30, 'Booked FINEIL LUSTE in room 301', 0, '122.3.206.239', '2022-09-27 07:51:05'),
(331, 30, 'Booked KEVIN MONTALLANA in room 203', 0, '122.3.206.239', '2022-09-27 07:53:39'),
(332, 30, 'Booked REYNALDO COLINA in room 303', 0, '122.3.206.239', '2022-09-27 07:55:16'),
(333, 30, 'Booked APURA TEODORO ERIC in room 202', 0, '122.3.206.239', '2022-09-27 07:58:19'),
(334, 30, 'Booked SACO GLADIS in room 309', 0, '122.3.206.239', '2022-09-27 07:59:33'),
(335, 30, 'Booked ERMA MOSENDE in room 207', 0, '122.3.206.239', '2022-09-27 08:01:04'),
(336, 30, 'Booked BONIFACIO CALOS in room 304', 0, '122.3.206.239', '2022-09-27 08:02:32'),
(337, 30, 'Booked ERWIN SESIO in room 208', 0, '122.3.206.239', '2022-09-27 08:04:51'),
(338, 30, 'Booked FRANCISCO ROSAROSO in room 310', 0, '122.3.206.239', '2022-09-27 08:06:05'),
(339, 30, 'Booked DOROTHY ARTUGUE in room 403', 0, '122.3.206.239', '2022-09-27 08:07:53'),
(340, 30, '<b>403 DT</b> → Booked room for <b>1 night</b> from <b>09/27/2022</b> to <b>09/28/2022</b>', 0, '122.3.206.239', '2022-09-27 08:08:44'),
(341, 30, '<b>409 DT</b> → Changed room from <b>ES 410</b> 2 nights 09/26/2022 - 09/28/2022 to <b>409 DT</b> 1 night 09/26/2022 - 09/27/2022', 0, '122.3.206.239', '2022-09-27 08:11:43'),
(342, 30, 'Booked FENIZA ROSABETH in room 410', 0, '122.3.206.239', '2022-09-27 08:12:42'),
(343, 30, 'Booked ZESSTTE BERTOS in room 414', 0, '122.3.206.239', '2022-09-27 08:13:54'),
(344, 30, 'Booked ANNIE ABELLA in room 402', 0, '122.3.206.239', '2022-09-27 08:14:57'),
(345, 30, '<b>401 ES</b> → Booked room for <b>1 night</b> from <b>09/27/2022</b> to <b>09/28/2022</b>', 0, '122.3.206.239', '2022-09-27 08:17:21'),
(346, 30, '<b>408 DT</b> → Booked room for <b>1 night</b> from <b>09/27/2022</b> to <b>09/28/2022</b>', 0, '122.3.206.239', '2022-09-27 08:18:16'),
(347, 30, '<b>409 DT</b> → Booked room for <b>1 night</b> from <b>09/27/2022</b> to <b>09/28/2022</b>', 0, '122.3.206.239', '2022-09-27 08:18:57'),
(348, 30, '<b>415 SSK</b> → Booked room for <b>1 night</b> from <b>09/27/2022</b> to <b>09/28/2022</b>', 0, '122.3.206.239', '2022-09-27 08:19:41'),
(349, 30, '<b>206 ER</b> → Booked room for <b>1 night</b> from <b>09/28/2022</b> to <b>09/29/2022</b>', 0, '122.3.206.239', '2022-09-27 08:20:58'),
(350, 30, '<b>305 ER</b> → Booked room for <b>2 nights</b> from <b>09/27/2022</b> to <b>09/29/2022</b>', 0, '122.3.206.239', '2022-09-27 08:22:15'),
(351, 30, '<b>306 ER</b> → Booked room for <b>2 nights</b> from <b>09/27/2022</b> to <b>09/29/2022</b>', 0, '122.3.206.239', '2022-09-27 08:22:51'),
(352, 30, '<b>307 DK</b> → Booked room for <b>2 nights</b> from <b>09/27/2022</b> to <b>09/29/2022</b>', 0, '122.3.206.239', '2022-09-27 08:24:04'),
(353, 30, 'Checked in a reservation: #HDF00079', 0, '122.3.206.239', '2022-09-27 08:24:26'),
(354, 30, 'Checked in a reservation: #HDF00078', 0, '122.3.206.239', '2022-09-27 08:24:37'),
(355, 30, 'Booked RODOLFO UNAY in room 204', 0, '122.3.206.239', '2022-09-27 08:28:45'),
(356, 30, '<b>HDF00119</b> → Updated guest details', 0, '122.3.206.239', '2022-09-27 08:28:53'),
(357, 30, '<b>HDF00119</b> → Updated guest details', 0, '122.3.206.239', '2022-09-27 08:29:04'),
(358, 30, '<b>HDF00119</b> → Added <b>room</b> payment to <b>204 DK</b> using <b>cash</b> amounting ₱<b>2,900</b>', 0, '122.3.206.239', '2022-09-27 08:29:24'),
(359, 30, 'Booked JOEL  BABARIN in room 413', 0, '122.3.206.239', '2022-09-27 08:31:38'),
(360, 30, '<b>413 SSK</b> → Added <b>Coffeeshop</b> charge: <b>Ref. 15232 BEVERAGE </b> pcs for ₱<b>155</b> each', 0, '122.3.206.239', '2022-09-27 08:33:29'),
(361, 30, '<b>413 SSK</b> → Added <b>Restaurant</b> charge: <b>Ref. 10226 MEALS  </b> pcs for ₱<b>1,946</b> each', 0, '122.3.206.239', '2022-09-27 08:34:08'),
(362, 30, '<b>HDF00120</b> → Added <b>room</b> payment to <b>413 SSK</b> using <b>cash</b> amounting ₱<b>4,200</b>', 0, '122.3.206.239', '2022-09-27 08:35:40'),
(363, 30, 'Booked RIVA MANRIQUE in room 411', 0, '122.3.206.239', '2022-09-27 08:38:35'),
(364, 30, '<b>411 SST</b> → Added <b>Coffeeshop</b> charge: <b>Ref. 15230 SNACKS </b> pcs for ₱<b>340</b> each', 0, '122.3.206.239', '2022-09-27 08:40:05'),
(365, 30, '<b>411 SST</b> → Added <b>Coffeeshop</b> charge: <b>Ref. 15226 SNACKS  </b> pcs for ₱<b>585</b> each', 0, '122.3.206.239', '2022-09-27 08:40:43'),
(366, 30, '<b>411 SST</b> → Added <b>Coffeeshop</b> charge: <b>Ref. 15200 SNACKS </b> pcs for ₱<b>350</b> each', 0, '122.3.206.239', '2022-09-27 08:41:20'),
(367, 30, '<b>411 SST</b> → Added <b>Restaurant</b> charge: <b>Ref. 10200 MEAL </b> pcs for ₱<b>192</b> each', 0, '122.3.206.239', '2022-09-27 08:41:58'),
(368, 30, '<b>411 SST</b> → Added <b>Restaurant</b> charge: <b>Ref. 10229 MEAL </b> pcs for ₱<b>320</b> each', 0, '122.3.206.239', '2022-09-27 08:42:36'),
(369, 30, '<b>411 SST</b> → Added <b>Restaurant</b> charge: <b>Ref. 15234 SNACK </b> pcs for ₱<b>120</b> each', 0, '122.3.206.239', '2022-09-27 08:43:08'),
(370, 30, '<b>411 SST</b> → Updated extras: <b>1 extra bed</b> and <b>0 extra persons</b>', 0, '122.3.206.239', '2022-09-27 08:43:26'),
(371, 30, '<b>411 SST</b> → Added <b>4 Additional Amenities</b> - <b>Bottled Water (250 ml)</b> amounting ₱<b>25</b> each', 0, '122.3.206.239', '2022-09-27 08:44:09'),
(372, 30, '<b>HDF00121</b> → Added <b>room</b> payment to <b>411 SST</b> using <b>card</b> amounting ₱<b>4,200</b>', 0, '122.3.206.239', '2022-09-27 08:44:46'),
(373, 30, 'Booked WHELAN BADEN in room 416', 0, '122.3.206.239', '2022-09-27 08:47:38'),
(374, 30, '<b>205 ER</b> → Changed room from <b>ER 205</b> 1 night 09/26/2022 - 09/27/2022 to <b>205 ER</b> 3 nights 09/26/2022 - 09/29/2022', 0, '122.3.206.239', '2022-09-27 08:56:13'),
(375, 30, '<b>206 ER</b> → Changed room from <b>ER 206</b> 1 night 09/26/2022 - 09/27/2022 to <b>206 ER</b> 3 nights 09/26/2022 - 09/29/2022', 0, '122.3.206.239', '2022-09-27 08:57:08'),
(376, 30, '<b>308 DT</b> → Changed room from <b>DT 308</b> 1 night 09/26/2022 - 09/27/2022 to <b>308 DT</b> 3 nights 09/26/2022 - 09/29/2022', 0, '122.3.206.239', '2022-09-27 08:57:54'),
(377, 30, '<b>404 DK</b> → Changed room from <b>DK 404</b> 1 night 09/26/2022 - 09/27/2022 to <b>404 DK</b> 3 nights 09/26/2022 - 09/29/2022', 0, '122.3.206.239', '2022-09-27 08:58:21'),
(378, 30, '<b>405 ER</b> → Changed room from <b>ER 405</b> 1 night 09/26/2022 - 09/27/2022 to <b>405 ER</b> 3 nights 09/26/2022 - 09/29/2022', 0, '122.3.206.239', '2022-09-27 08:58:51'),
(379, 30, '<b>406 ER</b> → Changed room from <b>ER 406</b> 1 night 09/26/2022 - 09/27/2022 to <b>406 ER</b> 3 nights 09/26/2022 - 09/29/2022', 0, '122.3.206.239', '2022-09-27 08:59:12'),
(380, 30, 'Booked AGRICULTURE TRAINING in room 201', 0, '122.3.206.239', '2022-09-27 09:03:19'),
(381, 30, 'Cancelled a booking: #HDF00123', 4, '122.3.206.239', '2022-09-27 09:04:48'),
(382, 30, 'Reserved AGRICULTURE TRAINING in room 201', 0, '122.3.206.239', '2022-09-27 09:06:06'),
(383, 30, 'Reserved PBSP . in room 202', 0, '122.3.206.239', '2022-09-27 09:10:52'),
(384, 30, 'Reserved PBSP , in room 203', 0, '122.3.206.239', '2022-09-27 09:11:26'),
(385, 30, 'Booked SUSAN BACAYU in room 204', 0, '122.3.206.239', '2022-09-27 09:13:29'),
(386, 30, 'Cancelled a booking: #HDF00127', 4, '122.3.206.239', '2022-09-27 09:15:03'),
(387, 30, 'Booked SUSAN BACAYO in room 204', 0, '122.3.206.239', '2022-09-27 09:15:36'),
(388, 30, 'Cancelled a booking: #HDF00128', 4, '122.3.206.239', '2022-09-27 09:16:05'),
(389, 30, 'Reserved SUSAN BACAYO in room 204', 0, '122.3.206.239', '2022-09-27 09:16:31'),
(390, 30, 'Reserved PBSP . in room 208', 0, '122.3.206.239', '2022-09-27 09:17:32'),
(391, 30, 'Reserved PBSP . in room 209', 0, '122.3.206.239', '2022-09-27 09:18:02'),
(392, 30, 'Reserved PBSP . in room 302', 0, '122.3.206.239', '2022-09-27 09:18:47'),
(393, 30, 'Reserved BRYAN KIN G in room 304', 0, '122.3.206.239', '2022-09-27 09:21:11'),
(394, 30, 'Reserved CHARGES LEO  ABELLA in room 411', 0, '122.3.206.239', '2022-09-27 09:22:30'),
(395, 30, 'Updated reservation details of <b> CHARGES LEO   ABELLA ', 4, '122.3.206.239', '2022-09-27 09:22:47'),
(396, 30, 'Booked LGU MAYDOLONG in room 407', 0, '122.3.206.239', '2022-09-27 09:24:48'),
(397, 30, 'Updated reservation details of <b> PBSP  . ', 4, '122.3.206.239', '2022-09-27 09:27:12'),
(398, 30, 'Updated reservation details of <b> PBSP  , ', 4, '122.3.206.239', '2022-09-27 09:27:25'),
(399, 30, 'Checked in a reservation: #HDF00129', 0, '122.3.206.239', '2022-09-27 09:27:34'),
(400, 30, 'Updated reservation details of <b> PBSP  . ', 4, '122.3.206.239', '2022-09-27 09:29:21'),
(401, 30, 'Updated reservation details of <b> PBSP  . ', 4, '122.3.206.239', '2022-09-27 09:29:44'),
(402, 30, 'Updated reservation details of <b> PBSP  . ', 4, '122.3.206.239', '2022-09-27 09:29:55'),
(403, 30, 'Reserved JOSEPH MARCON in room 413', 0, '122.3.206.239', '2022-09-27 09:31:20'),
(404, 30, '<b>416 SST</b> → Changed room from <b>SST 416</b> 1 night 09/26/2022 - 09/27/2022 to <b>416 SST</b> 2 nights 09/26/2022 - 09/28/2022', 0, '122.3.206.239', '2022-09-27 09:58:20'),
(405, 30, 'Updated reservation details of <b> PBSP  . ', 4, '122.3.206.239', '2022-09-27 10:02:19'),
(406, 30, 'Updated reservation details of <b> PBSP  . ', 4, '122.3.206.239', '2022-09-27 10:04:29'),
(407, 30, 'Updated reservation details of <b> PBSP  , ', 4, '122.3.206.239', '2022-09-27 10:04:50'),
(408, 30, 'Updated reservation details of <b> PBSP  . ', 4, '122.3.206.239', '2022-09-27 10:05:11'),
(409, 30, 'Updated reservation details of <b> PBSP  , ', 4, '122.3.206.239', '2022-09-27 10:05:20'),
(410, 30, 'Updated reservation details of <b> AGRICULTURE  TRAINING ', 4, '122.3.206.239', '2022-09-27 10:05:35'),
(411, 12, 'User logged in', 1, '119.92.137.197', '2022-09-27 11:04:29'),
(412, 12, 'Added a new category, Others', 2, '119.92.137.197', '2022-09-27 11:05:15'),
(413, 12, 'Added a new charge, Laundry amounting ₱180', 2, '119.92.137.197', '2022-09-27 11:05:30'),
(414, 30, '<b>411 SST</b> → Added <b>1 Others</b> - <b>Laundry</b> amounting ₱<b>180</b> each', 0, '122.3.206.239', '2022-09-27 11:08:01'),
(415, 18, 'User logged in', 1, '119.92.137.197', '2022-09-27 11:15:50'),
(416, 30, '<b>HDF00121</b> → Added <b>room</b> payment to <b>411 SST</b> using <b>cash</b> amounting ₱<b>3,112</b>', 0, '122.3.206.239', '2022-09-27 11:18:16'),
(417, 18, 'User logged in', 1, '119.92.137.197', '2022-09-27 11:22:59'),
(418, 30, '<b>HDF00121</b> → Successfully completed order!', 0, '122.3.206.239', '2022-09-27 11:27:13'),
(419, 30, '<b>HDF00119</b> → Successfully completed order!', 0, '122.3.206.239', '2022-09-27 12:42:24'),
(420, 30, 'Checked in a reservation: #HDF00133', 0, '122.3.206.239', '2022-09-27 12:42:58'),
(421, 30, 'Cancelled a booking: #HDF00129', 4, '122.3.206.239', '2022-09-27 12:45:34'),
(422, 30, 'Cancelled a booking: #HDF00129', 4, '122.3.206.239', '2022-09-27 12:45:35'),
(423, 30, '<b>204 DK</b> → Changed room from <b>DK 304</b> 2 nights 09/27/2022 - 09/29/2022 to <b>204 DK</b> 2 nights 09/27/2022 - 09/29/2022', 0, '122.3.206.239', '2022-09-27 12:46:12'),
(424, 30, 'Reserved SUSAN  BACAYO in room 304', 0, '122.3.206.239', '2022-09-27 12:47:50'),
(425, 30, 'Cancelled a reservation: #HDF00137', 4, '122.3.206.239', '2022-09-27 12:48:22'),
(426, 30, 'Reserved SUSAN BACAYU in room 304', 0, '122.3.206.239', '2022-09-27 12:49:04'),
(427, 30, '<b>204 DK</b> → Removed <b>1</b> <b>Early & Late Charges</b> - <b>Early Check In</b> amounting ₱<b>560</b> each', 0, '122.3.206.239', '2022-09-27 12:56:29'),
(428, 30, '<b>HDF00133</b> → Added <b>room</b> payment to <b>204 DK</b> using <b>cash</b> amounting ₱<b>5,800</b>', 0, '122.3.206.239', '2022-09-27 12:58:12'),
(429, 30, 'Cancelled a reservation: #HDF00136', 4, '122.3.206.239', '2022-09-27 13:36:44'),
(430, 30, 'Cancelled a reservation: #HDF00134', 4, '122.3.206.239', '2022-09-27 13:37:07'),
(431, 30, 'Reserved RAMIL TANDOC in room 411', 0, '122.3.206.239', '2022-09-27 13:37:57'),
(432, 30, '<b>202 DT</b> → Checked out room <b>1 night</b> from <b>09/26/2022</b> to <b>09/27/2022</b>', 0, '122.3.206.239', '2022-09-27 14:26:53'),
(433, 30, '<b>203 DT</b> → Checked out room <b>1 night</b> from <b>09/26/2022</b> to <b>09/27/2022</b>', 0, '122.3.206.239', '2022-09-27 14:31:58'),
(434, 30, '<b>208 DT</b> → Checked out room <b>1 night</b> from <b>09/26/2022</b> to <b>09/27/2022</b>', 0, '122.3.206.239', '2022-09-27 14:32:30'),
(435, 30, '<b>209 DT</b> → Checked out room <b>1 night</b> from <b>09/26/2022</b> to <b>09/27/2022</b>', 0, '122.3.206.239', '2022-09-27 14:32:49'),
(436, 30, '<b>302 DT</b> → Checked out room <b>1 night</b> from <b>09/26/2022</b> to <b>09/27/2022</b>', 0, '122.3.206.239', '2022-09-27 14:33:11'),
(437, 30, '<b>304 DK</b> → Checked out room <b>1 night</b> from <b>09/26/2022</b> to <b>09/27/2022</b>', 0, '122.3.206.239', '2022-09-27 14:33:40'),
(438, 30, 'Checked in a reservation: #HDF00124', 0, '122.3.206.239', '2022-09-27 14:34:55'),
(439, 30, '<b>201 ES</b> → Removed <b>1</b> <b>Early & Late Charges</b> - <b>Early Check In</b> amounting ₱<b>560</b> each', 0, '122.3.206.239', '2022-09-27 14:35:04'),
(440, 18, 'User logged in', 1, '119.92.137.197', '2022-09-27 15:00:44'),
(441, 18, 'User logged in', 1, '49.145.102.23', '2022-09-27 15:12:05'),
(442, 18, 'User logged out', 1, '49.145.102.23', '2022-09-27 15:13:14'),
(443, 18, 'User logged in', 1, '49.145.102.23', '2022-09-27 15:15:19'),
(444, 30, '<b>204 DK</b> → Changed room from <b>DK 204</b> 2 nights 09/27/2022 - 09/29/2022 to <b>204 DK</b> 1 night 09/27/2022 - 09/28/2022', 0, '122.3.206.239', '2022-09-27 15:49:04'),
(445, 30, 'User logged out', 1, '122.3.206.239', '2022-09-27 15:49:17'),
(446, 39, 'User logged in', 1, '122.3.206.239', '2022-09-27 15:49:28'),
(447, 39, 'Reserved HERMINON  GULMATICO in room 204', 0, '122.3.206.239', '2022-09-27 15:50:21'),
(448, 39, 'Reserved ELAINE   TY in room 301', 0, '122.3.206.239', '2022-09-27 15:52:53'),
(449, 39, 'Updated reservation details of <b> ELAINE    TY ', 4, '122.3.206.239', '2022-09-27 15:53:02'),
(450, 39, 'Updated reservation details of <b> ELAINE    TY ', 4, '122.3.206.239', '2022-09-27 15:53:14'),
(451, 39, 'Reserved PBSP PBSP in room 303', 0, '122.3.206.239', '2022-09-27 15:54:35'),
(452, 39, 'Updated reservation details of <b> PBSP  PBSP ', 4, '122.3.206.239', '2022-09-27 15:56:26'),
(453, 39, 'Reserved DELLE TRICY MICOLE CAFE in room 304', 0, '122.3.206.239', '2022-09-27 16:04:40'),
(454, 39, 'Updated reservation details of <b> PBSP  PBSP ', 4, '122.3.206.239', '2022-09-27 16:05:21'),
(455, 39, 'Updated reservation details of <b> PBSP  . ', 4, '122.3.206.239', '2022-09-27 16:05:46'),
(456, 39, 'Reserved PBSP . in room 402', 0, '122.3.206.239', '2022-09-27 16:06:11'),
(457, 39, 'Reserved PBSP . in room 403', 0, '122.3.206.239', '2022-09-27 16:06:44'),
(458, 39, 'Reserved BRYAN KING in room 408', 0, '122.3.206.239', '2022-09-27 16:08:31'),
(459, 39, 'Reserved MARY JANE  TRINKS  in room 409', 0, '122.3.206.239', '2022-09-27 16:12:05'),
(460, 39, 'Reserved CHARLES LEO  ABALLE in room 411', 0, '122.3.206.239', '2022-09-27 16:13:05'),
(461, 39, 'Reserved GERLIE  LOYOLA in room 413', 0, '122.3.206.239', '2022-09-27 16:14:10'),
(462, 39, 'Reserved SAMUEL  OBAYAN in room 414', 0, '122.3.206.239', '2022-09-27 16:15:07'),
(463, 39, 'Reserved JOHN RUSSEL  PERAS in room 201', 0, '122.3.206.239', '2022-09-27 16:17:41'),
(464, 39, 'Reserved LEYTE  DIVISION  in room 204', 0, '122.3.206.239', '2022-09-27 16:18:58'),
(465, 39, 'Reserved LGU  BABATNGON  in room 205', 0, '122.3.206.239', '2022-09-27 16:56:49'),
(466, 39, 'Updated reservation details of <b> LGU  BABATNGON  ', 4, '122.3.206.239', '2022-09-27 16:57:26'),
(467, 39, 'Reserved LGU  BABATNGON in room 206', 0, '122.3.206.239', '2022-09-27 16:58:17'),
(468, 39, 'Reserved LEYTE DIVISION in room 207', 0, '122.3.206.239', '2022-09-27 17:00:20'),
(469, 39, 'Reserved LEYTE  DIVISION  in room 304', 0, '122.3.206.239', '2022-09-27 17:01:03'),
(470, 39, 'Reserved ELAINE   TY in room 305', 0, '122.3.206.239', '2022-09-27 17:02:13'),
(471, 39, 'Reserved LGU BABATNGON  in room 306', 0, '122.3.206.239', '2022-09-27 17:03:37'),
(472, 39, 'Updated reservation details of <b> LGU  BABATNGON  ', 4, '122.3.206.239', '2022-09-27 17:04:13'),
(473, 39, 'Reserved LGU  BABATNGON  in room 404', 0, '122.3.206.239', '2022-09-27 17:18:06'),
(474, 39, 'Reserved LGU BABATNGON  in room 405', 0, '122.3.206.239', '2022-09-27 17:36:26'),
(475, 39, 'Reserved LEYTE DIVISION  in room 406', 0, '122.3.206.239', '2022-09-27 17:37:32'),
(476, 39, 'Reserved LEYTE DIVISION  in room 407', 0, '122.3.206.239', '2022-09-27 17:37:58'),
(477, 39, 'Reserved LEYTE DIVISION  in room 408', 0, '122.3.206.239', '2022-09-27 17:38:17'),
(478, 39, 'Reserved LEYTE DIVISION  in room 409', 0, '122.3.206.239', '2022-09-27 17:38:38'),
(479, 39, 'Reserved REYNANTE RAMILO in room 414', 0, '122.3.206.239', '2022-09-27 17:41:19'),
(480, 39, 'Reserved ADAM  HUMPHREYS in room 415', 0, '122.3.206.239', '2022-09-27 17:42:29'),
(481, 39, '<b>HDF00122</b> → Updated guest details', 0, '122.3.206.239', '2022-09-27 17:44:22'),
(482, 39, '<b>416 SST</b> → Changed room from <b>SST 416</b> 2 nights 09/26/2022 - 09/28/2022 to <b>416 SST</b> 4 nights 09/26/2022 - 09/30/2022', 0, '122.3.206.239', '2022-09-27 17:45:12'),
(483, 34, 'User logged in', 1, '49.145.96.9', '2022-09-27 18:01:17'),
(484, 34, 'User logged in', 1, '49.145.96.9', '2022-09-27 18:02:52'),
(485, 34, 'User logged in', 1, '49.145.96.9', '2022-09-27 18:03:40'),
(486, 39, 'Reserved JOHN RUSSEL  PERAS in room 301', 0, '122.3.206.239', '2022-09-27 19:31:27'),
(487, 39, 'Reserved LEYTE  DIVISION  in room 307', 0, '122.3.206.239', '2022-09-27 19:32:26'),
(488, 39, 'Reserved PBSP . in room 308', 0, '122.3.206.239', '2022-09-27 19:33:40'),
(489, 39, 'Reserved PBSP . in room 309', 0, '122.3.206.239', '2022-09-27 19:34:01'),
(490, 39, 'Updated reservation details of <b> PBSP  . ', 4, '122.3.206.239', '2022-09-27 19:34:55'),
(491, 39, 'Cancelled a reservation: #HDF00166', 4, '122.3.206.239', '2022-09-27 19:36:52'),
(492, 39, 'Reserved ADAM  HUMPHREYS in room 413', 0, '122.3.206.239', '2022-09-27 19:37:21'),
(493, 39, 'Reserved RHEA  DEZALESA in room 415', 0, '122.3.206.239', '2022-09-27 19:38:00'),
(494, 39, 'Reserved PRECOUS NADINE  NAPOLI in room 201', 0, '122.3.206.239', '2022-09-27 19:39:45'),
(495, 39, 'Reserved JEAN . in room 204', 0, '122.3.206.239', '2022-09-27 19:40:50'),
(496, 39, 'Updated reservation details of <b> LGU  BABATNGON  ', 4, '122.3.206.239', '2022-09-27 19:41:25'),
(497, 39, 'Updated reservation details of <b> LGU  BABATNGON  ', 4, '122.3.206.239', '2022-09-27 19:41:42'),
(498, 39, 'Reserved PRECOUS NADINE  NAPOLI in room 210', 0, '122.3.206.239', '2022-09-27 19:42:59'),
(499, 39, 'Cancelled a reservation: #HDF00172', 4, '122.3.206.239', '2022-09-27 19:55:27'),
(500, 39, 'Cancelled a reservation: #HDF00171', 4, '122.3.206.239', '2022-09-27 19:55:54'),
(501, 39, 'Reserved ADAM  HUMPHREYS in room 415', 0, '122.3.206.239', '2022-09-27 20:02:17'),
(502, 39, 'Reserved RHEA  DEZALESA in room 413', 0, '122.3.206.239', '2022-09-27 20:03:56'),
(503, 39, 'Reserved ETHEL  DACURAWAT in room 411', 0, '122.3.206.239', '2022-09-27 20:05:00'),
(504, 39, 'Reserved TALITA  ARPON  in room 413', 0, '122.3.206.239', '2022-09-27 20:05:58');
INSERT INTO `user_logs` (`id`, `user_id`, `content`, `log_type`, `ip_address`, `date_entered`) VALUES
(505, 39, 'Reserved ROSITA VARIS in room 401', 0, '122.3.206.239', '2022-09-27 20:07:00'),
(506, 39, 'Cancelled a reservation: #HDF00125', 4, '122.3.206.239', '2022-09-27 20:19:15'),
(507, 39, 'Cancelled a reservation: #HDF00126', 4, '122.3.206.239', '2022-09-27 20:19:27'),
(508, 39, 'Cancelled a reservation: #HDF00130', 4, '122.3.206.239', '2022-09-27 20:19:36'),
(509, 39, 'Cancelled a reservation: #HDF00131', 4, '122.3.206.239', '2022-09-27 20:19:44'),
(510, 39, 'Cancelled a reservation: #HDF00132', 4, '122.3.206.239', '2022-09-27 20:19:53'),
(511, 39, 'Cancelled a reservation: #HDF00142', 4, '122.3.206.239', '2022-09-27 20:20:05'),
(512, 39, 'Cancelled a reservation: #HDF00144', 4, '122.3.206.239', '2022-09-27 20:20:22'),
(513, 39, 'Cancelled a reservation: #HDF00145', 4, '122.3.206.239', '2022-09-27 20:20:37'),
(514, 39, 'Cancelled a reservation: #HDF00169', 4, '122.3.206.239', '2022-09-27 20:20:47'),
(515, 39, 'Cancelled a reservation: #HDF00170', 4, '122.3.206.239', '2022-09-27 20:20:56'),
(516, 39, 'Booked GEORGE  DELA CRUZ in room 203', 0, '122.3.206.239', '2022-09-27 20:21:46'),
(517, 39, 'Booked NIKA  CANEDO in room 413', 0, '122.3.206.239', '2022-09-27 20:22:53'),
(518, 39, 'Checked in a reservation: #HDF00138', 0, '122.3.206.239', '2022-09-27 20:23:33'),
(519, 39, 'Reserved LISA GON-GON in room 202', 0, '122.3.206.239', '2022-09-27 20:26:19'),
(520, 39, 'Updated reservation details of <b> SAMUEL   OBAYAN ', 4, '122.3.206.239', '2022-09-27 22:11:24'),
(521, 37, 'User logged in', 1, '122.3.206.239', '2022-09-28 13:12:34'),
(522, 18, 'User logged in', 1, '119.92.137.197', '2022-09-28 17:19:13'),
(523, 30, 'User logged in', 1, '122.3.206.239', '2022-09-28 22:28:58'),
(524, 30, 'Cancelled a reservation: #HDF00146', 4, '122.3.206.239', '2022-09-28 23:55:08'),
(525, 30, '<b>HDF00133</b> → Added refund amount of ₱<b>2,900</b> to <b>204 DK</b> with a reason of <b>GUEST COMOLAIN THAT HIS ROOM IS NOISY.</b>', 0, '122.3.206.239', '2022-09-28 23:59:45'),
(526, 34, 'User logged in', 1, '119.92.137.197', '2022-09-29 08:37:53'),
(527, 18, 'User logged in', 1, '119.92.137.197', '2022-09-29 09:06:18'),
(528, 34, 'User logged in', 1, '119.92.137.197', '2022-09-29 09:19:27'),
(529, 39, 'User logged in', 1, '122.3.206.239', '2022-09-29 10:10:08'),
(530, 39, 'Cancelled a reservation: #HDF00141', 4, '122.3.206.239', '2022-09-29 10:12:44'),
(531, 39, 'Cancelled a reservation: #HDF00140', 4, '122.3.206.239', '2022-09-29 10:13:30'),
(532, 39, 'Reserved SHERYL MAKABENTA BAUTISTA  MAKABENTA BAUTISTA in room 210', 0, '122.3.206.239', '2022-09-29 10:17:54'),
(533, 39, 'Updated reservation details of <b> SHERYL MAKABENTA BAUTISTA   MAKABENTA BAUTISTA ', 4, '122.3.206.239', '2022-09-29 10:18:14'),
(534, 39, 'Booked CHARLES LEO  ABALLE in room 403', 0, '122.3.206.239', '2022-09-29 10:19:47'),
(535, 39, 'Reserved LGU BABATNGON  in room 203', 0, '122.3.206.239', '2022-09-29 10:21:38'),
(536, 39, 'Cancelled a reservation: #HDF00156', 4, '122.3.206.239', '2022-09-29 10:22:14'),
(537, 39, 'Booked LEYTE DIVISION  in room 304', 0, '122.3.206.239', '2022-09-29 10:23:02'),
(538, 39, '<b>HDF00187</b> → Updated guest details', 0, '122.3.206.239', '2022-09-29 10:23:16'),
(539, 39, 'Cancelled a reservation: #HDF00159', 4, '122.3.206.239', '2022-09-29 10:24:17'),
(540, 39, 'Updated reservation details of <b> ELAINE    TY ', 4, '122.3.206.239', '2022-09-29 10:25:59'),
(541, 39, 'Cancelled a reservation: #HDF00162', 4, '122.3.206.239', '2022-09-29 10:26:38'),
(542, 39, 'Cancelled a reservation: #HDF00163', 4, '122.3.206.239', '2022-09-29 10:27:53'),
(543, 39, 'Cancelled a reservation: #HDF00164', 4, '122.3.206.239', '2022-09-29 10:28:10'),
(544, 39, 'Reserved RHEA   DEZALESA in room 411', 0, '122.3.206.239', '2022-09-29 10:29:39'),
(545, 39, 'Cancelled a reservation: #HDF00188', 4, '122.3.206.239', '2022-09-29 10:30:17'),
(546, 39, 'Cancelled a reservation: #HDF00148', 4, '122.3.206.239', '2022-09-29 10:30:34'),
(547, 39, 'Reserved RHEA  DEZALESA in room 411', 0, '122.3.206.239', '2022-09-29 10:31:34'),
(548, 39, 'Cancelled a reservation: #HDF00177', 4, '122.3.206.239', '2022-09-29 10:31:50'),
(549, 39, 'Cancelled a reservation: #HDF00186', 4, '122.3.206.239', '2022-09-29 10:32:49'),
(550, 39, 'Cancelled a reservation: #HDF00179', 4, '122.3.206.239', '2022-09-29 10:35:11'),
(551, 39, 'Reserved TALITA ARPON  in room 408', 0, '122.3.206.239', '2022-09-29 10:35:47'),
(552, 39, 'Reserved ADAM  HUMPHREYS in room 412', 0, '122.3.206.239', '2022-09-29 10:41:26'),
(553, 39, 'Reserved MELANIE MANITANI in room 404', 0, '122.3.206.239', '2022-09-29 10:48:27'),
(554, 39, 'Reserved MELANIE MANITANI in room 403', 0, '122.3.206.239', '2022-09-29 10:48:55'),
(555, 39, 'Updated reservation details of <b> ADAM   HUMPHREYS ', 4, '122.3.206.239', '2022-09-29 10:50:13'),
(556, 39, '<b>HDF00122</b> → Updated guest details', 0, '122.3.206.239', '2022-09-29 10:51:11'),
(557, 18, 'User logged in', 1, '119.92.137.197', '2022-09-29 11:09:23'),
(558, 34, 'User logged in', 1, '119.92.137.197', '2022-09-29 11:09:31'),
(559, 18, 'User logged out', 1, '119.92.137.197', '2022-09-29 11:13:51'),
(560, 12, 'User logged in', 1, '119.92.137.197', '2022-09-29 11:13:56'),
(561, 12, 'Updated guest details of SHERYL MAKABENTA BAUTISTA', 0, '119.92.137.197', '2022-09-29 11:17:44'),
(562, 39, '<b>405 ER</b> → Checked out room <b>3 nights</b> from <b>09/26/2022</b> to <b>09/29/2022</b>', 0, '122.3.206.239', '2022-09-29 12:48:20'),
(563, 39, '<b>412 SSK</b> → Checked out room <b>3 nights</b> from <b>09/26/2022</b> to <b>09/29/2022</b>', 0, '122.3.206.239', '2022-09-29 12:49:07'),
(564, 39, '<b>307 DK</b> → Checked out room <b>2 nights</b> from <b>09/27/2022</b> to <b>09/29/2022</b>', 0, '122.3.206.239', '2022-09-29 12:49:50'),
(565, 39, '<b>307 DK</b> → Checked out room <b>1 night</b> from <b>09/26/2022</b> to <b>09/27/2022</b>', 0, '122.3.206.239', '2022-09-29 12:49:56'),
(566, 39, '<b>205 ER</b> → Checked out room <b>3 nights</b> from <b>09/26/2022</b> to <b>09/29/2022</b>', 0, '122.3.206.239', '2022-09-29 12:50:30'),
(567, 39, '<b>404 DK</b> → Checked out room <b>3 nights</b> from <b>09/26/2022</b> to <b>09/29/2022</b>', 0, '122.3.206.239', '2022-09-29 12:50:57'),
(568, 39, '<b>406 ER</b> → Checked out room <b>3 nights</b> from <b>09/26/2022</b> to <b>09/29/2022</b>', 0, '122.3.206.239', '2022-09-29 12:51:27'),
(569, 39, '<b>306 ER</b> → Checked out room <b>2 nights</b> from <b>09/27/2022</b> to <b>09/29/2022</b>', 0, '122.3.206.239', '2022-09-29 12:52:23'),
(570, 39, '<b>306 ER</b> → Checked out room <b>1 night</b> from <b>09/26/2022</b> to <b>09/27/2022</b>', 0, '122.3.206.239', '2022-09-29 12:52:29'),
(571, 39, '<b>305 ER</b> → Checked out room <b>2 nights</b> from <b>09/27/2022</b> to <b>09/29/2022</b>', 0, '122.3.206.239', '2022-09-29 12:53:24'),
(572, 39, '<b>305 ER</b> → Checked out room <b>1 night</b> from <b>09/26/2022</b> to <b>09/27/2022</b>', 0, '122.3.206.239', '2022-09-29 12:53:29'),
(573, 39, '<b>407 DK</b> → Checked out room <b>1 night</b> from <b>09/26/2022</b> to <b>09/27/2022</b>', 0, '122.3.206.239', '2022-09-29 12:53:48'),
(574, 39, 'Cancelled a reservation: #HDF00160', 4, '122.3.206.239', '2022-09-29 14:18:46'),
(575, 39, 'User logged out', 1, '122.3.206.239', '2022-09-29 14:20:06'),
(576, 40, 'User logged in', 1, '122.3.206.239', '2022-09-29 14:20:29'),
(577, 30, 'User logged in', 1, '122.3.206.239', '2022-09-30 07:55:44'),
(578, 30, 'Cancelled a reservation: #HDF00157', 4, '122.3.206.239', '2022-09-30 08:19:30'),
(579, 30, 'Updated reservation details of <b> WHELAN  BADEN ', 4, '122.3.206.239', '2022-09-30 08:19:45'),
(580, 30, 'Cancelled a reservation: #HDF00151', 4, '122.3.206.239', '2022-09-30 08:20:40'),
(581, 30, 'Cancelled a reservation: #HDF00152', 4, '122.3.206.239', '2022-09-30 08:27:33'),
(582, 30, 'Cancelled a reservation: #HDF00153', 4, '122.3.206.239', '2022-09-30 08:27:46'),
(583, 30, 'Cancelled a reservation: #HDF00154', 4, '122.3.206.239', '2022-09-30 08:27:55'),
(584, 30, 'Cancelled a reservation: #HDF00155', 4, '122.3.206.239', '2022-09-30 08:28:03'),
(585, 30, 'Cancelled a reservation: #HDF00184', 4, '122.3.206.239', '2022-09-30 08:28:12'),
(586, 30, 'Cancelled a reservation: #HDF00167', 4, '122.3.206.239', '2022-09-30 08:28:21'),
(587, 30, 'Cancelled a reservation: #HDF00158', 4, '122.3.206.239', '2022-09-30 08:28:29'),
(588, 30, 'Cancelled a reservation: #HDF00168', 4, '122.3.206.239', '2022-09-30 08:28:37'),
(589, 30, 'Cancelled a reservation: #HDF00161', 4, '122.3.206.239', '2022-09-30 08:28:45'),
(590, 30, 'Cancelled a reservation: #HDF00189', 4, '122.3.206.239', '2022-09-30 08:28:52'),
(591, 30, 'Cancelled a reservation: #HDF00191', 4, '122.3.206.239', '2022-09-30 08:29:00'),
(592, 30, 'Cancelled a reservation: #HDF00165', 4, '122.3.206.239', '2022-09-30 08:29:08'),
(593, 30, 'Cancelled a reservation: #HDF00176', 4, '122.3.206.239', '2022-09-30 08:29:20'),
(594, 30, 'Cancelled a reservation: #HDF00173', 4, '122.3.206.239', '2022-09-30 08:30:48'),
(595, 30, 'User logged out', 1, '122.3.206.239', '2022-09-30 08:30:52'),
(596, 39, 'User logged in', 1, '122.3.206.239', '2022-09-30 08:31:02'),
(597, 39, 'Reserved LEYTE DIVISION  in room 203', 0, '122.3.206.239', '2022-09-30 08:32:58'),
(598, 39, 'Reserved MARIFE CUYOS in room 205', 0, '122.3.206.239', '2022-09-30 08:33:59'),
(599, 39, 'Reserved ATTY. JOSE CRISOSTOMO  GUADES in room 207', 0, '122.3.206.239', '2022-09-30 08:35:26'),
(600, 39, 'Updated reservation details of <b> ATTY. JOSE CRISOSTOMO    GUADES ', 4, '122.3.206.239', '2022-09-30 08:36:38'),
(601, 39, 'Reserved THEA  ARPON in room 208', 0, '122.3.206.239', '2022-09-30 08:37:30'),
(602, 39, 'Reserved ROSE MAE  CADIS  in room 209', 0, '122.3.206.239', '2022-09-30 08:38:55'),
(603, 39, 'Cancelled a reservation: #HDF00175', 4, '122.3.206.239', '2022-09-30 08:39:11'),
(604, 39, 'Reserved IMELDA  SINGSON in room 301', 0, '122.3.206.239', '2022-09-30 08:40:53'),
(605, 39, 'Reserved MYLENE  CHAPMAN  in room 302', 0, '122.3.206.239', '2022-09-30 08:42:12'),
(606, 39, 'Reserved LUCY  ALAS in room 307', 0, '122.3.206.239', '2022-09-30 08:43:12'),
(607, 39, 'Cancelled a reservation: #HDF00193', 4, '122.3.206.239', '2022-09-30 08:43:58'),
(608, 39, 'Cancelled a reservation: #HDF00192', 4, '122.3.206.239', '2022-09-30 08:44:08'),
(609, 39, 'Reserved CHARLIE  TY in room 403', 0, '122.3.206.239', '2022-09-30 08:45:09'),
(610, 39, 'Reserved PRECOUS NADINE  NAPOLI in room 405', 0, '122.3.206.239', '2022-09-30 08:45:55'),
(611, 39, 'Reserved PRECOUS NADINE  NAPOLI in room 406', 0, '122.3.206.239', '2022-09-30 08:46:46'),
(612, 39, 'Reserved ELVIRA  LAZARRA in room 407', 0, '122.3.206.239', '2022-09-30 08:47:37'),
(613, 39, 'Updated reservation details of <b> TALITA  ARPON  ', 4, '122.3.206.239', '2022-09-30 08:48:12'),
(614, 39, 'Updated reservation details of <b> ETHEL   DACURAWAT ', 4, '122.3.206.239', '2022-09-30 08:49:02'),
(615, 39, 'Cancelled a reservation: #HDF00201', 4, '122.3.206.239', '2022-09-30 09:40:17'),
(616, 39, 'Booked LUCY  ALAS in room 409', 0, '122.3.206.239', '2022-09-30 09:41:03'),
(617, 39, '<b>HDF00206</b> → Added <b>room</b> payment to <b>409 DT</b> using <b>cash</b> amounting ₱<b>2,900</b>', 0, '122.3.206.239', '2022-09-30 09:42:21'),
(618, 39, '<b>HDF00206</b> → Added <b>addons</b> payment to <b>409 DT</b> using <b>cash</b> amounting ₱<b>560</b>', 0, '122.3.206.239', '2022-09-30 09:42:44'),
(619, 39, 'Booked GABUNAOAS SOFRONIO in room 309', 0, '122.3.206.239', '2022-09-30 09:52:04'),
(620, 39, '<b>HDF00207</b> → Added <b>room</b> payment to <b>309 DT</b> using <b>cash</b> amounting ₱<b>2,900</b>', 0, '122.3.206.239', '2022-09-30 09:52:21'),
(621, 39, '<b>HDF00207</b> → Added <b>addons</b> payment to <b>309 DT</b> using <b>cash</b> amounting ₱<b>560</b>', 0, '122.3.206.239', '2022-09-30 09:52:34'),
(622, 39, '<b>HDF00207</b> → Updated guest details', 0, '122.3.206.239', '2022-09-30 10:03:57'),
(623, 39, 'Reserved RONA ROSA MAE  MILITANTE in room 307', 0, '122.3.206.239', '2022-09-30 10:55:33'),
(624, 18, 'User logged in', 1, '119.92.137.197', '2022-09-30 11:01:19'),
(625, 34, 'User logged in', 1, '119.92.137.197', '2022-09-30 11:09:10'),
(626, 18, 'User logged in', 1, '119.92.137.197', '2022-09-30 11:34:58'),
(631, 18, 'Added new guest, Sofronio  Gabunaoas', 2, '119.92.137.197', '2022-09-30 12:06:54'),
(632, 18, 'Added new guest, Rona Rosa Mae  Militante', 2, '119.92.137.197', '2022-09-30 12:07:40'),
(633, 18, 'Updated guest details of LUCY  ALAS', 0, '119.92.137.197', '2022-09-30 12:08:36'),
(634, 18, 'Updated guest details of SOFRONIO  GABUNAOAS', 0, '119.92.137.197', '2022-09-30 12:08:49'),
(635, 18, 'Updated guest details of RONA ROSA MAE  MILITANTE', 0, '119.92.137.197', '2022-09-30 12:09:02'),
(636, 18, 'User logged in', 1, '119.92.137.197', '2022-09-30 17:12:36'),
(637, 34, 'User logged in', 1, '119.92.137.197', '2022-09-30 17:15:45'),
(638, 18, 'User logged in', 1, '119.92.137.197', '2022-09-30 17:44:15'),
(639, 18, 'User logged in', 1, '111.90.211.232', '2022-09-30 22:32:57'),
(640, 37, 'User logged in', 1, '122.3.206.239', '2022-10-01 01:54:10'),
(641, 37, 'User logged in', 1, '122.3.206.239', '2022-10-01 01:59:16'),
(642, 37, 'Updated reservation details of <b> INTERNATIONAL  JUSTICE ', 4, '122.3.206.239', '2022-10-01 01:59:35'),
(643, 37, 'Updated reservation details of <b> suzette  ogayo ', 4, '122.3.206.239', '2022-10-01 02:00:07'),
(644, 37, 'Reserved sfdgfg fgfghgh in room 308', 0, '122.3.206.239', '2022-10-01 02:00:34'),
(645, 37, 'Updated reservation details of <b> sfdgfg ghgh fgfghgh ', 4, '122.3.206.239', '2022-10-01 02:00:46'),
(646, 37, 'Cancelled a reservation: #HDF00209', 4, '122.3.206.239', '2022-10-01 02:01:23'),
(647, 37, 'User logged in', 1, '122.3.206.239', '2022-10-01 04:26:55'),
(648, 37, 'User logged in', 1, '122.3.206.239', '2022-10-01 04:26:55'),
(649, 37, 'Reserved JOSHUA BANTE in room 206', 0, '122.3.206.239', '2022-10-01 04:28:00'),
(650, 37, 'Updated reservation details of <b> EVELYN  PALDEZ ', 4, '122.3.206.239', '2022-10-01 04:28:14'),
(651, 37, 'Updated reservation details of <b> JOSHUA  BANTE ', 4, '122.3.206.239', '2022-10-01 04:36:31'),
(652, 37, 'Updated reservation details of <b> EVELYN  PALDEZ ', 4, '122.3.206.239', '2022-10-01 04:37:09'),
(653, 37, 'Updated reservation details of <b> JOSHUA  BANTE ', 4, '122.3.206.239', '2022-10-01 04:38:21'),
(654, 37, 'Updated reservation details of <b> EVELYN  PALDEZ ', 4, '122.3.206.239', '2022-10-01 04:39:13'),
(655, 37, 'Reserved SUZETTE OGOYO in room 210', 0, '122.3.206.239', '2022-10-01 04:40:15'),
(656, 37, 'Reserved WENCESLAO CATANGAY JR. in room 307', 0, '122.3.206.239', '2022-10-01 04:41:55'),
(657, 37, 'Reserved FLORA MAE ALEBIO in room 308', 0, '122.3.206.239', '2022-10-01 04:42:57'),
(658, 37, 'Reserved GWENDOLYN REMANDEMAN in room 309', 0, '122.3.206.239', '2022-10-01 04:43:57'),
(659, 37, 'Updated reservation details of <b> JOCELYN  DEZER ', 4, '122.3.206.239', '2022-10-01 04:45:20'),
(660, 37, 'Reserved FLORA MAE ALEBIO in room 310', 0, '122.3.206.239', '2022-10-01 04:46:06'),
(661, 37, 'Reserved RITCHIE VELASCO in room 401', 0, '122.3.206.239', '2022-10-01 04:46:59'),
(662, 37, 'Reserved JOSILITO BARONO in room 402', 0, '122.3.206.239', '2022-10-01 04:48:24'),
(663, 37, 'Reserved REGIE JAY CERENO in room 403', 0, '122.3.206.239', '2022-10-01 04:50:15'),
(664, 37, 'Reserved DARWIN ALYSSA in room 404', 0, '122.3.206.239', '2022-10-01 04:52:54'),
(665, 37, 'Cancelled a reservation: #HDF00083', 4, '122.3.206.239', '2022-10-01 07:08:22'),
(666, 37, 'Cancelled a reservation: #HDF00084', 4, '122.3.206.239', '2022-10-01 07:08:33'),
(667, 37, 'Cancelled a reservation: #HDF00085', 4, '122.3.206.239', '2022-10-01 07:08:55'),
(668, 37, 'Cancelled a reservation: #HDF00086', 4, '122.3.206.239', '2022-10-01 07:09:09'),
(669, 37, 'Cancelled a reservation: #HDF00087', 4, '122.3.206.239', '2022-10-01 07:09:19'),
(670, 37, 'Cancelled a reservation: #HDF00088', 4, '122.3.206.239', '2022-10-01 07:09:27'),
(671, 37, 'Cancelled a reservation: #HDF00090', 4, '122.3.206.239', '2022-10-01 07:09:36'),
(672, 37, 'Cancelled a reservation: #HDF00091', 4, '122.3.206.239', '2022-10-01 07:09:45'),
(673, 37, 'Cancelled a reservation: #HDF00092', 4, '122.3.206.239', '2022-10-01 07:09:53'),
(674, 37, 'Cancelled a reservation: #HDF00080', 4, '122.3.206.239', '2022-10-01 07:10:38'),
(675, 37, 'Cancelled a reservation: #HDF00194', 4, '122.3.206.239', '2022-10-01 07:13:01'),
(676, 18, 'User logged in', 1, '119.92.137.197', '2022-10-01 07:20:18'),
(677, 18, 'Reserved Jovin Maneja in room 201', 0, '119.92.137.197', '2022-10-01 07:22:44'),
(678, 18, 'Booked Ryan Rarugal in room 202', 0, '119.92.137.197', '2022-10-01 07:23:05'),
(679, 18, 'Cancelled a booking: #HDF00222', 4, '119.92.137.197', '2022-10-01 07:23:24'),
(680, 18, 'Reserved Ryan Rarugal in room 202', 0, '119.92.137.197', '2022-10-01 07:23:41'),
(681, 18, 'Cancelled a reservation: #HDF00221', 4, '119.92.137.197', '2022-10-01 07:24:14'),
(682, 18, 'Cancelled a reservation: #HDF00223', 4, '119.92.137.197', '2022-10-01 07:24:23'),
(683, 18, 'Reserved joseph vincent maneja in room 201', 0, '119.92.137.197', '2022-10-01 07:24:49'),
(684, 18, 'Booked jovin sedurante in room 202', 0, '119.92.137.197', '2022-10-01 07:25:10'),
(685, 18, 'Cancelled a booking: #HDF00225', 4, '119.92.137.197', '2022-10-01 07:25:22'),
(686, 18, 'Reserved jovin sedurante in room 202', 0, '119.92.137.197', '2022-10-01 07:25:51'),
(687, 18, 'Cancelled a reservation: #HDF00224', 4, '119.92.137.197', '2022-10-01 07:26:13'),
(688, 18, 'Cancelled a reservation: #HDF00226', 4, '119.92.137.197', '2022-10-01 07:26:19'),
(689, 18, 'Updated status of jovin  sedurante', 3, '119.92.137.197', '2022-10-01 07:26:55'),
(690, 18, 'Updated status of jovin  sedurante', 3, '119.92.137.197', '2022-10-01 07:27:01'),
(691, 37, 'Reserved JOSELITO BORONA in room 202', 0, '122.3.206.239', '2022-10-01 07:28:12'),
(692, 37, 'Reserved DAVES ADONO in room 203', 0, '122.3.206.239', '2022-10-01 07:29:16'),
(693, 37, 'User logged out', 1, '122.3.206.239', '2022-10-01 08:18:32'),
(694, 39, 'User logged in', 1, '122.3.206.239', '2022-10-01 08:18:41'),
(695, 39, 'Booked SUZETTE OGOYO in room 201', 0, '122.3.206.239', '2022-10-01 08:20:11'),
(696, 39, '<b>201 ES</b> → Removed <b>1</b> <b>Early & Late Charges</b> - <b>Early Check In</b> amounting ₱<b>560</b> each', 0, '122.3.206.239', '2022-10-01 08:20:58'),
(697, 39, 'Reserved DAVES ADONO in room 204', 0, '122.3.206.239', '2022-10-01 08:22:42'),
(698, 39, 'Updated reservation details of <b> JOSHUA  BANTE ', 4, '122.3.206.239', '2022-10-01 08:23:38'),
(699, 39, 'Reserved DANIEL  CABIGON in room 208', 0, '122.3.206.239', '2022-10-01 08:25:24'),
(700, 39, 'Reserved JULUIS RAMON  BASKE in room 302', 0, '122.3.206.239', '2022-10-01 08:29:00'),
(701, 39, 'Reserved FRANKIE  LONGARA in room 303', 0, '122.3.206.239', '2022-10-01 08:29:59'),
(702, 39, 'Reserved NELVIN  CABATINGAN in room 304', 0, '122.3.206.239', '2022-10-01 08:39:13'),
(703, 39, 'Cancelled a reservation: #HDF00081', 4, '122.3.206.239', '2022-10-01 08:39:47'),
(704, 39, 'Cancelled a reservation: #HDF00093', 4, '122.3.206.239', '2022-10-01 08:40:00'),
(705, 39, 'Reserved CONNIE FRANCIS  LELIS in room 305', 0, '122.3.206.239', '2022-10-01 08:41:39'),
(706, 39, 'Reserved LILIA/PHILIP  CUENVA in room 306', 0, '122.3.206.239', '2022-10-01 08:42:22'),
(707, 39, 'Cancelled a reservation: #HDF00215', 4, '122.3.206.239', '2022-10-01 08:42:51'),
(708, 39, 'Reserved GWENDOLYN  REMANDIMAN  in room 309', 0, '122.3.206.239', '2022-10-01 08:43:52'),
(709, 39, 'Updated reservation details of <b> RITCHIE  VELASCO ', 4, '122.3.206.239', '2022-10-01 08:44:38'),
(710, 39, 'Reserved IRENE LAZARRA in room 405', 0, '122.3.206.239', '2022-10-01 08:46:23'),
(711, 39, 'Reserved BANNY LABAGALA in room 406', 0, '122.3.206.239', '2022-10-01 08:47:28'),
(712, 39, 'User logged in', 1, '122.3.206.239', '2022-10-01 11:01:37'),
(713, 39, 'Reserved DARWIN/ALYSSA  CUEVA in room 409', 0, '122.3.206.239', '2022-10-01 11:10:58'),
(714, 39, 'Reserved MICA  OBZONAR in room 411', 0, '122.3.206.239', '2022-10-01 11:12:54'),
(715, 39, 'Reserved JV  OVEÑA in room 413', 0, '122.3.206.239', '2022-10-01 11:13:50'),
(716, 39, 'Reserved SISIL MARIE  ARIZZA in room 416', 0, '122.3.206.239', '2022-10-01 11:14:20'),
(717, 36, 'User logged in', 1, '122.3.206.239', '2022-10-01 16:02:02'),
(718, 36, 'Checked in a reservation: #HDF00227', 0, '122.3.206.239', '2022-10-01 16:14:54'),
(719, 36, 'Booked JEAN JEAN in room 207', 0, '122.3.206.239', '2022-10-01 16:16:39'),
(720, 36, 'Booked JOSE ALBERTO ALER in room 209', 0, '122.3.206.239', '2022-10-01 16:17:43'),
(721, 36, 'Checked in a reservation: #HDF00212', 0, '122.3.206.239', '2022-10-01 16:18:49'),
(722, 36, 'Checked in a reservation: #HDF00089', 0, '122.3.206.239', '2022-10-01 16:19:44'),
(723, 36, 'Checked in a reservation: #HDF00233', 0, '122.3.206.239', '2022-10-01 16:22:03'),
(724, 36, 'Checked in a reservation: #HDF00234', 0, '122.3.206.239', '2022-10-01 16:23:08'),
(725, 36, 'Updated reservation details of <b> NELIA/PHILIP  CUENVA ', 4, '122.3.206.239', '2022-10-01 16:24:10'),
(726, 36, 'Checked in a reservation: #HDF00235', 0, '122.3.206.239', '2022-10-01 16:24:17'),
(727, 36, 'Updated reservation details of <b> DARWIN  CUENVA ', 4, '122.3.206.239', '2022-10-01 16:25:08'),
(728, 36, 'Checked in a reservation: #HDF00214', 0, '122.3.206.239', '2022-10-01 16:25:19'),
(729, 36, 'Updated reservation details of <b> WENCESLAO  CATANGAY JR. ', 4, '122.3.206.239', '2022-10-01 16:27:09'),
(730, 36, 'Checked in a reservation: #HDF00218', 0, '122.3.206.239', '2022-10-01 16:27:17'),
(731, 36, 'Updated reservation details of <b> REGIE JAY  CERENO ', 4, '122.3.206.239', '2022-10-01 16:28:45'),
(732, 36, 'Checked in a reservation: #HDF00219', 0, '122.3.206.239', '2022-10-01 16:28:51'),
(733, 36, 'Checked in a reservation: #HDF00220', 0, '122.3.206.239', '2022-10-01 16:29:05'),
(734, 36, 'Updated reservation details of <b> VANESSA  ALINSAB ', 4, '122.3.206.239', '2022-10-01 16:30:01'),
(735, 36, 'Checked in a reservation: #HDF00238', 0, '122.3.206.239', '2022-10-01 16:30:06'),
(736, 36, 'Checked in a reservation: #HDF00239', 0, '122.3.206.239', '2022-10-01 16:30:29'),
(737, 36, 'Booked MYLENE CHAPMAN  in room 407', 0, '122.3.206.239', '2022-10-01 16:31:18'),
(738, 36, 'Updated reservation details of <b> NELVIN   CABATINGAN ', 4, '122.3.206.239', '2022-10-01 16:33:32'),
(739, 36, 'Checked in a reservation: #HDF00082', 0, '122.3.206.239', '2022-10-01 16:33:39'),
(740, 36, 'Updated reservation details of <b> JOCELYN  PEREZ ', 4, '122.3.206.239', '2022-10-01 16:34:51'),
(741, 36, 'Checked in a reservation: #HDF00240', 0, '122.3.206.239', '2022-10-01 16:34:56'),
(742, 36, 'Updated reservation details of <b> FUENTES  FEMAR ', 4, '122.3.206.239', '2022-10-01 16:35:39'),
(743, 36, 'Checked in a reservation: #HDF00094', 0, '122.3.206.239', '2022-10-01 16:35:44'),
(744, 36, 'Checked in a reservation: #HDF00241', 0, '122.3.206.239', '2022-10-01 16:35:58'),
(745, 36, 'Booked MAUREEN OVON in room 412', 0, '122.3.206.239', '2022-10-01 16:36:50'),
(746, 36, 'Booked JOSE NINO MASOLAS in room 414', 0, '122.3.206.239', '2022-10-01 16:37:57'),
(747, 36, 'Booked JV OVEÑA in room 415', 0, '122.3.206.239', '2022-10-01 16:38:58'),
(748, 36, 'Updated reservation details of <b> JV  OVEÑA ', 4, '122.3.206.239', '2022-10-01 16:41:04'),
(749, 36, '<b>HDF00235</b> → Updated guest details', 0, '122.3.206.239', '2022-10-01 16:47:18'),
(750, 36, 'Checked in a reservation: #HDF00211', 0, '122.3.206.239', '2022-10-01 17:02:23'),
(751, 36, 'Updated reservation details of <b> FRANKIE   LONGGARA ', 4, '122.3.206.239', '2022-10-01 17:03:35'),
(752, 36, 'Checked in a reservation: #HDF00228', 0, '122.3.206.239', '2022-10-01 17:32:42'),
(753, 36, 'Checked in a reservation: #HDF00230', 0, '122.3.206.239', '2022-10-01 17:32:50'),
(754, 36, 'Updated reservation details of <b> EVELYN  PALDEZ ', 4, '122.3.206.239', '2022-10-01 17:35:55'),
(755, 36, 'Checked in a reservation: #HDF00210', 0, '122.3.206.239', '2022-10-01 17:36:05'),
(756, 36, '<b>HDF00211</b> → Updated guest details', 0, '122.3.206.239', '2022-10-01 17:36:47'),
(757, 36, 'Updated reservation details of <b> NIKOLAS  HOYLE ', 4, '122.3.206.239', '2022-10-01 17:37:47'),
(758, 36, 'Checked in a reservation: #HDF00236', 0, '122.3.206.239', '2022-10-01 17:38:08'),
(759, 36, 'Checked in a reservation: #HDF00213', 0, '122.3.206.239', '2022-10-01 17:38:25'),
(760, 36, 'Checked in a reservation: #HDF00217', 0, '122.3.206.239', '2022-10-01 17:38:55'),
(761, 36, 'Checked in a reservation: #HDF00232', 0, '122.3.206.239', '2022-10-01 17:39:19'),
(762, 36, 'Checked in a reservation: #HDF00242', 0, '122.3.206.239', '2022-10-01 17:40:01'),
(763, 36, 'Checked in a reservation: #HDF00243', 0, '122.3.206.239', '2022-10-01 17:52:22'),
(764, 36, 'Checked in a reservation: #HDF00231', 0, '122.3.206.239', '2022-10-01 18:49:39'),
(765, 36, 'User logged in', 1, '122.3.206.239', '2022-10-01 20:53:13'),
(766, 36, 'Checked in a reservation: #HDF00216', 0, '122.3.206.239', '2022-10-01 20:53:21'),
(767, 30, 'User logged in', 1, '122.3.206.239', '2022-10-02 06:32:38'),
(768, 30, '<b>407 DK</b> → Booked room for <b>1 night</b> from <b>10/02/2022</b> to <b>10/03/2022</b>', 0, '122.3.206.239', '2022-10-02 06:33:16'),
(769, 30, '<b>310 ES</b> → Booked room for <b>1 night</b> from <b>10/02/2022</b> to <b>10/03/2022</b>', 0, '122.3.206.239', '2022-10-02 06:34:03'),
(770, 30, '<b>HDF00232</b> → Added <b>room</b> payment to <b>302 DT</b> using <b>cash</b> amounting ₱<b>2,900</b>', 0, '122.3.206.239', '2022-10-02 08:20:47'),
(771, 30, '<b>302 DT</b> → Checked out room <b>1 night</b> from <b>10/01/2022</b> to <b>10/02/2022</b>', 0, '122.3.206.239', '2022-10-02 08:21:24'),
(772, 30, 'User logged out', 1, '122.3.206.239', '2022-10-02 08:21:35'),
(773, 39, 'User logged in', 1, '122.3.206.239', '2022-10-02 08:21:43'),
(774, 39, '<b>309 DT</b> → Removed <b>1</b> <b>Early & Late Charges</b> - <b>Early Check In</b> amounting ₱<b>560</b> each', 0, '122.3.206.239', '2022-10-02 08:23:40'),
(775, 39, '<b>HDF00237</b> → Added <b>room</b> payment to <b>309 DT</b> using <b>cash</b> amounting ₱<b>2,900</b>', 0, '122.3.206.239', '2022-10-02 08:23:57'),
(776, 39, '<b>309 DT</b> → Checked out room <b>1 night</b> from <b>10/01/2022</b> to <b>10/02/2022</b>', 0, '122.3.206.239', '2022-10-02 08:24:08'),
(777, 39, '<b>HDF00229</b> → Added <b>room</b> payment to <b>201 ES</b> using <b>cash</b> amounting ₱<b>4,800</b>', 0, '122.3.206.239', '2022-10-02 08:25:35'),
(778, 39, '<b>HDF00227</b> → Updated guest details', 0, '122.3.206.239', '2022-10-02 08:26:32'),
(779, 39, '<b>HDF00227</b> → Updated guest details', 0, '122.3.206.239', '2022-10-02 10:05:41'),
(780, 39, '<b>202 DT</b> → Removed <b>1</b> <b>Early & Late Charges</b> - <b>Early Check In</b> amounting ₱<b>560</b> each', 0, '122.3.206.239', '2022-10-02 10:05:50'),
(781, 39, '<b>HDF00227</b> → Added <b>room</b> payment to <b>202 DT</b> using <b>cash</b> amounting ₱<b>2,900</b>', 0, '122.3.206.239', '2022-10-02 10:06:04'),
(782, 39, '<b>HDF00234</b> → Updated guest details', 0, '122.3.206.239', '2022-10-02 10:06:53'),
(783, 39, '<b>304 DK</b> → Removed <b>1</b> <b>Early & Late Charges</b> - <b>Early Check In</b> amounting ₱<b>560</b> each', 0, '122.3.206.239', '2022-10-02 10:07:11'),
(784, 39, '<b>HDF00234</b> → Added <b>room</b> payment to <b>304 DK</b> using <b>cash</b> amounting ₱<b>2,900</b>', 0, '122.3.206.239', '2022-10-02 10:07:22'),
(785, 39, '<b>304 DK</b> → Checked out room <b>1 night</b> from <b>10/01/2022</b> to <b>10/02/2022</b>', 0, '122.3.206.239', '2022-10-02 10:07:32'),
(786, 39, '<b>302 DT</b> → Removed <b>1</b> <b>Early & Late Charges</b> - <b>Early Check In</b> amounting ₱<b>560</b> each', 0, '122.3.206.239', '2022-10-02 10:08:00'),
(787, 39, '<b>HDF00232</b> → Added <b>coffeeshop</b> payment to <b>302 DT</b> using <b>cash</b> amounting ₱<b>979</b>', 0, '122.3.206.239', '2022-10-02 10:08:20'),
(788, 39, '<b>HDF00213</b> → Added <b>room</b> payment to <b>307 DK</b> using <b>cash</b> amounting ₱<b>2,900</b>', 0, '122.3.206.239', '2022-10-02 10:10:48'),
(789, 39, '<b>307 DK</b> → Checked out room <b>1 night</b> from <b>10/01/2022</b> to <b>10/02/2022</b>', 0, '122.3.206.239', '2022-10-02 10:11:07'),
(790, 39, '<b>406 ER</b> → Removed <b>1</b> <b>Early & Late Charges</b> - <b>Early Check In</b> amounting ₱<b>560</b> each', 0, '122.3.206.239', '2022-10-02 10:11:45'),
(791, 39, '<b>HDF00239</b> → Added <b>room</b> payment to <b>406 ER</b> using <b>cash</b> amounting ₱<b>3,800</b>', 0, '122.3.206.239', '2022-10-02 10:11:54'),
(792, 39, '<b>406 ER</b> → Checked out room <b>1 night</b> from <b>10/01/2022</b> to <b>10/02/2022</b>', 0, '122.3.206.239', '2022-10-02 10:12:12'),
(793, 39, '<b>HDF00247</b> → Added <b>room</b> payment to <b>412 SSK</b> using <b>cash</b> amounting ₱<b>4,200</b>', 0, '122.3.206.239', '2022-10-02 10:12:37'),
(794, 39, '<b>412 SSK</b> → Checked out room <b>1 night</b> from <b>10/01/2022</b> to <b>10/02/2022</b>', 0, '122.3.206.239', '2022-10-02 10:12:47'),
(795, 39, '<b>411 SST</b> → Updated extras: <b>1 extra bed</b> and <b>0 extra persons</b>', 0, '122.3.206.239', '2022-10-02 10:15:02'),
(796, 39, '<b>411 SST</b> → Removed <b>1</b> <b>Early & Late Charges</b> - <b>Early Check In</b> amounting ₱<b>560</b> each', 0, '122.3.206.239', '2022-10-02 10:15:13'),
(797, 39, '<b>HDF00241</b> → Added <b>room</b> payment to <b>411 SST</b> using <b>cash</b> amounting ₱<b>4,200</b>', 0, '122.3.206.239', '2022-10-02 10:15:25'),
(798, 39, '<b>416 SST</b> → Removed <b>1</b> <b>Early & Late Charges</b> - <b>Early Check In</b> amounting ₱<b>560</b> each', 0, '122.3.206.239', '2022-10-02 10:18:55'),
(799, 39, '<b>HDF00243</b> → Added <b>room</b> payment to <b>416 SST</b> using <b>cash</b> amounting ₱<b>4,200</b>', 0, '122.3.206.239', '2022-10-02 10:20:37'),
(800, 39, '<b>HDF00212</b> → Updated guest details', 0, '122.3.206.239', '2022-10-02 10:21:41'),
(801, 39, '<b>HDF00212</b> → Added <b>room</b> payment to <b>210 ES</b> using <b>cash</b> amounting ₱<b>4,800</b>', 0, '122.3.206.239', '2022-10-02 10:21:55'),
(802, 39, '<b>210 ES</b> → Checked out room <b>1 night</b> from <b>10/01/2022</b> to <b>10/02/2022</b>', 0, '122.3.206.239', '2022-10-02 10:22:10'),
(803, 36, 'User logged in', 1, '122.3.206.239', '2022-10-02 20:39:19'),
(804, 36, 'Booked DOH DOH in room 202', 0, '122.3.206.239', '2022-10-02 20:40:36'),
(805, 36, 'Booked DOH DOH in room 203', 0, '122.3.206.239', '2022-10-02 20:41:48'),
(806, 36, 'Booked DOH DOH in room 204', 0, '122.3.206.239', '2022-10-02 20:42:11'),
(807, 36, 'Booked MARVIN  MARCOS in room 205', 0, '122.3.206.239', '2022-10-02 20:43:26'),
(808, 36, 'Booked MERCY TAN in room 206', 0, '122.3.206.239', '2022-10-02 20:44:44'),
(809, 36, 'Booked JEAN JEAN in room 207', 0, '122.3.206.239', '2022-10-02 20:45:29'),
(810, 36, 'Booked DOH DOH in room 208', 0, '122.3.206.239', '2022-10-02 20:46:23'),
(811, 36, 'Booked DOH DOH in room 209', 0, '122.3.206.239', '2022-10-02 20:47:04'),
(812, 36, 'Booked DILG DILG in room 210', 0, '122.3.206.239', '2022-10-02 20:47:53'),
(813, 36, 'Booked VANISA ALINSAB in room 301', 0, '122.3.206.239', '2022-10-02 20:48:43'),
(814, 36, 'Booked MARVIN MARCOS in room 302', 0, '122.3.206.239', '2022-10-02 20:49:36'),
(815, 36, 'Booked DILG DILG in room 303', 0, '122.3.206.239', '2022-10-02 20:50:07'),
(816, 36, 'Booked DOH DOH in room 304', 0, '122.3.206.239', '2022-10-02 20:52:20'),
(817, 36, 'Booked DILG DILG in room 305', 0, '122.3.206.239', '2022-10-02 20:54:23'),
(818, 36, 'Booked DILG DILG in room 306', 0, '122.3.206.239', '2022-10-02 20:54:52'),
(819, 36, 'Booked DILG DILG in room 307', 0, '122.3.206.239', '2022-10-02 20:56:38'),
(820, 36, 'Booked MARVIN  MARCOS in room 308', 0, '122.3.206.239', '2022-10-02 21:12:01'),
(821, 18, 'User logged in', 1, '119.92.137.197', '2022-10-03 08:05:50'),
(822, 36, 'User logged in', 1, '122.3.206.239', '2022-10-03 16:43:03'),
(823, 36, 'User logged in', 1, '122.3.206.239', '2022-10-03 19:36:44'),
(824, 36, 'Updated reservation details of <b> DILG  DILG ', 4, '122.3.206.239', '2022-10-03 19:36:51'),
(825, 36, 'Updated reservation details of <b> DILG  DILG ', 4, '122.3.206.239', '2022-10-03 19:37:02'),
(826, 36, 'Updated reservation details of <b> DILG  DILG ', 4, '122.3.206.239', '2022-10-03 19:37:22'),
(827, 36, 'Updated reservation details of <b> DILG  DILG ', 4, '122.3.206.239', '2022-10-03 19:37:30'),
(828, 36, 'Reserved DOH DOH in room 202', 0, '122.3.206.239', '2022-10-03 19:38:11'),
(829, 36, 'Updated reservation details of <b> DILG  DILG ', 4, '122.3.206.239', '2022-10-03 19:38:59'),
(830, 36, 'Booked DILG DILG in room 301', 0, '122.3.206.239', '2022-10-03 20:50:25'),
(831, 36, 'Updated reservation details of <b> DILG  DILG ', 4, '122.3.206.239', '2022-10-03 20:50:39'),
(832, 36, 'Booked BERNARDENO YU in room 306', 0, '122.3.206.239', '2022-10-03 20:51:33'),
(833, 36, 'Booked MARVIN MARCOS in room 302', 0, '122.3.206.239', '2022-10-03 20:52:33'),
(834, 36, 'Booked DOH DOH in room 307', 0, '122.3.206.239', '2022-10-03 20:52:51'),
(835, 36, 'Booked BUSINESS REVIEW in room 308', 0, '122.3.206.239', '2022-10-03 20:53:29'),
(836, 36, 'Booked BUSINESS REVIEW in room 309', 0, '122.3.206.239', '2022-10-03 20:54:10'),
(837, 36, 'Booked DILG DILG in room 310', 0, '122.3.206.239', '2022-10-03 20:54:41'),
(838, 36, 'Booked DILG DILG in room 401', 0, '122.3.206.239', '2022-10-03 20:57:17'),
(839, 36, 'Booked ELINITA EGANA in room 402', 0, '122.3.206.239', '2022-10-03 20:58:11'),
(840, 36, 'Booked MARVIN MARCOS in room 403', 0, '122.3.206.239', '2022-10-03 21:00:54'),
(841, 36, 'Booked MARVIN MARCOS in room 404', 0, '122.3.206.239', '2022-10-03 21:05:47'),
(842, 36, 'Booked DOH DOH in room 405', 0, '122.3.206.239', '2022-10-03 21:06:34'),
(843, 37, 'User logged in', 1, '122.3.206.239', '2022-10-04 04:26:26'),
(844, 37, 'Booked DILG . in room 201', 0, '122.3.206.239', '2022-10-04 04:27:46'),
(845, 37, 'Booked DILG . in room 202', 0, '122.3.206.239', '2022-10-04 04:28:21'),
(846, 37, 'Booked DILG . in room 203', 0, '122.3.206.239', '2022-10-04 04:28:52'),
(847, 37, 'Booked DILG . in room 204', 0, '122.3.206.239', '2022-10-04 04:29:13'),
(848, 37, 'Booked BUSINESS REVIEW in room 205', 0, '122.3.206.239', '2022-10-04 04:30:27'),
(849, 37, '<b>HDF00283</b> → Updated guest details', 0, '122.3.206.239', '2022-10-04 04:31:15'),
(850, 37, '<b>HDF00284</b> → Updated guest details', 0, '122.3.206.239', '2022-10-04 04:31:41'),
(851, 37, 'Booked DOH . in room 207', 0, '122.3.206.239', '2022-10-04 04:32:38'),
(852, 37, 'Booked DILG . in room 210', 0, '122.3.206.239', '2022-10-04 04:33:28'),
(853, 37, 'Booked DOH . in room 303', 0, '122.3.206.239', '2022-10-04 04:34:04'),
(854, 37, 'Booked DOH . in room 406', 0, '122.3.206.239', '2022-10-04 04:35:27'),
(855, 37, 'Booked DOH . in room 407', 0, '122.3.206.239', '2022-10-04 04:36:08'),
(856, 18, 'User logged in', 1, '119.92.137.197', '2022-10-04 13:25:47'),
(857, 18, 'User logged in', 1, '122.3.206.239', '2022-10-04 14:22:46'),
(858, 18, '<b>303 DT</b> → Booked room for <b>1 night</b> from <b>10/04/2022</b> to <b>10/05/2022</b>', 0, '122.3.206.239', '2022-10-04 14:24:00'),
(859, 18, '<b>303 DT</b> → Removed room <b>1 night</b> from <b>10/04/2022</b> to <b>10/05/2022</b>', 0, '122.3.206.239', '2022-10-04 14:24:11'),
(860, 18, 'Booked Jovin Maneja in room 205', 0, '122.3.206.239', '2022-10-04 14:24:58'),
(861, 18, '<b>203 DT</b> → Booked room for <b>1 night</b> from <b>10/04/2022</b> to <b>10/05/2022</b>', 0, '122.3.206.239', '2022-10-04 14:25:13'),
(862, 18, '<b>208 DT</b> → Booked room for <b>1 night</b> from <b>10/04/2022</b> to <b>10/05/2022</b>', 0, '122.3.206.239', '2022-10-04 14:25:21'),
(863, 18, '<b>208 DT</b> → Added <b>Restaurant</b> charge: <b>Ref. awerawver food </b> pcs for ₱<b>1,580</b> each', 0, '122.3.206.239', '2022-10-04 14:26:08'),
(864, 18, '<b>HDF00292</b> → Added <b>restaurant</b> payment to <b>208 DT</b> using <b>cash</b> amounting ₱<b>1,580</b>', 0, '122.3.206.239', '2022-10-04 14:26:36'),
(865, 18, 'Event expense added on <b>2022-10-04</b> amounting <b>5000</b>', 2, '122.3.206.239', '2022-10-04 14:27:22'),
(866, 18, '<b>HDF00292</b> → Added <b>room</b> payment to <b>203 DT</b> using <b>cash</b> amounting ₱<b>2,900</b>', 0, '122.3.206.239', '2022-10-04 14:28:01'),
(867, 18, '<b>HDF00292</b> → Added <b>room</b> payment to <b>208 DT</b> using <b>cash</b> amounting ₱<b>2,900</b>', 0, '122.3.206.239', '2022-10-04 14:28:06'),
(868, 18, '<b>HDF00292</b> → Added <b>room</b> payment to <b>205 ER</b> using <b>cash</b> amounting ₱<b>3,800</b>', 0, '122.3.206.239', '2022-10-04 14:28:14'),
(869, 18, 'Otilla\'s expense added on <b>2022-10-04</b> amounting <b>1000</b>', 2, '122.3.206.239', '2022-10-04 14:29:16'),
(870, 18, 'Cancelled a booking: #HDF00292', 4, '122.3.206.239', '2022-10-04 14:30:17'),
(871, 18, 'Reserved Jovin Maneja in room 208', 0, '122.3.206.239', '2022-10-04 14:31:10'),
(872, 18, 'Cancelled a reservation: #HDF00293', 4, '122.3.206.239', '2022-10-04 14:31:32'),
(873, 18, 'User logged out', 1, '122.3.206.239', '2022-10-04 14:46:07'),
(874, 41, 'User logged in', 1, '122.3.206.239', '2022-10-04 14:47:07'),
(875, 41, 'User logged out', 1, '122.3.206.239', '2022-10-04 14:48:21'),
(876, 18, 'User logged in', 1, '122.3.206.239', '2022-10-04 14:49:45'),
(877, 18, 'User logged out', 1, '122.3.206.239', '2022-10-04 14:50:20'),
(878, 18, 'User logged in', 1, '122.3.206.239', '2022-10-04 14:56:26'),
(879, 18, 'User logged out', 1, '122.3.206.239', '2022-10-04 15:02:31'),
(880, 36, 'User logged in', 1, '122.3.206.239', '2022-10-04 15:02:41'),
(881, 36, 'Cancelled a reservation: #HDF00268', 4, '122.3.206.239', '2022-10-04 15:03:09'),
(882, 36, 'Cancelled a reservation: #HDF00269', 4, '122.3.206.239', '2022-10-04 15:03:19'),
(883, 36, 'Booked DOH DOH in room 202', 0, '122.3.206.239', '2022-10-04 15:03:48'),
(884, 36, '<b>203 DT</b> → Booked room for <b>1 night</b> from <b>10/04/2022</b> to <b>10/05/2022</b>', 0, '122.3.206.239', '2022-10-04 15:04:08'),
(885, 12, 'User logged in', 1, '122.3.206.239', '2022-10-04 15:06:42'),
(886, 12, 'Reset user password of Jovin Maneja', 4, '122.3.206.239', '2022-10-04 15:06:57'),
(887, 12, 'User logged out', 1, '122.3.206.239', '2022-10-04 15:06:59'),
(888, 24, 'User logged in', 1, '122.3.206.239', '2022-10-04 15:07:06'),
(889, 24, 'Reset user password of House Keeping', 4, '122.3.206.239', '2022-10-04 15:07:33'),
(890, 24, 'User logged out', 1, '122.3.206.239', '2022-10-04 15:07:34'),
(891, 22, 'User logged in', 1, '122.3.206.239', '2022-10-04 15:07:39'),
(892, 22, 'Updated room status of <b>201 ES</b> from <b>Occupied</b> to <b>Vacant Clean Inspected</b>', 4, '122.3.206.239', '2022-10-04 15:10:57'),
(893, 22, 'Updated room status of <b>204 DK</b> from <b>Occupied</b> to <b>Vacant Clean Inspected</b>', 4, '122.3.206.239', '2022-10-04 15:11:52'),
(894, 22, 'User logged out', 1, '122.3.206.239', '2022-10-04 15:13:03'),
(895, 41, 'User logged in', 1, '122.3.206.239', '2022-10-04 16:28:47'),
(896, 41, 'Reserved Jose Vicente  Estella  in room 305', 0, '122.3.206.239', '2022-10-04 16:31:12'),
(897, 41, 'Reserved Jose Vicente  Estella  in room 306', 0, '122.3.206.239', '2022-10-04 16:31:43'),
(898, 41, 'Reserved Jose Vicente  Estella  in room 305', 0, '122.3.206.239', '2022-10-04 16:32:08'),
(899, 41, 'User logged out', 1, '122.3.206.239', '2022-10-04 17:15:57'),
(900, 39, 'User logged in', 1, '122.3.206.239', '2022-10-04 19:38:35'),
(901, 39, '<b>207 DK</b> → Booked room for <b>1 night</b> from <b>10/04/2022</b> to <b>10/05/2022</b>', 0, '122.3.206.239', '2022-10-04 19:40:36'),
(902, 39, '<b>208 DT</b> → Booked room for <b>1 night</b> from <b>10/04/2022</b> to <b>10/05/2022</b>', 0, '122.3.206.239', '2022-10-04 19:41:01'),
(903, 39, '<b>209 DT</b> → Booked room for <b>1 night</b> from <b>10/04/2022</b> to <b>10/05/2022</b>', 0, '122.3.206.239', '2022-10-04 19:41:19'),
(904, 39, '<b>304 DK</b> → Booked room for <b>1 night</b> from <b>10/04/2022</b> to <b>10/05/2022</b>', 0, '122.3.206.239', '2022-10-04 19:41:37'),
(905, 39, '<b>307 DK</b> → Booked room for <b>1 night</b> from <b>10/04/2022</b> to <b>10/05/2022</b>', 0, '122.3.206.239', '2022-10-04 19:41:52'),
(906, 39, '<b>405 ER</b> → Booked room for <b>1 night</b> from <b>10/04/2022</b> to <b>10/05/2022</b>', 0, '122.3.206.239', '2022-10-04 19:43:13'),
(907, 39, '<b>406 ER</b> → Booked room for <b>1 night</b> from <b>10/04/2022</b> to <b>10/05/2022</b>', 0, '122.3.206.239', '2022-10-04 19:43:25'),
(908, 39, '<b>407 DK</b> → Booked room for <b>1 night</b> from <b>10/04/2022</b> to <b>10/05/2022</b>', 0, '122.3.206.239', '2022-10-04 19:43:39'),
(909, 39, 'Booked DILG DILG in room 204', 0, '122.3.206.239', '2022-10-04 19:44:32'),
(910, 39, 'Booked BUSINESS REVIEW in room 205', 0, '122.3.206.239', '2022-10-04 19:47:35'),
(911, 39, '<b>308 DT</b> → Booked room for <b>1 night</b> from <b>10/04/2022</b> to <b>10/05/2022</b>', 0, '122.3.206.239', '2022-10-04 19:47:54'),
(912, 39, '<b>309 DT</b> → Booked room for <b>1 night</b> from <b>10/04/2022</b> to <b>10/05/2022</b>', 0, '122.3.206.239', '2022-10-04 19:48:08'),
(913, 39, '<b>411 SST</b> → Booked room for <b>1 night</b> from <b>10/04/2022</b> to <b>10/05/2022</b>', 0, '122.3.206.239', '2022-10-04 19:48:23'),
(914, 39, 'Booked RICHMOND SANTOS in room 206', 0, '122.3.206.239', '2022-10-04 19:49:27'),
(915, 39, '<b>HDF00300</b> → Added <b>room</b> payment to <b>206 ER</b> using <b>card</b> amounting ₱<b>3,800</b>', 0, '122.3.206.239', '2022-10-04 19:50:05'),
(916, 39, 'Booked XUNRONG ZOU in room 302', 0, '122.3.206.239', '2022-10-04 19:51:22'),
(917, 39, '<b>408 DT</b> → Booked room for <b>1 night</b> from <b>10/04/2022</b> to <b>10/05/2022</b>', 0, '122.3.206.239', '2022-10-04 19:51:37'),
(918, 39, '<b>HDF00301</b> → Added <b>room</b> payment to <b>408 DT</b> using <b>card</b> amounting ₱<b>5,800</b>', 0, '122.3.206.239', '2022-10-04 19:52:52'),
(919, 39, 'Booked BERNARDINO YU VEGA in room 305', 0, '122.3.206.239', '2022-10-04 19:54:02'),
(920, 39, '<b>HDF00302</b> → Updated guest details', 0, '122.3.206.239', '2022-10-04 19:54:53'),
(921, 39, '<b>305 ER</b> → Set room discount of <b>20% (PWD)</b>', 0, '122.3.206.239', '2022-10-04 19:55:08'),
(922, 39, '<b>HDF00302</b> → Added <b>room</b> payment to <b>305 ER</b> using <b>cash</b> amounting ₱<b>2,714</b>', 0, '122.3.206.239', '2022-10-04 19:55:44'),
(923, 39, 'Booked BERNARDINO YU VEGA in room 306', 0, '122.3.206.239', '2022-10-04 19:56:51'),
(924, 39, '<b>HDF00302</b> → Updated notes to <b>W/ RESA</b>', 0, '122.3.206.239', '2022-10-04 19:57:08'),
(925, 39, 'Reserved UNFPA/ MS BETH ORTIZ in room 310', 0, '122.3.206.239', '2022-10-04 19:57:53'),
(926, 39, 'Booked ELNITA EGANA in room 402', 0, '122.3.206.239', '2022-10-04 20:00:38'),
(927, 39, '<b>HDF00305</b> → Added <b>room</b> payment to <b>402 DT</b> using <b>cash</b> amounting ₱<b>2,900</b>', 0, '122.3.206.239', '2022-10-04 20:00:50'),
(928, 39, 'Booked DA DA in room 404', 0, '122.3.206.239', '2022-10-04 20:01:25'),
(929, 39, 'Booked MARY ABALOS in room 409', 0, '122.3.206.239', '2022-10-04 20:02:09'),
(930, 39, '<b>HDF00307</b> → Added <b>room</b> payment to <b>409 DT</b> using <b>cash</b> amounting ₱<b>2,900</b>', 0, '122.3.206.239', '2022-10-04 20:02:23'),
(931, 39, 'Booked MAC  BUILDERS in room 412', 0, '122.3.206.239', '2022-10-04 20:03:05'),
(932, 39, '<b>412 SSK</b> → Changed room from <b>SSK 412</b> 1 night 10/04/2022 - 10/05/2022 to <b>412 SSK</b> 2 nights 10/04/2022 - 10/06/2022', 0, '122.3.206.239', '2022-10-04 20:04:56'),
(933, 39, '<b>413 SSK</b> → Booked room for <b>1 night</b> from <b>10/04/2022</b> to <b>10/05/2022</b>', 0, '122.3.206.239', '2022-10-04 20:05:26'),
(934, 39, '<b>415 SSK</b> → Booked room for <b>1 night</b> from <b>10/04/2022</b> to <b>10/05/2022</b>', 0, '122.3.206.239', '2022-10-04 20:05:41'),
(935, 39, '<b>HDF00308</b> → Added <b>room</b> payment to <b>415 SSK</b> using <b>cash</b> amounting ₱<b>12,600</b>', 0, '122.3.206.239', '2022-10-04 20:06:11'),
(936, 39, '<b>415 SSK</b> → Changed room from <b>SSK 415</b> 1 night 10/04/2022 - 10/05/2022 to <b>415 SSK</b> 2 nights 10/04/2022 - 10/06/2022', 0, '122.3.206.239', '2022-10-04 20:06:29'),
(937, 39, '<b>413 SSK</b> → Changed room from <b>SSK 413</b> 1 night 10/04/2022 - 10/05/2022 to <b>413 SSK</b> 2 nights 10/04/2022 - 10/06/2022', 0, '122.3.206.239', '2022-10-04 20:06:35'),
(938, 39, 'Booked AVA SHARON BATAY-AN (DOH) in room 414', 0, '122.3.206.239', '2022-10-04 20:15:07'),
(939, 39, '<b>416 SST</b> → Booked room for <b>1 night</b> from <b>10/04/2022</b> to <b>10/05/2022</b>', 0, '122.3.206.239', '2022-10-04 20:15:46'),
(940, 39, '<b>HDF00305</b> → Added <b>room</b> payment to <b>416 SST</b> using <b>card</b> amounting ₱<b>4,200</b>', 0, '122.3.206.239', '2022-10-04 20:16:37'),
(941, 39, 'Updated reservation details of <b> UNFPA/ MS BETH  ORTIZ ', 4, '122.3.206.239', '2022-10-04 20:17:11'),
(942, 34, 'User logged in', 1, '119.92.137.197', '2022-10-05 14:45:16'),
(943, 34, 'Reserved 4 4 in room 208', 0, '127.0.0.1', '2022-10-05 15:24:10'),
(944, 34, 'Reserved ROGER LAMONTE in room 205', 0, '127.0.0.1', '2022-10-05 16:07:58'),
(945, 34, 'Reserved Francsico Ibañez in room 210', 0, '127.0.0.1', '2022-10-05 16:35:53'),
(946, 34, 'Reserved Francsico Ibañez in room 303', 0, '127.0.0.1', '2022-10-05 17:08:27'),
(947, 34, 'Reserved Francsico Ibañez in room 306', 0, '127.0.0.1', '2022-10-05 17:08:43'),
(948, 34, 'Reserved Francsico Ibañez in room 307', 0, '127.0.0.1', '2022-10-05 17:09:02'),
(949, 34, 'User logged in', 1, '127.0.0.1', '2022-10-06 09:02:18'),
(950, 34, 'Checked in a reservation: #HDF00315', 0, '127.0.0.1', '2022-10-06 09:20:41'),
(951, 34, 'Checked in a reservation: #HDF00314', 0, '127.0.0.1', '2022-10-06 09:25:31'),
(952, 34, 'Checked in a reservation: #HDF00313', 0, '127.0.0.1', '2022-10-06 09:37:50'),
(953, 34, 'Reserved Ryan Rarugal in room 407', 0, '127.0.0.1', '2022-10-06 09:54:36'),
(954, 34, 'Reserved Elpidio Villarosa in room 406', 0, '127.0.0.1', '2022-10-06 10:26:16'),
(955, 34, 'Event sales added on <b>2022-10-05</b> amounting <b>100</b>', 2, '127.0.0.1', '2022-10-06 11:32:42'),
(956, 34, 'Swimming Pool sales added on <b>2022-10-05</b> amounting <b>200</b>', 2, '127.0.0.1', '2022-10-06 11:32:54'),
(957, 34, 'User logged in', 1, '127.0.0.1', '2022-10-06 13:32:16'),
(958, 34, 'Hotel expense added on <b>2022-10-05</b> amounting <b>100</b>', 2, '127.0.0.1', '2022-10-06 13:41:32'),
(959, 34, '<b>HDF00314</b> → Removed <b>cash</b> payment amounting ₱<b>200</b>', 0, '127.0.0.1', '2022-10-06 13:43:14'),
(960, 34, '<b>HDF00314</b> → Added <b>room</b> payment to <b>306 ER</b> using <b>cash</b> amounting ₱<b>100</b>', 0, '127.0.0.1', '2022-10-06 13:43:25'),
(961, 34, 'Pool expense added on <b>2022-10-06</b> amounting <b>50</b>', 2, '127.0.0.1', '2022-10-06 14:16:13'),
(962, 34, '<b>HDF00314</b> → Added <b>room</b> payment to <b>306 ER</b> using <b>cash</b> amounting ₱<b>700</b>', 0, '127.0.0.1', '2022-10-06 14:29:36'),
(963, 34, '<b>306 ER</b> → Added <b>Restaurant</b> charge: <b>Ref.  Food </b> pcs for ₱<b>500</b> each', 0, '127.0.0.1', '2022-10-06 14:30:17'),
(964, 34, '<b>306 ER</b> → Added <b>Coffeeshop</b> charge: <b>Ref.  Creamylatte </b> pcs for ₱<b>250</b> each', 0, '127.0.0.1', '2022-10-06 14:30:22'),
(965, 34, '<b>HDF00314</b> → Added <b>restaurant</b> payment to <b>306 ER</b> using <b>cash</b> amounting ₱<b>150</b>', 0, '127.0.0.1', '2022-10-06 14:30:31'),
(966, 34, '<b>HDF00314</b> → Added <b>coffeeshop</b> payment to <b>306 ER</b> using <b>cash</b> amounting ₱<b>50</b>', 0, '127.0.0.1', '2022-10-06 14:30:33'),
(967, 34, '<b>306 ER</b> → Updated extras: <b>1 extra bed</b> and <b>2 extra persons</b>', 0, '127.0.0.1', '2022-10-06 14:30:44'),
(968, 34, '<b>HDF00314</b> → Added <b>addons</b> payment to <b>306 ER</b> using <b>cash</b> amounting ₱<b>200</b>', 0, '127.0.0.1', '2022-10-06 14:30:51'),
(969, 34, '<b>HDF00314</b> → Added <b>addons</b> payment to <b>306 ER</b> using <b>cash</b> amounting ₱<b>400</b>', 0, '127.0.0.1', '2022-10-06 14:30:53'),
(970, 34, '<b>HDF00314</b> → Added <b>restaurant</b> payment to <b>306 ER</b> using <b>card</b> amounting ₱<b>20</b>', 0, '127.0.0.1', '2022-10-06 14:31:21'),
(971, 34, '<b>HDF00314</b> → Added <b>addons</b> payment to <b>306 ER</b> using <b>card</b> amounting ₱<b>50</b>', 0, '127.0.0.1', '2022-10-06 14:31:38'),
(972, 34, '<b>HDF00314</b> → Added <b>room</b> payment to <b>306 ER</b> using <b>card</b> amounting ₱<b>300</b>', 0, '127.0.0.1', '2022-10-06 14:31:57'),
(973, 34, '<b>HDF00314</b> → Added <b>coffeeshop</b> payment to <b>306 ER</b> using <b>card</b> amounting ₱<b>50</b>', 0, '127.0.0.1', '2022-10-06 14:32:38'),
(974, 34, 'Hotel expense added on <b>2022-10-06</b> amounting <b>120</b>', 2, '127.0.0.1', '2022-10-06 14:34:23'),
(975, 34, 'Event sales added on <b>2022-10-06</b> amounting <b>2000</b>', 2, '127.0.0.1', '2022-10-06 14:35:49'),
(976, 34, 'Event expense added on <b>2022-10-06</b> amounting <b>200</b>', 2, '127.0.0.1', '2022-10-06 14:36:05'),
(977, 34, 'Pool sales added on <b>2022-10-06</b> amounting <b>450</b>', 2, '127.0.0.1', '2022-10-06 14:39:43'),
(978, 34, 'Resto expense added on <b>2022-10-06</b> amounting <b>20</b>', 2, '127.0.0.1', '2022-10-06 14:40:53'),
(979, 34, 'Otilla\'s expense added on <b>2022-10-06</b> amounting <b>30</b>', 2, '127.0.0.1', '2022-10-06 14:40:57'),
(980, 34, '<b>303 DT</b> → Set room discount of <b>20% (Senior Citizen)</b>', 0, '127.0.0.1', '2022-10-06 15:57:13'),
(981, 34, '<b>303 DT</b> → Changed room from <b>DT 303</b> 2 nights 10/06/2022 - 10/08/2022 to <b>303 DT</b> 1 night 10/06/2022 - 10/07/2022', 0, '127.0.0.1', '2022-10-06 15:57:43'),
(982, 34, 'Booked Jovin Maneja in room 207', 0, '127.0.0.1', '2022-10-06 16:01:28'),
(983, 34, 'Reserved Jovin Maneja in room 208', 0, '127.0.0.1', '2022-10-06 16:01:54'),
(984, 34, 'Event sales added on <b>2022-10-06</b> amounting <b>1000</b>', 2, '127.0.0.1', '2022-10-06 16:02:45'),
(985, 34, 'Pool sales added on <b>2022-10-06</b> amounting <b>2500</b>', 2, '127.0.0.1', '2022-10-06 16:03:55'),
(986, 34, 'User logged in', 1, '127.0.0.1', '2022-10-07 15:12:40'),
(987, 34, 'User logged in', 1, '127.0.0.1', '2022-10-10 10:04:30'),
(988, 34, '<b>HDF00318</b> → Charged this booking to <b>   </b>', 2, '127.0.0.1', '2022-10-10 11:01:58'),
(989, 34, '<b>HDF00318</b> → Charged this booking to <b>   </b>', 2, '127.0.0.1', '2022-10-10 11:02:12'),
(990, 34, '<b>HDF00318</b> → Charged this booking to <b>   </b>', 2, '127.0.0.1', '2022-10-10 11:02:39'),
(991, 34, '<b>HDF00318</b> → Charged this booking to <b>Francsico Osdons Ibañez III</b>', 2, '127.0.0.1', '2022-10-10 11:02:58'),
(992, 34, '<b>HDF00318</b> → Charged this booking to <b>Francsico Osdons Ibañez III</b>', 4, '127.0.0.1', '2022-10-10 11:04:59');
INSERT INTO `user_logs` (`id`, `user_id`, `content`, `log_type`, `ip_address`, `date_entered`) VALUES
(993, 34, '<b>407 DK</b> → Checked out room <b>1 night</b> from <b>10/04/2022</b> to <b>10/05/2022</b>', 0, '127.0.0.1', '2022-10-10 11:20:32'),
(994, 34, '<b>HDF00294</b> → Charged this booking to <b>DOH  DOH </b>', 4, '127.0.0.1', '2022-10-10 11:21:58'),
(995, 34, 'Reserved Francsico Ibañez in room 204', 0, '127.0.0.1', '2022-10-10 13:50:03'),
(996, 34, 'Reserved Francsico Ibañez in room 204', 0, '127.0.0.1', '2022-10-10 13:50:22'),
(997, 34, '<b>HDF00294</b> → Added <b>room</b> payment to <b>406 ER</b> using <b>card</b> amounting ₱<b>150</b>', 0, '127.0.0.1', '2022-10-10 13:53:10'),
(998, 34, '<b>HDF00294</b> → Added <b>restaurant</b> payment to <b>406 ER</b> using <b>check</b> amounting ₱<b>123</b>', 0, '127.0.0.1', '2022-10-10 13:53:22'),
(999, 34, '<b>HDF00294</b> → Added <b>coffeeshop</b> payment to <b>406 ER</b> using <b>bank transfer</b> amounting ₱<b>123</b>', 0, '127.0.0.1', '2022-10-10 13:53:34'),
(1000, 34, '<b>HDF00294</b> → Added <b>addons</b> payment to <b>406 ER</b> using <b>check</b> amounting ₱<b>150</b>', 0, '127.0.0.1', '2022-10-10 13:58:52'),
(1001, 34, '<b>HDF00294</b> → Added <b>coffeeshop</b> payment to <b>307 DK</b> using <b>bank transfer</b> amounting ₱<b>520</b>', 0, '127.0.0.1', '2022-10-10 14:02:52'),
(1002, 34, '<b>HDF00294</b> → Added <b>restaurant</b> payment to <b>407 DK</b> using <b>cash</b> amounting ₱<b>2</b>', 0, '127.0.0.1', '2022-10-10 14:08:00'),
(1003, 34, '<b>HDF00318</b> → Added <b>coffeeshop</b> payment to <b>207 DK</b> using <b>check</b> amounting ₱<b>5</b>', 0, '127.0.0.1', '2022-10-10 14:15:19'),
(1004, 34, '<b>HDF00318</b> → Added <b>restaurant</b> payment to <b>207 DK</b> using <b>bank transfer</b> amounting ₱<b>100</b>', 0, '127.0.0.1', '2022-10-10 14:15:53'),
(1005, 34, 'Booked Francsico Ibañez in room 207', 0, '127.0.0.1', '2022-10-10 14:40:01'),
(1006, 34, '<b>301 ES</b> → Booked room for <b>1 night</b> from <b>10/10/2022</b> to <b>10/11/2022</b>', 0, '127.0.0.1', '2022-10-10 14:40:09'),
(1007, 34, '<b>207 DK</b> → Removed room <b>1 night</b> from <b>10/10/2022</b> to <b>10/11/2022</b>', 0, '127.0.0.1', '2022-10-10 14:40:17'),
(1008, 34, '<b>301 ES</b> → Set room discount of <b>10% (Corporate)</b>', 0, '127.0.0.1', '2022-10-10 15:53:23'),
(1009, 34, '<b>301 ES</b> → Updated extras: <b>1 extra bed</b> and <b>2 extra persons</b>', 0, '127.0.0.1', '2022-10-10 15:54:48'),
(1010, 34, '<b>301 ES</b> → Added <b>Restaurant</b> charge: <b>Ref. 1 Food </b> pcs for ₱<b>120</b> each', 0, '127.0.0.1', '2022-10-10 15:57:45'),
(1011, 34, '<b>304 DK</b> → Booked room for <b>1 night</b> from <b>10/10/2022</b> to <b>10/11/2022</b>', 0, '127.0.0.1', '2022-10-10 15:57:56'),
(1012, 34, '<b>301 ES</b> → Added <b>Restaurant</b> charge: <b>Ref. 220 Food </b> pcs for ₱<b>1</b> each', 0, '127.0.0.1', '2022-10-10 16:00:17'),
(1013, 34, '<b>301 ES</b> → Removed <b>restaurant</b> charge: Ref. <b>220 Food 1</b> pc for ₱<b>1</b> each', 0, '127.0.0.1', '2022-10-10 16:00:21'),
(1014, 34, '<b>304 DK</b> → Added <b>Restaurant</b> charge: <b>Ref.  Food </b> pcs for ₱<b>220</b> each', 0, '127.0.0.1', '2022-10-10 16:00:33'),
(1015, 34, '<b>304 DK</b> → Added <b>Restaurant</b> charge: <b>Ref.  Water </b> pcs for ₱<b>5</b> each', 0, '127.0.0.1', '2022-10-10 16:00:40'),
(1016, 34, '<b>304 DK</b> → Added <b>2 Additional Amenities</b> - <b>Bottled Water (500 ml)</b> amounting ₱<b>50</b> each', 0, '127.0.0.1', '2022-10-10 16:12:26'),
(1017, 34, '<b>304 DK</b> → Added <b>4 Additional Amenities</b> - <b>Bottled Water (500 ml)</b> amounting ₱<b>50</b> each', 0, '127.0.0.1', '2022-10-10 16:12:33'),
(1018, 34, '<b>304 DK</b> → Added <b>Coffeeshop</b> charge: <b>Ref.  Creamylatte </b> pcs for ₱<b>50</b> each', 0, '127.0.0.1', '2022-10-10 16:20:35'),
(1019, 34, '<b>304 DK</b> → Added <b>Coffeeshop</b> charge: <b>Ref.  Sugar </b> pcs for ₱<b>15</b> each', 0, '127.0.0.1', '2022-10-10 16:20:41'),
(1020, 34, '<b>304 DK</b> → Added <b>1 Early & Late Charges</b> - <b>Early Check In</b> amounting ₱<b>560</b> each', 0, '127.0.0.1', '2022-10-10 16:21:54'),
(1021, 34, '<b>301 ES</b> → Added <b>1 Early & Late Charges</b> - <b>Late Check out (Full-day Charge)</b> amounting ₱<b>0</b> each', 0, '127.0.0.1', '2022-10-10 16:22:16'),
(1022, 34, '<b>304 DK</b> → Added <b>1 Early & Late Charges</b> - <b>Late Check out (Full-day Charge)</b> amounting ₱<b>0</b> each', 0, '127.0.0.1', '2022-10-10 16:41:22'),
(1023, 34, '<b>304 DK</b> → Removed <b>1</b> <b>Early & Late Charges</b> - <b>Early Check In</b> amounting ₱<b>560</b> each', 0, '127.0.0.1', '2022-10-10 16:42:36'),
(1024, 34, '<b>304 DK</b> → Removed <b>1</b> <b>Early & Late Charges</b> - <b>Late Check out (Full-day Charge)</b> amounting ₱<b>0</b> each', 0, '127.0.0.1', '2022-10-10 16:42:38'),
(1025, 34, '<b>304 DK</b> → Added <b>1 Early & Late Charges</b> - <b>Late Check out (Full-day Charge)</b> amounting ₱<b>0</b> each', 0, '127.0.0.1', '2022-10-10 16:43:48'),
(1026, 34, '<b>304 DK</b> → Set room discount of <b>10% (Owner-A)</b>', 0, '127.0.0.1', '2022-10-10 16:45:44'),
(1027, 34, 'User logged in', 1, '127.0.0.1', '2022-10-13 10:31:03'),
(1028, 34, '<b>304 DK</b> → Updated extras: <b>1 extra bed</b> and <b>2 extra persons</b>', 0, '127.0.0.1', '2022-10-13 10:51:22'),
(1029, 34, '<b>HDF00322</b> → Added <b>room</b> payment to <b>304 DK</b> using <b>cash</b> amounting ₱<b>1</b>', 0, '127.0.0.1', '2022-10-13 11:07:29'),
(1030, 34, '<b>HDF00322</b> → Added <b>addons</b> payment to <b>304 DK</b> using <b>cash</b> amounting ₱<b>2</b>', 0, '127.0.0.1', '2022-10-13 11:07:40'),
(1031, 34, '<b>HDF00322</b> → Added <b>addons</b> payment to <b>304 DK</b> using <b>cash</b> amounting ₱<b>3</b>', 0, '127.0.0.1', '2022-10-13 11:07:44'),
(1032, 34, '<b>HDF00322</b> → Added <b>restaurant</b> payment to <b>304 DK</b> using <b>cash</b> amounting ₱<b>4</b>', 0, '127.0.0.1', '2022-10-13 11:08:05'),
(1033, 34, '<b>HDF00322</b> → Added <b>coffeeshop</b> payment to <b>304 DK</b> using <b>cash</b> amounting ₱<b>5</b>', 0, '127.0.0.1', '2022-10-13 11:08:11'),
(1034, 34, '<b>HDF00322</b> → Added <b>addons</b> payment to <b>304 DK</b> using <b>cash</b> amounting ₱<b>6</b>', 0, '127.0.0.1', '2022-10-13 11:08:16'),
(1035, 34, '<b>HDF00322</b> → Added <b>room</b> payment to <b>304 DK</b> using <b>cash</b> amounting ₱<b>2,609</b>', 0, '127.0.0.1', '2022-10-13 11:39:26'),
(1036, 34, '<b>HDF00322</b> → Added <b>room</b> payment to <b>304 DK</b> using <b>cash</b> amounting ₱<b>2,609</b>', 0, '127.0.0.1', '2022-10-13 11:41:04'),
(1037, 34, '<b>HDF00322</b> → Removed <b>cash</b> payment amounting ₱<b>2</b>', 0, '127.0.0.1', '2022-10-13 11:41:15'),
(1038, 34, '<b>HDF00322</b> → Added <b>room</b> payment to <b>304 DK</b> using <b>cash</b> amounting ₱<b>2,609</b>', 0, '127.0.0.1', '2022-10-13 11:41:23'),
(1039, 34, '<b>HDF00322</b> → Removed <b>cash</b> payment amounting ₱<b>2</b>', 0, '127.0.0.1', '2022-10-13 11:41:27'),
(1040, 34, '<b>HDF00322</b> → Added <b>room</b> payment to <b>304 DK</b> using <b>cash</b> amounting ₱<b>2,609</b>', 0, '127.0.0.1', '2022-10-13 11:43:44'),
(1041, 34, '<b>HDF00322</b> → Removed <b>cash</b> payment amounting ₱<b>2,609</b>', 0, '127.0.0.1', '2022-10-13 11:43:49'),
(1042, 34, '<b>HDF00322</b> → Added <b>room</b> payment to <b>304 DK</b> using <b>cash</b> amounting ₱<b>2,609</b>', 0, '127.0.0.1', '2022-10-13 11:47:40'),
(1043, 34, '<b>HDF00322</b> → Removed <b>cash</b> payment amounting ₱<b>2,609</b>', 0, '127.0.0.1', '2022-10-13 11:47:48'),
(1044, 34, '<b>HDF00322</b> → Added <b>room</b> payment to <b>304 DK</b> using <b>cash</b> amounting ₱<b>9</b>', 0, '127.0.0.1', '2022-10-13 11:47:55'),
(1045, 34, '<b>HDF00322</b> → Added <b>restaurant</b> payment to <b>304 DK</b> using <b>cash</b> amounting ₱<b>221</b>', 0, '127.0.0.1', '2022-10-13 11:52:15'),
(1046, 34, '<b>HDF00322</b> → Removed <b>cash</b> payment amounting ₱<b>221</b>', 0, '127.0.0.1', '2022-10-13 11:52:22'),
(1047, 34, '<b>HDF00322</b> → Added <b>room</b> payment to <b>304 DK</b> using <b>cash</b> amounting ₱<b>2,600</b>', 0, '127.0.0.1', '2022-10-13 11:53:56'),
(1048, 34, '<b>HDF00322</b> → Added <b>room</b> payment to <b>304 DK</b> using <b>cash</b> amounting ₱<b>-3</b>', 0, '127.0.0.1', '2022-10-13 11:53:56'),
(1049, 34, '<b>HDF00322</b> → Added <b>room</b> payment to <b>301 ES</b> using <b>cash</b> amounting ₱<b>222</b>', 0, '127.0.0.1', '2022-10-13 11:53:56'),
(1050, 34, '<b>HDF00322</b> → Added <b>room</b> payment to <b>301 ES</b> using <b>cash</b> amounting ₱<b>1</b>', 0, '127.0.0.1', '2022-10-13 11:53:56'),
(1051, 34, '<b>HDF00322</b> → Removed <b>cash</b> payment amounting ₱<b>1</b>', 0, '127.0.0.1', '2022-10-13 11:54:12'),
(1052, 34, '<b>HDF00322</b> → Removed <b>cash</b> payment amounting ₱<b>2,600</b>', 0, '127.0.0.1', '2022-10-13 11:54:16'),
(1053, 34, '<b>HDF00322</b> → Removed <b>cash</b> payment amounting ₱<b>-3</b>', 0, '127.0.0.1', '2022-10-13 11:54:20'),
(1054, 34, '<b>HDF00322</b> → Removed <b>cash</b> payment amounting ₱<b>222</b>', 0, '127.0.0.1', '2022-10-13 11:54:23'),
(1055, 34, '<b>HDF00322</b> → Added <b>room</b> payment to <b>304 DK</b> using <b>cash</b> amounting ₱<b>2,600</b>', 0, '127.0.0.1', '2022-10-13 11:54:42'),
(1056, 34, '<b>HDF00322</b> → Added <b>room</b> payment to <b>304 DK</b> using <b>cash</b> amounting ₱<b>-3</b>', 0, '127.0.0.1', '2022-10-13 11:54:42'),
(1057, 34, '<b>HDF00322</b> → Added <b>room</b> payment to <b>301 ES</b> using <b>cash</b> amounting ₱<b>221</b>', 0, '127.0.0.1', '2022-10-13 11:54:42'),
(1058, 34, '<b>HDF00322</b> → Added <b>room</b> payment to <b>301 ES</b> using <b>cash</b> amounting ₱<b>1</b>', 0, '127.0.0.1', '2022-10-13 11:54:42'),
(1059, 34, '<b>HDF00322</b> → Removed <b>cash</b> payment amounting ₱<b>2,600</b>', 0, '127.0.0.1', '2022-10-13 11:55:15'),
(1060, 34, '<b>HDF00322</b> → Removed <b>cash</b> payment amounting ₱<b>-3</b>', 0, '127.0.0.1', '2022-10-13 11:55:18'),
(1061, 34, '<b>HDF00322</b> → Removed <b>cash</b> payment amounting ₱<b>221</b>', 0, '127.0.0.1', '2022-10-13 11:55:21'),
(1062, 34, '<b>HDF00322</b> → Removed <b>cash</b> payment amounting ₱<b>1</b>', 0, '127.0.0.1', '2022-10-13 11:55:23'),
(1063, 34, '<b>HDF00322</b> → Added <b>room</b> payment to <b>304 DK</b> using <b>cash</b> amounting ₱<b>2,600</b>', 0, '127.0.0.1', '2022-10-13 11:55:37'),
(1064, 34, '<b>HDF00322</b> → Added <b>room</b> payment to <b>304 DK</b> using <b>cash</b> amounting ₱<b>-3</b>', 0, '127.0.0.1', '2022-10-13 11:55:37'),
(1065, 34, '<b>HDF00322</b> → Added <b>room</b> payment to <b>301 ES</b> using <b>cash</b> amounting ₱<b>224</b>', 0, '127.0.0.1', '2022-10-13 11:55:37'),
(1066, 34, '<b>HDF00322</b> → Added <b>room</b> payment to <b>301 ES</b> using <b>cash</b> amounting ₱<b>-4,096</b>', 0, '127.0.0.1', '2022-10-13 11:55:37'),
(1067, 34, '<b>HDF00322</b> → Removed <b>cash</b> payment amounting ₱<b>2,600</b>', 0, '127.0.0.1', '2022-10-13 11:56:46'),
(1068, 34, '<b>HDF00322</b> → Removed <b>cash</b> payment amounting ₱<b>-3</b>', 0, '127.0.0.1', '2022-10-13 11:56:48'),
(1069, 34, '<b>HDF00322</b> → Removed <b>cash</b> payment amounting ₱<b>-4,096</b>', 0, '127.0.0.1', '2022-10-13 11:56:52'),
(1070, 34, '<b>HDF00322</b> → Removed <b>cash</b> payment amounting ₱<b>224</b>', 0, '127.0.0.1', '2022-10-13 11:56:56'),
(1071, 34, '<b>HDF00322</b> → Added <b>room</b> payment to <b>304 DK</b> using <b>cash</b> amounting ₱<b>2,600</b>', 0, '127.0.0.1', '2022-10-13 11:57:08'),
(1072, 34, '<b>HDF00322</b> → Added <b>restaurant</b> payment to <b>304 DK</b> using <b>cash</b> amounting ₱<b>-3</b>', 0, '127.0.0.1', '2022-10-13 11:57:08'),
(1073, 34, '<b>HDF00322</b> → Added <b>room</b> payment to <b>301 ES</b> using <b>cash</b> amounting ₱<b>224</b>', 0, '127.0.0.1', '2022-10-13 11:57:08'),
(1074, 34, '<b>HDF00322</b> → Added <b>restaurant</b> payment to <b>301 ES</b> using <b>cash</b> amounting ₱<b>-4,096</b>', 0, '127.0.0.1', '2022-10-13 11:57:08'),
(1075, 34, '<b>HDF00322</b> → Removed <b>cash</b> payment amounting ₱<b>-4,096</b>', 0, '127.0.0.1', '2022-10-13 11:57:57'),
(1076, 34, '<b>HDF00322</b> → Removed <b>cash</b> payment amounting ₱<b>2,600</b>', 0, '127.0.0.1', '2022-10-13 11:58:00'),
(1077, 34, '<b>HDF00322</b> → Removed <b>cash</b> payment amounting ₱<b>-3</b>', 0, '127.0.0.1', '2022-10-13 11:58:02'),
(1078, 34, '<b>HDF00322</b> → Removed <b>cash</b> payment amounting ₱<b>224</b>', 0, '127.0.0.1', '2022-10-13 11:59:03'),
(1079, 34, '<b>HDF00322</b> → Added <b>room</b> payment to <b>304 DK</b> using <b>cash</b> amounting ₱<b>2,600</b>', 0, '127.0.0.1', '2022-10-13 12:02:16'),
(1080, 34, '<b>HDF00322</b> → Added <b>restaurant</b> payment to <b>304 DK</b> using <b>cash</b> amounting ₱<b>221</b>', 0, '127.0.0.1', '2022-10-13 12:02:16'),
(1081, 34, '<b>HDF00322</b> → Removed <b>cash</b> payment amounting ₱<b>2,600</b>', 0, '127.0.0.1', '2022-10-13 12:02:24'),
(1082, 34, '<b>HDF00322</b> → Removed <b>cash</b> payment amounting ₱<b>221</b>', 0, '127.0.0.1', '2022-10-13 12:02:28'),
(1083, 34, '<b>HDF00322</b> → Removed <b>cash</b> payment amounting ₱<b>9</b>', 0, '127.0.0.1', '2022-10-13 12:02:32'),
(1084, 34, '<b>HDF00322</b> → Added <b>room</b> payment to <b>304 DK</b> using <b>cash</b> amounting ₱<b>2,609</b>', 0, '127.0.0.1', '2022-10-13 12:02:40'),
(1085, 34, '<b>HDF00322</b> → Added <b>restaurant</b> payment to <b>304 DK</b> using <b>cash</b> amounting ₱<b>221</b>', 0, '127.0.0.1', '2022-10-13 12:02:40'),
(1086, 34, '<b>HDF00322</b> → Removed <b>cash</b> payment amounting ₱<b>4</b>', 0, '127.0.0.1', '2022-10-13 12:03:00'),
(1087, 34, '<b>HDF00322</b> → Removed <b>cash</b> payment amounting ₱<b>2,609</b>', 0, '127.0.0.1', '2022-10-13 12:03:03'),
(1088, 34, '<b>HDF00322</b> → Removed <b>cash</b> payment amounting ₱<b>221</b>', 0, '127.0.0.1', '2022-10-13 12:03:05'),
(1089, 34, '<b>HDF00322</b> → Removed <b>cash</b> payment amounting ₱<b>6</b>', 0, '127.0.0.1', '2022-10-13 12:03:08'),
(1090, 34, '<b>HDF00322</b> → Removed <b>cash</b> payment amounting ₱<b>5</b>', 0, '127.0.0.1', '2022-10-13 12:03:11'),
(1091, 34, '<b>HDF00322</b> → Removed <b>cash</b> payment amounting ₱<b>3</b>', 0, '127.0.0.1', '2022-10-13 12:03:20'),
(1092, 34, '<b>HDF00322</b> → Removed <b>cash</b> payment amounting ₱<b>2</b>', 0, '127.0.0.1', '2022-10-13 12:03:22'),
(1093, 34, '<b>HDF00322</b> → Removed <b>cash</b> payment amounting ₱<b>1</b>', 0, '127.0.0.1', '2022-10-13 12:03:24'),
(1094, 34, '<b>HDF00322</b> → Added <b>room</b> payment to <b>304 DK</b> using <b>cash</b> amounting ₱<b>2,610</b>', 0, '127.0.0.1', '2022-10-13 12:03:37'),
(1095, 34, '<b>HDF00322</b> → Added <b>restaurant</b> payment to <b>304 DK</b> using <b>cash</b> amounting ₱<b>225</b>', 0, '127.0.0.1', '2022-10-13 12:03:37'),
(1096, 34, '<b>HDF00322</b> → Removed <b>cash</b> payment amounting ₱<b>2,610</b>', 0, '127.0.0.1', '2022-10-13 12:03:41'),
(1097, 34, '<b>HDF00322</b> → Removed <b>cash</b> payment amounting ₱<b>225</b>', 0, '127.0.0.1', '2022-10-13 12:03:44'),
(1098, 34, '<b>HDF00322</b> → Added <b>room</b> payment to <b>304 DK</b> using <b>cash</b> amounting ₱<b>2,610</b>', 0, '127.0.0.1', '2022-10-13 12:03:49'),
(1099, 34, '<b>HDF00322</b> → Added <b>restaurant</b> payment to <b>304 DK</b> using <b>cash</b> amounting ₱<b>225</b>', 0, '127.0.0.1', '2022-10-13 12:03:50'),
(1100, 34, '<b>HDF00322</b> → Removed <b>cash</b> payment amounting ₱<b>225</b>', 0, '127.0.0.1', '2022-10-13 12:04:03'),
(1101, 34, '<b>HDF00322</b> → Removed <b>cash</b> payment amounting ₱<b>2,610</b>', 0, '127.0.0.1', '2022-10-13 12:04:07'),
(1102, 34, '<b>HDF00322</b> → Added <b>room</b> payment to <b>304 DK</b> using <b>cash</b> amounting ₱<b>1</b>', 0, '127.0.0.1', '2022-10-13 12:04:13'),
(1103, 34, '<b>HDF00322</b> → Added <b>restaurant</b> payment to <b>304 DK</b> using <b>cash</b> amounting ₱<b>1</b>', 0, '127.0.0.1', '2022-10-13 12:04:14'),
(1104, 34, '<b>HDF00322</b> → Removed <b>cash</b> payment amounting ₱<b>1</b>', 0, '127.0.0.1', '2022-10-13 12:05:16'),
(1105, 34, '<b>HDF00322</b> → Removed <b>cash</b> payment amounting ₱<b>1</b>', 0, '127.0.0.1', '2022-10-13 12:05:18'),
(1106, 34, '<b>HDF00322</b> → Added <b>room</b> payment to <b>304 DK</b> using <b>cash</b> amounting ₱<b>1</b>', 0, '127.0.0.1', '2022-10-13 12:05:25'),
(1107, 34, '<b>HDF00322</b> → Added <b>restaurant</b> payment to <b>304 DK</b> using <b>cash</b> amounting ₱<b>0</b>', 0, '127.0.0.1', '2022-10-13 12:05:25'),
(1108, 34, '<b>HDF00322</b> → Removed <b>cash</b> payment amounting ₱<b>0</b>', 0, '127.0.0.1', '2022-10-13 12:07:03'),
(1109, 34, '<b>HDF00322</b> → Removed <b>cash</b> payment amounting ₱<b>1</b>', 0, '127.0.0.1', '2022-10-13 12:07:06'),
(1110, 34, '<b>HDF00322</b> → Added <b>room</b> payment to <b>304 DK</b> using <b>cash</b> amounting ₱<b>1</b>', 0, '127.0.0.1', '2022-10-13 12:07:22'),
(1111, 34, '<b>HDF00322</b> → Added <b>restaurant</b> payment to <b>304 DK</b> using <b>cash</b> amounting ₱<b>0</b>', 0, '127.0.0.1', '2022-10-13 12:07:22'),
(1112, 34, '<b>HDF00322</b> → Removed <b>cash</b> payment amounting ₱<b>1</b>', 0, '127.0.0.1', '2022-10-13 12:18:06'),
(1113, 34, '<b>HDF00322</b> → Removed <b>cash</b> payment amounting ₱<b>0</b>', 0, '127.0.0.1', '2022-10-13 12:18:08'),
(1114, 34, '<b>HDF00322</b> → Added <b>1</b> payment to <b> </b> using <b>cash</b> amounting ₱<b></b>', 0, '127.0.0.1', '2022-10-13 12:18:13'),
(1115, 34, '<b>HDF00322</b> → Added <b>room</b> payment to <b>304 DK</b> using <b>cash</b> amounting ₱<b>1</b>', 0, '127.0.0.1', '2022-10-13 12:19:53'),
(1116, 34, '<b>HDF00322</b> → Added <b>restaurant</b> payment to <b>304 DK</b> using <b>cash</b> amounting ₱<b>0</b>', 0, '127.0.0.1', '2022-10-13 12:19:53'),
(1117, 34, '<b>HDF00322</b> → Removed <b>cash</b> payment amounting ₱<b>0</b>', 0, '127.0.0.1', '2022-10-13 12:19:59'),
(1118, 34, '<b>HDF00322</b> → Removed <b>cash</b> payment amounting ₱<b>1</b>', 0, '127.0.0.1', '2022-10-13 12:20:02'),
(1119, 34, '<b>HDF00322</b> → Added <b>room</b> payment to <b>304 DK</b> using <b>cash</b> amounting ₱<b>1</b>', 0, '127.0.0.1', '2022-10-13 12:20:45'),
(1120, 34, '<b>HDF00322</b> → Added <b>restaurant</b> payment to <b>304 DK</b> using <b>cash</b> amounting ₱<b>0</b>', 0, '127.0.0.1', '2022-10-13 12:20:45'),
(1121, 34, '<b>HDF00322</b> → Removed <b>cash</b> payment amounting ₱<b>1</b>', 0, '127.0.0.1', '2022-10-13 12:21:18'),
(1122, 34, '<b>HDF00322</b> → Removed <b>cash</b> payment amounting ₱<b>0</b>', 0, '127.0.0.1', '2022-10-13 12:21:21'),
(1123, 34, '<b>HDF00322</b> → Added <b>room</b> payment to <b>304 DK</b> using <b>cash</b> amounting ₱<b>1</b>', 0, '127.0.0.1', '2022-10-13 12:21:26'),
(1124, 34, '<b>HDF00322</b> → Removed <b>cash</b> payment amounting ₱<b>1</b>', 0, '127.0.0.1', '2022-10-13 12:21:29'),
(1125, 34, '<b>HDF00322</b> → Added <b>room</b> payment to <b>304 DK</b> using <b>cash</b> amounting ₱<b>2,610</b>', 0, '127.0.0.1', '2022-10-13 12:21:40'),
(1126, 34, '<b>HDF00322</b> → Added <b>restaurant</b> payment to <b>304 DK</b> using <b>cash</b> amounting ₱<b>190</b>', 0, '127.0.0.1', '2022-10-13 12:21:41'),
(1127, 34, '<b>HDF00322</b> → Removed <b>cash</b> payment amounting ₱<b>2,610</b>', 0, '127.0.0.1', '2022-10-13 12:21:49'),
(1128, 34, '<b>HDF00322</b> → Removed <b>cash</b> payment amounting ₱<b>190</b>', 0, '127.0.0.1', '2022-10-13 12:21:52'),
(1129, 34, '<b>HDF00322</b> → Added <b>room</b> payment to <b>304 DK</b> using <b>cash</b> amounting ₱<b>370</b>', 0, '127.0.0.1', '2022-10-13 13:34:48'),
(1130, 34, '<b>HDF00322</b> → Added <b>room</b> payment to <b>304 DK</b> using <b>cash</b> amounting ₱<b>200</b>', 0, '127.0.0.1', '2022-10-13 13:35:00'),
(1131, 34, '<b>HDF00322</b> → Added <b>room</b> payment to <b>304 DK</b> using <b>cash</b> amounting ₱<b>2,040</b>', 0, '127.0.0.1', '2022-10-13 13:35:10'),
(1132, 34, '<b>HDF00322</b> → Added <b>restaurant</b> payment to <b>304 DK</b> using <b>cash</b> amounting ₱<b>1</b>', 0, '127.0.0.1', '2022-10-13 13:35:10'),
(1133, 34, '<b>HDF00322</b> → Added <b>restaurant</b> payment to <b>304 DK</b> using <b>cash</b> amounting ₱<b>1</b>', 0, '127.0.0.1', '2022-10-13 13:37:43'),
(1134, 34, '<b>HDF00322</b> → Added <b>restaurant</b> payment to <b>304 DK</b> using <b>cash</b> amounting ₱<b>223</b>', 0, '127.0.0.1', '2022-10-13 13:37:57'),
(1135, 34, '<b>HDF00322</b> → Added <b>coffeeshop</b> payment to <b>304 DK</b> using <b>cash</b> amounting ₱<b>65</b>', 0, '127.0.0.1', '2022-10-13 13:37:57'),
(1136, 34, '<b>HDF00322</b> → Added <b>addons</b> payment to <b>304 DK</b> using <b>cash</b> amounting ₱<b>5,011</b>', 0, '127.0.0.1', '2022-10-13 13:37:57'),
(1137, 34, '<b>HDF00322</b> → Added <b>room</b> payment to <b>301 ES</b> using <b>cash</b> amounting ₱<b>299</b>', 0, '127.0.0.1', '2022-10-13 13:37:58'),
(1138, 34, '<b>HDF00322</b> → Removed <b>cash</b> payment amounting ₱<b>223</b>', 0, '127.0.0.1', '2022-10-13 13:38:16'),
(1139, 34, '<b>HDF00322</b> → Removed <b>cash</b> payment amounting ₱<b>65</b>', 0, '127.0.0.1', '2022-10-13 13:38:20'),
(1140, 34, '<b>HDF00322</b> → Removed <b>cash</b> payment amounting ₱<b>5,011</b>', 0, '127.0.0.1', '2022-10-13 13:38:23'),
(1141, 34, '<b>HDF00322</b> → Removed <b>cash</b> payment amounting ₱<b>299</b>', 0, '127.0.0.1', '2022-10-13 13:38:26'),
(1142, 34, '<b>HDF00322</b> → Added <b>restaurant</b> payment to <b>304 DK</b> using <b>cash</b> amounting ₱<b>223</b>', 0, '127.0.0.1', '2022-10-13 13:38:44'),
(1143, 34, '<b>HDF00322</b> → Added <b>coffeeshop</b> payment to <b>304 DK</b> using <b>cash</b> amounting ₱<b>65</b>', 0, '127.0.0.1', '2022-10-13 13:38:44'),
(1144, 34, '<b>HDF00322</b> → Added <b>addons</b> payment to <b>304 DK</b> using <b>cash</b> amounting ₱<b>5,011</b>', 0, '127.0.0.1', '2022-10-13 13:38:44'),
(1145, 34, '<b>HDF00322</b> → Added <b>room</b> payment to <b>301 ES</b> using <b>cash</b> amounting ₱<b>299</b>', 0, '127.0.0.1', '2022-10-13 13:38:45'),
(1146, 34, '<b>HDF00322</b> → Removed <b>cash</b> payment amounting ₱<b>5,011</b>', 0, '127.0.0.1', '2022-10-13 13:39:00'),
(1147, 34, '<b>HDF00322</b> → Removed <b>cash</b> payment amounting ₱<b>299</b>', 0, '127.0.0.1', '2022-10-13 13:39:03'),
(1148, 34, '<b>HDF00322</b> → Removed <b>cash</b> payment amounting ₱<b>223</b>', 0, '127.0.0.1', '2022-10-13 13:39:06'),
(1149, 34, '<b>HDF00322</b> → Removed <b>cash</b> payment amounting ₱<b>65</b>', 0, '127.0.0.1', '2022-10-13 13:39:08'),
(1150, 34, '<b>HDF00322</b> → Added <b>restaurant</b> payment to <b>304 DK</b> using <b>cash</b> amounting ₱<b>223</b>', 0, '127.0.0.1', '2022-10-13 13:39:52'),
(1151, 34, '<b>HDF00322</b> → Added <b>coffeeshop</b> payment to <b>304 DK</b> using <b>cash</b> amounting ₱<b>65</b>', 0, '127.0.0.1', '2022-10-13 13:39:52'),
(1152, 34, '<b>HDF00322</b> → Added <b>addons</b> payment to <b>304 DK</b> using <b>cash</b> amounting ₱<b>5,011</b>', 0, '127.0.0.1', '2022-10-13 13:39:52'),
(1153, 34, '<b>HDF00322</b> → Added <b>room</b> payment to <b>301 ES</b> using <b>cash</b> amounting ₱<b>299</b>', 0, '127.0.0.1', '2022-10-13 13:39:52'),
(1154, 34, '<b>HDF00322</b> → Removed <b>cash</b> payment amounting ₱<b>5,011</b>', 0, '127.0.0.1', '2022-10-13 13:55:48'),
(1155, 34, '<b>HDF00322</b> → Removed <b>cash</b> payment amounting ₱<b>299</b>', 0, '127.0.0.1', '2022-10-13 13:56:03'),
(1156, 34, '<b>HDF00322</b> → Removed <b>cash</b> payment amounting ₱<b>370</b>', 0, '127.0.0.1', '2022-10-13 13:56:09'),
(1157, 34, '<b>HDF00322</b> → Removed <b>cash</b> payment amounting ₱<b>200</b>', 0, '127.0.0.1', '2022-10-13 13:56:20'),
(1158, 34, '<b>HDF00322</b> → Removed <b>cash</b> payment amounting ₱<b>2,040</b>', 0, '127.0.0.1', '2022-10-13 13:56:24'),
(1159, 34, '<b>HDF00322</b> → Removed <b>cash</b> payment amounting ₱<b>223</b>', 0, '127.0.0.1', '2022-10-13 13:56:27'),
(1160, 34, '<b>HDF00322</b> → Removed <b>cash</b> payment amounting ₱<b>1</b>', 0, '127.0.0.1', '2022-10-13 13:56:30'),
(1161, 34, '<b>HDF00322</b> → Removed <b>cash</b> payment amounting ₱<b>1</b>', 0, '127.0.0.1', '2022-10-13 13:56:32'),
(1162, 34, '<b>HDF00322</b> → Removed <b>cash</b> payment amounting ₱<b>65</b>', 0, '127.0.0.1', '2022-10-13 13:56:34'),
(1163, 34, '<b>HDF00322</b> → Added <b>room</b> payment to <b>304 DK</b> using <b>cash</b> amounting ₱<b>2,610</b>', 0, '127.0.0.1', '2022-10-13 13:56:54'),
(1164, 34, '<b>HDF00322</b> → Added <b>restaurant</b> payment to <b>304 DK</b> using <b>cash</b> amounting ₱<b>225</b>', 0, '127.0.0.1', '2022-10-13 13:56:54'),
(1165, 34, '<b>HDF00322</b> → Added <b>coffeeshop</b> payment to <b>304 DK</b> using <b>cash</b> amounting ₱<b>65</b>', 0, '127.0.0.1', '2022-10-13 13:56:54'),
(1166, 34, '<b>HDF00322</b> → Added <b>addons</b> payment to <b>304 DK</b> using <b>cash</b> amounting ₱<b>5,011</b>', 0, '127.0.0.1', '2022-10-13 13:56:54'),
(1167, 34, '<b>HDF00322</b> → Added <b>room</b> payment to <b>301 ES</b> using <b>cash</b> amounting ₱<b>299</b>', 0, '127.0.0.1', '2022-10-13 13:56:55'),
(1168, 34, '<b>HDF00322</b> → Removed <b>cash</b> payment amounting ₱<b>5,011</b>', 0, '127.0.0.1', '2022-10-13 13:57:09'),
(1169, 34, '<b>HDF00322</b> → Added <b>addons</b> payment to <b>304 DK</b> using <b>cash</b> amounting ₱<b>5,011</b>', 0, '127.0.0.1', '2022-10-13 13:57:39'),
(1170, 34, '<b>HDF00322</b> → Added <b>room</b> payment to <b>301 ES</b> using <b>cash</b> amounting ₱<b>299</b>', 0, '127.0.0.1', '2022-10-13 13:57:39'),
(1171, 34, '<b>HDF00322</b> → Removed <b>cash</b> payment amounting ₱<b>5,011</b>', 0, '127.0.0.1', '2022-10-13 14:00:05'),
(1172, 34, '<b>HDF00322</b> → Removed <b>cash</b> payment amounting ₱<b>299</b>', 0, '127.0.0.1', '2022-10-13 14:00:16'),
(1173, 34, '<b>HDF00322</b> → Removed <b>cash</b> payment amounting ₱<b>299</b>', 0, '127.0.0.1', '2022-10-13 14:00:19'),
(1174, 34, '<b>HDF00322</b> → Added <b>addons</b> payment to <b>304 DK</b> using <b>cash</b> amounting ₱<b>5,011</b>', 0, '127.0.0.1', '2022-10-13 14:00:51'),
(1175, 34, '<b>HDF00322</b> → Added <b>room</b> payment to <b>301 ES</b> using <b>cash</b> amounting ₱<b>299</b>', 0, '127.0.0.1', '2022-10-13 14:00:51'),
(1176, 34, '<b>HDF00322</b> → Removed <b>cash</b> payment amounting ₱<b>299</b>', 0, '127.0.0.1', '2022-10-13 14:02:10'),
(1177, 34, '<b>HDF00322</b> → Removed <b>cash</b> payment amounting ₱<b>5,011</b>', 0, '127.0.0.1', '2022-10-13 14:02:13'),
(1178, 34, '<b>HDF00322</b> → Added <b>addons</b> payment to <b>304 DK</b> using <b>cash</b> amounting ₱<b>5,310</b>', 0, '127.0.0.1', '2022-10-13 14:04:12'),
(1179, 34, '<b>HDF00322</b> → Removed <b>cash</b> payment amounting ₱<b>5,310</b>', 0, '127.0.0.1', '2022-10-13 14:04:21'),
(1180, 34, '<b>301 ES</b> → Removed <b>restaurant</b> charge: Ref. <b>1 Food 1</b> pc for ₱<b>120</b> each', 0, '127.0.0.1', '2022-10-13 14:04:23'),
(1181, 34, '<b>HDF00322</b> → Removed <b>cash</b> payment amounting ₱<b>2,610</b>', 0, '127.0.0.1', '2022-10-13 14:04:30'),
(1182, 34, '<b>HDF00322</b> → Removed <b>cash</b> payment amounting ₱<b>225</b>', 0, '127.0.0.1', '2022-10-13 14:04:35'),
(1183, 34, '<b>HDF00322</b> → Removed <b>cash</b> payment amounting ₱<b>65</b>', 0, '127.0.0.1', '2022-10-13 14:04:38'),
(1184, 34, '<b>301 ES</b> → Added <b>5 Additional Amenities</b> - <b>Bottled Water (250 ml)</b> amounting ₱<b>25</b> each', 0, '127.0.0.1', '2022-10-13 14:05:01'),
(1185, 34, '<b>304 DK</b> → Removed <b>4</b> <b>Additional Amenities</b> - <b>Bottled Water (500 ml)</b> amounting ₱<b>50</b> each', 0, '127.0.0.1', '2022-10-13 14:05:11'),
(1186, 34, '<b>HDF00322</b> → Added <b>room</b> payment to <b>304 DK</b> using <b>cash</b> amounting ₱<b>2,610</b>', 0, '127.0.0.1', '2022-10-13 14:05:26'),
(1187, 34, '<b>HDF00322</b> → Added <b>restaurant</b> payment to <b>304 DK</b> using <b>cash</b> amounting ₱<b>225</b>', 0, '127.0.0.1', '2022-10-13 14:05:26'),
(1188, 34, '<b>HDF00322</b> → Added <b>coffeeshop</b> payment to <b>304 DK</b> using <b>cash</b> amounting ₱<b>65</b>', 0, '127.0.0.1', '2022-10-13 14:05:26'),
(1189, 34, '<b>HDF00322</b> → Added <b>addons</b> payment to <b>304 DK</b> using <b>cash</b> amounting ₱<b>5,110</b>', 0, '127.0.0.1', '2022-10-13 14:05:26'),
(1190, 34, '<b>HDF00322</b> → Removed <b>cash</b> payment amounting ₱<b>2,610</b>', 0, '127.0.0.1', '2022-10-13 14:05:38'),
(1191, 34, '<b>HDF00322</b> → Removed <b>cash</b> payment amounting ₱<b>225</b>', 0, '127.0.0.1', '2022-10-13 14:05:40'),
(1192, 34, '<b>HDF00322</b> → Removed <b>cash</b> payment amounting ₱<b>65</b>', 0, '127.0.0.1', '2022-10-13 14:05:42'),
(1193, 34, '<b>HDF00322</b> → Removed <b>cash</b> payment amounting ₱<b>5,110</b>', 0, '127.0.0.1', '2022-10-13 14:05:44'),
(1194, 34, '<b>HDF00322</b> → Added <b>room</b> payment to <b>304 DK</b> using <b>cash</b> amounting ₱<b>2,610</b>', 0, '127.0.0.1', '2022-10-13 14:05:54'),
(1195, 34, '<b>HDF00322</b> → Added <b>restaurant</b> payment to <b>304 DK</b> using <b>cash</b> amounting ₱<b>225</b>', 0, '127.0.0.1', '2022-10-13 14:05:54'),
(1196, 34, '<b>HDF00322</b> → Added <b>coffeeshop</b> payment to <b>304 DK</b> using <b>cash</b> amounting ₱<b>65</b>', 0, '127.0.0.1', '2022-10-13 14:05:55'),
(1197, 34, '<b>HDF00322</b> → Added <b>addons</b> payment to <b>304 DK</b> using <b>cash</b> amounting ₱<b>5,110</b>', 0, '127.0.0.1', '2022-10-13 14:05:55'),
(1198, 34, '<b>HDF00322</b> → Added <b>room</b> payment to <b>301 ES</b> using <b>cash</b> amounting ₱<b>1</b>', 0, '127.0.0.1', '2022-10-13 14:05:55'),
(1199, 34, '<b>HDF00322</b> → Removed <b>cash</b> payment amounting ₱<b>5,110</b>', 0, '127.0.0.1', '2022-10-13 14:05:59'),
(1200, 34, '<b>HDF00322</b> → Removed <b>cash</b> payment amounting ₱<b>1</b>', 0, '127.0.0.1', '2022-10-13 14:06:01'),
(1201, 34, '<b>HDF00322</b> → Removed <b>cash</b> payment amounting ₱<b>2,610</b>', 0, '127.0.0.1', '2022-10-13 14:06:04'),
(1202, 34, '<b>HDF00322</b> → Removed <b>cash</b> payment amounting ₱<b>225</b>', 0, '127.0.0.1', '2022-10-13 14:06:06'),
(1203, 34, '<b>HDF00322</b> → Removed <b>cash</b> payment amounting ₱<b>65</b>', 0, '127.0.0.1', '2022-10-13 14:06:08'),
(1204, 34, '<b>HDF00322</b> → Added <b>room</b> payment to <b>304 DK</b> using <b>cash</b> amounting ₱<b>2,610</b>', 0, '127.0.0.1', '2022-10-13 14:06:17'),
(1205, 34, '<b>HDF00322</b> → Added <b>restaurant</b> payment to <b>304 DK</b> using <b>cash</b> amounting ₱<b>225</b>', 0, '127.0.0.1', '2022-10-13 14:06:17'),
(1206, 34, '<b>HDF00322</b> → Added <b>coffeeshop</b> payment to <b>304 DK</b> using <b>cash</b> amounting ₱<b>65</b>', 0, '127.0.0.1', '2022-10-13 14:06:18'),
(1207, 34, '<b>HDF00322</b> → Added <b>addons</b> payment to <b>304 DK</b> using <b>cash</b> amounting ₱<b>5,110</b>', 0, '127.0.0.1', '2022-10-13 14:06:18'),
(1208, 34, '<b>HDF00322</b> → Added <b>room</b> payment to <b>301 ES</b> using <b>cash</b> amounting ₱<b>4,320</b>', 0, '127.0.0.1', '2022-10-13 14:06:18'),
(1209, 34, '<b>HDF00322</b> → Added <b>addons</b> payment to <b>301 ES</b> using <b>cash</b> amounting ₱<b>6,845</b>', 0, '127.0.0.1', '2022-10-13 14:06:18'),
(1210, 34, '<b>HDF00322</b> → Removed <b>cash</b> payment amounting ₱<b>5,110</b>', 0, '127.0.0.1', '2022-10-13 14:06:27'),
(1211, 34, '<b>HDF00322</b> → Removed <b>cash</b> payment amounting ₱<b>4,320</b>', 0, '127.0.0.1', '2022-10-13 14:06:30'),
(1212, 34, '<b>HDF00322</b> → Removed <b>cash</b> payment amounting ₱<b>6,845</b>', 0, '127.0.0.1', '2022-10-13 14:06:32'),
(1213, 34, '<b>HDF00322</b> → Removed <b>cash</b> payment amounting ₱<b>2,610</b>', 0, '127.0.0.1', '2022-10-13 14:06:34'),
(1214, 34, '<b>HDF00322</b> → Removed <b>cash</b> payment amounting ₱<b>225</b>', 0, '127.0.0.1', '2022-10-13 14:06:42'),
(1215, 34, '<b>HDF00322</b> → Removed <b>cash</b> payment amounting ₱<b>65</b>', 0, '127.0.0.1', '2022-10-13 14:06:47'),
(1216, 34, '<b>HDF00322</b> → Added <b>room</b> payment to <b>304 DK</b> using <b>cash</b> amounting ₱<b>2,610</b>', 0, '127.0.0.1', '2022-10-13 14:07:18'),
(1217, 34, '<b>HDF00322</b> → Added <b>restaurant</b> payment to <b>304 DK</b> using <b>cash</b> amounting ₱<b>225</b>', 0, '127.0.0.1', '2022-10-13 14:07:18'),
(1218, 34, '<b>HDF00322</b> → Added <b>coffeeshop</b> payment to <b>304 DK</b> using <b>cash</b> amounting ₱<b>65</b>', 0, '127.0.0.1', '2022-10-13 14:07:18'),
(1219, 34, '<b>HDF00322</b> → Added <b>addons</b> payment to <b>304 DK</b> using <b>cash</b> amounting ₱<b>5,110</b>', 0, '127.0.0.1', '2022-10-13 14:07:18'),
(1220, 34, '<b>HDF00322</b> → Added <b>room</b> payment to <b>301 ES</b> using <b>cash</b> amounting ₱<b>4,320</b>', 0, '127.0.0.1', '2022-10-13 14:07:18'),
(1221, 34, '<b>HDF00322</b> → Added <b>addons</b> payment to <b>301 ES</b> using <b>cash</b> amounting ₱<b>6,845</b>', 0, '127.0.0.1', '2022-10-13 14:07:19'),
(1222, 34, '<b>HDF00322</b> → Removed <b>cash</b> payment amounting ₱<b>2,610</b>', 0, '127.0.0.1', '2022-10-13 14:07:28'),
(1223, 34, '<b>HDF00322</b> → Removed <b>cash</b> payment amounting ₱<b>5,110</b>', 0, '127.0.0.1', '2022-10-13 14:08:35'),
(1224, 34, '<b>HDF00322</b> → Removed <b>cash</b> payment amounting ₱<b>6,845</b>', 0, '127.0.0.1', '2022-10-13 14:08:48'),
(1225, 34, '<b>HDF00322</b> → Removed <b>cash</b> payment amounting ₱<b>4,320</b>', 0, '127.0.0.1', '2022-10-13 14:08:53'),
(1226, 34, '<b>HDF00322</b> → Removed <b>cash</b> payment amounting ₱<b>225</b>', 0, '127.0.0.1', '2022-10-13 14:08:56'),
(1227, 34, '<b>HDF00322</b> → Removed <b>cash</b> payment amounting ₱<b>65</b>', 0, '127.0.0.1', '2022-10-13 14:08:59'),
(1228, 34, '<b>301 ES</b> → Removed <b>1</b> <b>Early & Late Charges</b> - <b>Late Check out (Full-day Charge)</b> amounting ₱<b>0</b> each', 0, '127.0.0.1', '2022-10-13 15:08:56'),
(1229, 34, '<b>301 ES</b> → Removed <b>5</b> <b>Additional Amenities</b> - <b>Bottled Water (250 ml)</b> amounting ₱<b>25</b> each', 0, '127.0.0.1', '2022-10-13 15:09:12'),
(1230, 34, '<b>301 ES</b> → Added <b>2 Additional Amenities</b> - <b>Bottled Water (250 ml)</b> amounting ₱<b>25</b> each', 0, '127.0.0.1', '2022-10-13 15:09:38'),
(1231, 34, '<b>HDF00322</b> → Added <b>room</b> payment to <b>304 DK</b> using <b>cash</b> amounting ₱<b>10</b>', 0, '127.0.0.1', '2022-10-13 15:20:26'),
(1232, 34, '<b>HDF00322</b> → Added <b>room</b> payment to <b>301 ES</b> using <b>cash</b> amounting ₱<b>20</b>', 0, '127.0.0.1', '2022-10-13 15:21:34'),
(1233, 34, '<b>HDF00322</b> → Removed <b>cash</b> payment amounting ₱<b>20</b>', 0, '127.0.0.1', '2022-10-13 15:22:41'),
(1234, 34, '<b>HDF00322</b> → Added <b>room</b> payment to <b>304 DK</b> using <b>cash</b> amounting ₱<b>2,600</b>', 0, '127.0.0.1', '2022-10-13 15:30:59'),
(1235, 34, '<b>HDF00322</b> → Added <b>restaurant</b> payment to <b>304 DK</b> using <b>cash</b> amounting ₱<b>225</b>', 0, '127.0.0.1', '2022-10-13 15:30:59'),
(1236, 34, '<b>HDF00322</b> → Added <b>coffeeshop</b> payment to <b>304 DK</b> using <b>cash</b> amounting ₱<b>65</b>', 0, '127.0.0.1', '2022-10-13 15:30:59'),
(1237, 34, '<b>HDF00322</b> → Added <b>addons</b> payment to <b>304 DK</b> using <b>cash</b> amounting ₱<b>5,110</b>', 0, '127.0.0.1', '2022-10-13 15:30:59'),
(1238, 34, '<b>HDF00322</b> → Added <b>room</b> payment to <b>301 ES</b> using <b>cash</b> amounting ₱<b>4,320</b>', 0, '127.0.0.1', '2022-10-13 15:31:00'),
(1239, 34, '<b>HDF00322</b> → Added <b>addons</b> payment to <b>301 ES</b> using <b>cash</b> amounting ₱<b>2,450</b>', 0, '127.0.0.1', '2022-10-13 15:31:00'),
(1240, 34, '<b>HDF00322</b> → Removed <b>cash</b> payment amounting ₱<b>2,450</b>', 0, '127.0.0.1', '2022-10-13 15:36:45'),
(1241, 34, '<b>HDF00322</b> → Added <b>addons</b> payment to <b>301 ES</b> using <b>cash</b> amounting ₱<b>2,450</b>', 0, '127.0.0.1', '2022-10-13 15:37:24'),
(1242, 34, '<b>HDF00322</b> → Removed <b>cash</b> payment amounting ₱<b>2,450</b>', 0, '127.0.0.1', '2022-10-13 15:39:55'),
(1243, 34, '<b>HDF00322</b> → Removed <b>cash</b> payment amounting ₱<b>2,600</b>', 0, '127.0.0.1', '2022-10-13 15:40:35'),
(1244, 34, '<b>HDF00322</b> → Removed <b>cash</b> payment amounting ₱<b>225</b>', 0, '127.0.0.1', '2022-10-13 15:40:37'),
(1245, 34, '<b>HDF00322</b> → Removed <b>cash</b> payment amounting ₱<b>65</b>', 0, '127.0.0.1', '2022-10-13 15:40:39'),
(1246, 34, '<b>HDF00322</b> → Removed <b>cash</b> payment amounting ₱<b>5,110</b>', 0, '127.0.0.1', '2022-10-13 15:40:41'),
(1247, 34, '<b>HDF00322</b> → Removed <b>cash</b> payment amounting ₱<b>4,320</b>', 0, '127.0.0.1', '2022-10-13 15:40:43'),
(1248, 34, '<b>HDF00322</b> → Removed <b>cash</b> payment amounting ₱<b>10</b>', 0, '127.0.0.1', '2022-10-13 15:40:45'),
(1249, 34, '<b>HDF00322</b> → Added <b>room</b> payment to <b>304 DK</b> using <b>cash</b> amounting ₱<b>2,610</b>', 0, '127.0.0.1', '2022-10-13 15:42:01'),
(1250, 34, '<b>HDF00322</b> → Added <b>restaurant</b> payment to <b>304 DK</b> using <b>cash</b> amounting ₱<b>225</b>', 0, '127.0.0.1', '2022-10-13 15:42:01'),
(1251, 34, '<b>HDF00322</b> → Added <b>coffeeshop</b> payment to <b>304 DK</b> using <b>cash</b> amounting ₱<b>65</b>', 0, '127.0.0.1', '2022-10-13 15:42:01'),
(1252, 34, '<b>HDF00322</b> → Added <b>addons</b> payment to <b>304 DK</b> using <b>cash</b> amounting ₱<b>5,110</b>', 0, '127.0.0.1', '2022-10-13 15:42:01'),
(1253, 34, '<b>HDF00322</b> → Added <b>room</b> payment to <b>301 ES</b> using <b>cash</b> amounting ₱<b>4,320</b>', 0, '127.0.0.1', '2022-10-13 15:42:02'),
(1254, 34, '<b>HDF00322</b> → Added <b>addons</b> payment to <b>301 ES</b> using <b>cash</b> amounting ₱<b>2,450</b>', 0, '127.0.0.1', '2022-10-13 15:42:02'),
(1255, 34, '<b>HDF00322</b> → Removed <b>cash</b> payment amounting ₱<b>2,450</b>', 0, '127.0.0.1', '2022-10-13 15:46:53'),
(1256, 34, '<b>HDF00322</b> → Added <b>addons</b> payment to <b>301 ES</b> using <b>cash</b> amounting ₱<b>1</b>', 0, '127.0.0.1', '2022-10-13 15:46:59'),
(1257, 34, 'User logged in', 1, '127.0.0.1', '2022-10-14 09:54:45'),
(1258, 34, '<b>HDF00322</b> → Added <b>addons</b> payment to <b>301 ES</b> using <b>cash</b> amounting ₱<b>2,449</b>', 0, '127.0.0.1', '2022-10-14 09:59:13'),
(1259, 34, '<b>HDF00322</b> → Removed <b>cash</b> payment amounting ₱<b>2,449</b>', 0, '127.0.0.1', '2022-10-14 10:04:30'),
(1260, 34, '<b>HDF00322</b> → Removed <b>cash</b> payment amounting ₱<b>1</b>', 0, '127.0.0.1', '2022-10-14 10:04:33'),
(1261, 34, '<b>HDF00322</b> → Removed <b>cash</b> payment amounting ₱<b>2,610</b>', 0, '127.0.0.1', '2022-10-14 10:04:36'),
(1262, 34, '<b>HDF00322</b> → Removed <b>cash</b> payment amounting ₱<b>225</b>', 0, '127.0.0.1', '2022-10-14 10:04:39'),
(1263, 34, '<b>HDF00322</b> → Removed <b>cash</b> payment amounting ₱<b>65</b>', 0, '127.0.0.1', '2022-10-14 10:04:46'),
(1264, 34, '<b>HDF00322</b> → Removed <b>cash</b> payment amounting ₱<b>5,110</b>', 0, '127.0.0.1', '2022-10-14 10:04:50'),
(1265, 34, '<b>HDF00322</b> → Removed <b>cash</b> payment amounting ₱<b>4,320</b>', 0, '127.0.0.1', '2022-10-14 10:04:53'),
(1266, 34, 'User logged in', 1, '127.0.0.1', '2022-10-14 14:57:37'),
(1267, 34, '<b>HDF00322</b> → Added <b>room</b> payment to <b>414 SSK</b> using <b>cash</b> amounting ₱<b>9</b>', 0, '127.0.0.1', '2022-10-14 15:02:28'),
(1268, 34, '<b>HDF00322</b> → Added <b>addons</b> payment to <b>414 SSK</b> using <b>cash</b> amounting ₱<b>5,100</b>', 0, '127.0.0.1', '2022-10-14 15:02:28'),
(1269, 34, '<b>HDF00322</b> → Removed <b>cash</b> payment amounting ₱<b>9</b>', 0, '127.0.0.1', '2022-10-14 15:06:41'),
(1270, 34, '<b>HDF00322</b> → Removed <b>cash</b> payment amounting ₱<b>5,100</b>', 0, '127.0.0.1', '2022-10-14 15:06:43'),
(1271, 34, '<b>HDF00322</b> → Added <b>room</b> payment to <b>304 DK</b> using <b>cash</b> amounting ₱<b>2,610</b>', 0, '127.0.0.1', '2022-10-14 15:06:48'),
(1272, 34, '<b>HDF00322</b> → Added <b>restaurant</b> payment to <b>304 DK</b> using <b>cash</b> amounting ₱<b>225</b>', 0, '127.0.0.1', '2022-10-14 15:06:49'),
(1273, 34, '<b>HDF00322</b> → Added <b>coffeeshop</b> payment to <b>304 DK</b> using <b>cash</b> amounting ₱<b>65</b>', 0, '127.0.0.1', '2022-10-14 15:06:49'),
(1274, 34, '<b>HDF00322</b> → Added <b>addons</b> payment to <b>304 DK</b> using <b>cash</b> amounting ₱<b>5,110</b>', 0, '127.0.0.1', '2022-10-14 15:06:49'),
(1275, 34, '<b>HDF00322</b> → Added <b>room</b> payment to <b>301 ES</b> using <b>cash</b> amounting ₱<b>4,320</b>', 0, '127.0.0.1', '2022-10-14 15:06:49'),
(1276, 34, '<b>HDF00322</b> → Added <b>addons</b> payment to <b>301 ES</b> using <b>cash</b> amounting ₱<b>2,450</b>', 0, '127.0.0.1', '2022-10-14 15:06:49'),
(1277, 34, '<b>HDF00322</b> → Added <b>room</b> payment to <b>301 ES</b> using <b>cash</b> amounting ₱<b>4,320</b>', 0, '127.0.0.1', '2022-10-14 15:22:49'),
(1278, 34, '<b>HDF00322</b> → Added <b>addons</b> payment to <b>301 ES</b> using <b>cash</b> amounting ₱<b>2,450</b>', 0, '127.0.0.1', '2022-10-14 15:22:49'),
(1279, 34, '<b>HDF00322</b> → Removed <b>cash</b> payment amounting ₱<b>4,320</b>', 0, '127.0.0.1', '2022-10-14 15:22:55'),
(1280, 34, '<b>HDF00322</b> → Removed <b>cash</b> payment amounting ₱<b>2,450</b>', 0, '127.0.0.1', '2022-10-14 15:22:57'),
(1281, 34, '<b>HDF00322</b> → Added <b>room</b> payment to <b>304 DK</b> using <b>cash</b> amounting ₱<b>2,610</b>', 0, '127.0.0.1', '2022-10-14 15:23:02'),
(1282, 34, '<b>HDF00322</b> → Added <b>restaurant</b> payment to <b>304 DK</b> using <b>cash</b> amounting ₱<b>225</b>', 0, '127.0.0.1', '2022-10-14 15:23:02'),
(1283, 34, '<b>HDF00322</b> → Added <b>coffeeshop</b> payment to <b>304 DK</b> using <b>cash</b> amounting ₱<b>65</b>', 0, '127.0.0.1', '2022-10-14 15:23:02'),
(1284, 34, '<b>HDF00322</b> → Added <b>addons</b> payment to <b>304 DK</b> using <b>cash</b> amounting ₱<b>5,110</b>', 0, '127.0.0.1', '2022-10-14 15:23:02'),
(1285, 34, '<b>HDF00322</b> → Added <b>room</b> payment to <b>301 ES</b> using <b>cash</b> amounting ₱<b>4,320</b>', 0, '127.0.0.1', '2022-10-14 15:23:02'),
(1286, 34, '<b>HDF00322</b> → Added <b>addons</b> payment to <b>301 ES</b> using <b>cash</b> amounting ₱<b>2,450</b>', 0, '127.0.0.1', '2022-10-14 15:23:02'),
(1287, 34, '<b>HDF00322</b> → Added <b>room</b> payment to <b>301 ES</b> using <b>card</b> amounting ₱<b>4,320</b>', 0, '127.0.0.1', '2022-10-14 15:23:26'),
(1288, 34, '<b>HDF00322</b> → Added <b>addons</b> payment to <b>301 ES</b> using <b>card</b> amounting ₱<b>2,450</b>', 0, '127.0.0.1', '2022-10-14 15:23:26'),
(1289, 34, '<b>HDF00322</b> → Removed <b>card</b> payment amounting ₱<b>4,320</b>', 0, '127.0.0.1', '2022-10-14 15:23:33'),
(1290, 34, '<b>HDF00322</b> → Removed <b>card</b> payment amounting ₱<b>2,450</b>', 0, '127.0.0.1', '2022-10-14 15:23:35'),
(1291, 34, '<b>HDF00322</b> → Added <b>addons</b> payment to <b>304 DK</b> using <b>check</b> amounting ₱<b>1,400</b>', 0, '127.0.0.1', '2022-10-14 15:23:42'),
(1292, 34, '<b>HDF00322</b> → Removed <b>check</b> payment amounting ₱<b>1,400</b>', 0, '127.0.0.1', '2022-10-14 15:23:50'),
(1293, 34, '<b>HDF00322</b> → Added <b>addons</b> payment to <b>304 DK</b> using <b>cash</b> amounting ₱<b>2,610</b>', 0, '127.0.0.1', '2022-10-14 15:24:16'),
(1294, 34, '<b>HDF00322</b> → Removed <b>cash</b> payment amounting ₱<b>2,610</b>', 0, '127.0.0.1', '2022-10-14 15:24:20'),
(1295, 34, '<b>HDF00322</b> → Charged this booking to <b>ADAM   HUMPHREYS </b>', 4, '127.0.0.1', '2022-10-14 15:26:01'),
(1296, 34, '<b>HDF00322</b> → Added <b>room</b> payment to <b>304 DK</b> using <b>cash</b> amounting ₱<b>2,610</b>', 0, '127.0.0.1', '2022-10-14 15:35:45'),
(1297, 34, '<b>HDF00322</b> → Added <b>restaurant</b> payment to <b>304 DK</b> using <b>cash</b> amounting ₱<b>225</b>', 0, '127.0.0.1', '2022-10-14 15:35:46'),
(1298, 34, '<b>HDF00322</b> → Added <b>coffeeshop</b> payment to <b>304 DK</b> using <b>cash</b> amounting ₱<b>65</b>', 0, '127.0.0.1', '2022-10-14 15:35:46'),
(1299, 34, '<b>HDF00322</b> → Added <b>addons</b> payment to <b>304 DK</b> using <b>cash</b> amounting ₱<b>5,110</b>', 0, '127.0.0.1', '2022-10-14 15:35:46'),
(1300, 34, '<b>HDF00322</b> → Added <b>room</b> payment to <b>301 ES</b> using <b>cash</b> amounting ₱<b>4,320</b>', 0, '127.0.0.1', '2022-10-14 15:35:46'),
(1301, 34, '<b>HDF00322</b> → Added <b>addons</b> payment to <b>301 ES</b> using <b>cash</b> amounting ₱<b>2,450</b>', 0, '127.0.0.1', '2022-10-14 15:35:46'),
(1302, 34, '<b>HDF00322</b> → Removed <b>cash</b> payment amounting ₱<b>65</b>', 0, '127.0.0.1', '2022-10-14 15:54:37'),
(1303, 34, '<b>HDF00322</b> → Added refund amount of ₱<b>2</b> to <b>304 DK</b> with a reason of <b></b>', 0, '127.0.0.1', '2022-10-14 16:02:14'),
(1304, 34, '<b>HDF00322</b> → Removed <b></b> payment amounting ₱<b>2</b>', 0, '127.0.0.1', '2022-10-14 16:20:55'),
(1305, 34, '<b>HDF00322</b> → Removed <b>cash</b> payment amounting ₱<b>5,110</b>', 0, '127.0.0.1', '2022-10-14 16:20:58'),
(1306, 34, '<b>HDF00322</b> → Removed <b>cash</b> payment amounting ₱<b>4,320</b>', 0, '127.0.0.1', '2022-10-14 16:21:00'),
(1307, 34, '<b>HDF00322</b> → Removed <b>cash</b> payment amounting ₱<b>2,450</b>', 0, '127.0.0.1', '2022-10-14 16:21:01'),
(1308, 34, '<b>HDF00322</b> → Removed <b>cash</b> payment amounting ₱<b>2,610</b>', 0, '127.0.0.1', '2022-10-14 16:21:04'),
(1309, 34, '<b>HDF00322</b> → Removed <b>cash</b> payment amounting ₱<b>225</b>', 0, '127.0.0.1', '2022-10-14 16:21:06'),
(1310, 34, '<b>HDF00322</b> → Added <b>room</b> payment to <b>304 DK</b> using <b>cash</b> amounting ₱<b>2,610</b>', 0, '127.0.0.1', '2022-10-14 16:21:12'),
(1311, 34, '<b>HDF00322</b> → Added <b>restaurant</b> payment to <b>304 DK</b> using <b>cash</b> amounting ₱<b>225</b>', 0, '127.0.0.1', '2022-10-14 16:21:12'),
(1312, 34, '<b>HDF00322</b> → Added <b>coffeeshop</b> payment to <b>304 DK</b> using <b>cash</b> amounting ₱<b>65</b>', 0, '127.0.0.1', '2022-10-14 16:21:12'),
(1313, 34, '<b>HDF00322</b> → Added <b>addons</b> payment to <b>304 DK</b> using <b>cash</b> amounting ₱<b>5,110</b>', 0, '127.0.0.1', '2022-10-14 16:21:12'),
(1314, 34, '<b>HDF00322</b> → Added <b>room</b> payment to <b>301 ES</b> using <b>cash</b> amounting ₱<b>4,320</b>', 0, '127.0.0.1', '2022-10-14 16:21:12'),
(1315, 34, '<b>HDF00322</b> → Added <b>addons</b> payment to <b>301 ES</b> using <b>cash</b> amounting ₱<b>2,450</b>', 0, '127.0.0.1', '2022-10-14 16:21:13'),
(1316, 34, '<b>HDF00322</b> → Removed <b>cash</b> payment amounting ₱<b>2,610</b>', 0, '127.0.0.1', '2022-10-14 16:21:17'),
(1317, 34, '<b>HDF00322</b> → Removed <b>cash</b> payment amounting ₱<b>225</b>', 0, '127.0.0.1', '2022-10-14 16:21:19'),
(1318, 34, '<b>HDF00322</b> → Removed <b>cash</b> payment amounting ₱<b>65</b>', 0, '127.0.0.1', '2022-10-14 16:21:21'),
(1319, 34, '<b>HDF00322</b> → Removed <b>cash</b> payment amounting ₱<b>5,110</b>', 0, '127.0.0.1', '2022-10-14 16:21:23'),
(1320, 34, '<b>HDF00322</b> → Removed <b>cash</b> payment amounting ₱<b>4,320</b>', 0, '127.0.0.1', '2022-10-14 16:21:25'),
(1321, 34, '<b>HDF00322</b> → Removed <b>cash</b> payment amounting ₱<b>2,450</b>', 0, '127.0.0.1', '2022-10-14 16:21:27'),
(1322, 34, '<b>HDF00322</b> → Charged this booking to <b>Francisco Osdon Ibañez </b>', 4, '127.0.0.1', '2022-10-14 16:21:43'),
(1323, 34, 'Booked Francisco Ibañez in room 407', 0, '127.0.0.1', '2022-10-14 16:31:18');

--
-- Indexes for dumped tables
--

--
-- Indexes for table `booked_rooms`
--
ALTER TABLE `booked_rooms`
  ADD PRIMARY KEY (`booked_room_id`);

--
-- Indexes for table `bookings`
--
ALTER TABLE `bookings`
  ADD PRIMARY KEY (`booking_id`);

--
-- Indexes for table `booking_logs`
--
ALTER TABLE `booking_logs`
  ADD PRIMARY KEY (`booking_log_id`);

--
-- Indexes for table `booking_payment`
--
ALTER TABLE `booking_payment`
  ADD PRIMARY KEY (`booking_payment_id`);

--
-- Indexes for table `booking_refund`
--
ALTER TABLE `booking_refund`
  ADD PRIMARY KEY (`booking_refund_id`);

--
-- Indexes for table `cash`
--
ALTER TABLE `cash`
  ADD PRIMARY KEY (`cash_id`);

--
-- Indexes for table `categories`
--
ALTER TABLE `categories`
  ADD PRIMARY KEY (`category_id`);

--
-- Indexes for table `charges`
--
ALTER TABLE `charges`
  ADD PRIMARY KEY (`charge_id`);

--
-- Indexes for table `charges_food`
--
ALTER TABLE `charges_food`
  ADD PRIMARY KEY (`charges_food_id`);

--
-- Indexes for table `charges_other`
--
ALTER TABLE `charges_other`
  ADD PRIMARY KEY (`charges_other_id`);

--
-- Indexes for table `discounts`
--
ALTER TABLE `discounts`
  ADD PRIMARY KEY (`discount_id`);

--
-- Indexes for table `expenses`
--
ALTER TABLE `expenses`
  ADD PRIMARY KEY (`expense_id`);

--
-- Indexes for table `guests`
--
ALTER TABLE `guests`
  ADD PRIMARY KEY (`guest_id`);

--
-- Indexes for table `notification`
--
ALTER TABLE `notification`
  ADD PRIMARY KEY (`id`);

--
-- Indexes for table `prices`
--
ALTER TABLE `prices`
  ADD PRIMARY KEY (`price_id`);

--
-- Indexes for table `remittances`
--
ALTER TABLE `remittances`
  ADD PRIMARY KEY (`remittance_id`);

--
-- Indexes for table `rooms`
--
ALTER TABLE `rooms`
  ADD PRIMARY KEY (`id`);

--
-- Indexes for table `room_statuses`
--
ALTER TABLE `room_statuses`
  ADD PRIMARY KEY (`id`);

--
-- Indexes for table `room_type`
--
ALTER TABLE `room_type`
  ADD PRIMARY KEY (`id`);

--
-- Indexes for table `sales`
--
ALTER TABLE `sales`
  ADD PRIMARY KEY (`sales_id`);

--
-- Indexes for table `users`
--
ALTER TABLE `users`
  ADD PRIMARY KEY (`id`);

--
-- Indexes for table `user_logs`
--
ALTER TABLE `user_logs`
  ADD PRIMARY KEY (`id`);

--
-- AUTO_INCREMENT for dumped tables
--

--
-- AUTO_INCREMENT for table `booked_rooms`
--
ALTER TABLE `booked_rooms`
  MODIFY `booked_room_id` int(11) NOT NULL AUTO_INCREMENT, AUTO_INCREMENT=362;

--
-- AUTO_INCREMENT for table `bookings`
--
ALTER TABLE `bookings`
  MODIFY `booking_id` int(11) NOT NULL AUTO_INCREMENT, AUTO_INCREMENT=324;

--
-- AUTO_INCREMENT for table `booking_logs`
--
ALTER TABLE `booking_logs`
  MODIFY `booking_log_id` int(11) NOT NULL AUTO_INCREMENT, AUTO_INCREMENT=1004;

--
-- AUTO_INCREMENT for table `booking_payment`
--
ALTER TABLE `booking_payment`
  MODIFY `booking_payment_id` int(11) NOT NULL AUTO_INCREMENT, AUTO_INCREMENT=213;

--
-- AUTO_INCREMENT for table `booking_refund`
--
ALTER TABLE `booking_refund`
  MODIFY `booking_refund_id` int(11) NOT NULL AUTO_INCREMENT, AUTO_INCREMENT=3;

--
-- AUTO_INCREMENT for table `cash`
--
ALTER TABLE `cash`
  MODIFY `cash_id` int(11) NOT NULL AUTO_INCREMENT, AUTO_INCREMENT=309;

--
-- AUTO_INCREMENT for table `categories`
--
ALTER TABLE `categories`
  MODIFY `category_id` int(11) NOT NULL AUTO_INCREMENT, AUTO_INCREMENT=16;

--
-- AUTO_INCREMENT for table `charges`
--
ALTER TABLE `charges`
  MODIFY `charge_id` int(11) NOT NULL AUTO_INCREMENT, AUTO_INCREMENT=45;

--
-- AUTO_INCREMENT for table `charges_food`
--
ALTER TABLE `charges_food`
  MODIFY `charges_food_id` int(11) NOT NULL AUTO_INCREMENT, AUTO_INCREMENT=19;

--
-- AUTO_INCREMENT for table `charges_other`
--
ALTER TABLE `charges_other`
  MODIFY `charges_other_id` int(11) NOT NULL AUTO_INCREMENT, AUTO_INCREMENT=85;

--
-- AUTO_INCREMENT for table `discounts`
--
ALTER TABLE `discounts`
  MODIFY `discount_id` int(11) NOT NULL AUTO_INCREMENT, AUTO_INCREMENT=18;

--
-- AUTO_INCREMENT for table `expenses`
--
ALTER TABLE `expenses`
  MODIFY `expense_id` int(11) NOT NULL AUTO_INCREMENT, AUTO_INCREMENT=9;

--
-- AUTO_INCREMENT for table `guests`
--
ALTER TABLE `guests`
  MODIFY `guest_id` int(11) NOT NULL AUTO_INCREMENT, AUTO_INCREMENT=274;

--
-- AUTO_INCREMENT for table `notification`
--
ALTER TABLE `notification`
  MODIFY `id` int(11) NOT NULL AUTO_INCREMENT;

--
-- AUTO_INCREMENT for table `prices`
--
ALTER TABLE `prices`
  MODIFY `price_id` int(11) NOT NULL AUTO_INCREMENT, AUTO_INCREMENT=3;

--
-- AUTO_INCREMENT for table `remittances`
--
ALTER TABLE `remittances`
  MODIFY `remittance_id` int(11) NOT NULL AUTO_INCREMENT;

--
-- AUTO_INCREMENT for table `rooms`
--
ALTER TABLE `rooms`
  MODIFY `id` int(11) NOT NULL AUTO_INCREMENT, AUTO_INCREMENT=67;

--
-- AUTO_INCREMENT for table `room_statuses`
--
ALTER TABLE `room_statuses`
  MODIFY `id` int(11) NOT NULL AUTO_INCREMENT, AUTO_INCREMENT=9;

--
-- AUTO_INCREMENT for table `room_type`
--
ALTER TABLE `room_type`
  MODIFY `id` int(11) NOT NULL AUTO_INCREMENT, AUTO_INCREMENT=20;

--
-- AUTO_INCREMENT for table `sales`
--
ALTER TABLE `sales`
  MODIFY `sales_id` int(11) NOT NULL AUTO_INCREMENT, AUTO_INCREMENT=7;

--
-- AUTO_INCREMENT for table `users`
--
ALTER TABLE `users`
  MODIFY `id` int(11) NOT NULL AUTO_INCREMENT, AUTO_INCREMENT=42;

--
-- AUTO_INCREMENT for table `user_logs`
--
ALTER TABLE `user_logs`
  MODIFY `id` int(11) NOT NULL AUTO_INCREMENT, AUTO_INCREMENT=1324;
COMMIT;

/*!40101 SET CHARACTER_SET_CLIENT=@OLD_CHARACTER_SET_CLIENT */;
/*!40101 SET CHARACTER_SET_RESULTS=@OLD_CHARACTER_SET_RESULTS */;
/*!40101 SET COLLATION_CONNECTION=@OLD_COLLATION_CONNECTION */;
